condition,shift_mm,margin_scale,case,y,crop_iou,lesion_in_crop,dice,p_max,p_sum,cc_psz
ref,0,1.0,100009_00001,1,1.0,1.0,0.3666082895504962,0.9900636076927185,1912.2574462890625,1.6373435178748597
shift10,10,1.0,100009_00001,1,0.8389320691660209,1.0,0.4565330557001562,0.9889278411865234,2383.9501953125,1.6467144733686934
shift20,20,1.0,100009_00001,1,0.7395781898035454,1.0,0.5364025695931478,0.9874235987663269,2241.656005859375,1.6460756732942585
shift30,30,1.0,100009_00001,1,0.6281194539349931,1.0,0.4907703667240955,0.9900250434875488,2532.34130859375,1.6316088502622648
shift45,45,1.0,100009_00001,1,0.5154208754208754,1.0,0.38188976377952755,0.9912548065185547,2989.770751953125,1.619200220742658
scale0.6,0,0.6,100009_00001,1,0.5004824539129552,1.0,0.6006721662083715,0.9897513389587402,1729.3551025390625,1.6276563411578768
scale0.8,0,0.8,100009_00001,1,0.7245877376901703,1.0,0.5835624809043691,0.9903663396835327,1724.265380859375,1.6286677162276781
scale1.3,0,1.3,100009_00001,1,0.6461361771944216,1.0,0.5200471698113207,0.9906237721443176,2098.6416015625,1.6218811972054408
scale1.6,0,1.6,100009_00001,1,0.46225174890839943,1.0,0.3202725724020443,0.9903476238250732,4370.99462890625,1.6138844929064677
ref,0,1.0,100034_00001,1,1.0,1.0,0.768958742632613,0.9903663396835327,6899.71923828125,1.7841368236685409
ref,0,1.0,100036_00001,0,1.0,,0.0,0.9690910577774048,451.2269592285156,1.431264450513297
ref,0,1.0,100056_00001,1,1.0,1.0,0.5007422633321914,0.9903476238250732,12240.4306640625,1.8557961702830856
ref,0,1.0,100058_00001,1,1.0,1.0,0.7775811209439528,0.9842154383659363,905.7808837890625,1.5427032712614592
ref,0,1.0,100062_00001,0,1.0,,0.0,0.814495861530304,226.8140869140625,1.1344352553126262
ref,0,1.0,100073_00001,0,1.0,,0.0,0.9821169972419739,44888.01953125,2.0058843471100873
ref,0,1.0,100085_00001,0,1.0,,0.0,0.9921992421150208,1164.8111572265625,1.541416859462286
ref,0,1.0,100086_00001,1,1.0,1.0,0.7487620536877769,0.9914058446884155,5628.689453125,1.738759645147295
ref,0,1.0,100093_00001,1,1.0,1.0,0.8853132488873673,0.9928923845291138,3305.633056640625,1.6848342908482912
ref,0,1.0,100105_00001,0,1.0,,0.0,0.95743727684021,957.5130615234375,1.4500635416931031
ref,0,1.0,100108_00001,0,1.0,,0.0,0.5039138197898865,134.8050537109375,0.5039138197898865
ref,0,1.0,100110_00001,1,1.0,1.0,0.5663022147462854,0.9940774440765381,2584.37109375,1.6388331342923406
ref,0,1.0,100116_00001,1,1.0,1.0,0.5333333333333333,0.9897712469100952,1480.4246826171875,1.6092015096281267
ref,0,1.0,100140_00001,1,1.0,1.0,0.0,0.9717521667480469,1198.55859375,1.446415803122465
ref,0,1.0,100142_00001,0,1.0,,0.0,0.925499677658081,423.58465576171875,1.363136104197984
ref,0,1.0,100147_00001,0,1.0,,0.0,0.9692951440811157,1476.083251953125,1.475307229218114
ref,0,1.0,100153_00001,1,1.0,1.0,0.78032837610474,0.9852713346481323,30564.986328125,1.9630541928382916
ref,0,1.0,100162_00001,1,1.0,1.0,0.8089653792275365,0.9856629967689514,14048.078125,1.8625592247994964
ref,0,1.0,100163_00001,1,1.0,1.0,0.6639325052730255,0.9883352518081665,4171.78515625,1.6801142288009374
ref,0,1.0,100165_00001,0,1.0,,0.0,0.9680506587028503,514.1152954101562,1.4557903779564234
ref,0,1.0,100167_00001,1,1.0,1.0,0.8149210903873745,0.9928091764450073,3115.63330078125,1.6855770525827614
ref,0,1.0,100176_00001,1,1.0,1.0,0.6795580110497238,0.9903476238250732,3434.9658203125,1.6910623833527203
ref,0,1.0,100198_00001,0,1.0,,0.0,0.7392812371253967,355.2798156738281,1.0329393299030163
ref,0,1.0,100205_00001,1,1.0,1.0,0.724315587433074,0.9901401400566101,4640.2099609375,1.7401112676315658
ref,0,1.0,100261_00001,1,1.0,1.0,0.6433750823994726,0.9916681051254272,3989.518798828125,1.7237517123757136
ref,0,1.0,100267_00001,1,1.0,1.0,0.83062472044133,0.9912716746330261,5978.81884765625,1.7698005207862126
ref,0,1.0,100278_00001,1,1.0,1.0,0.724315587433074,0.9901401400566101,4640.2099609375,1.7401112676315658
ref,0,1.0,100280_00001,0,1.0,,0.0,0.9858549237251282,4527.43310546875,1.6918888598555564
ref,0,1.0,100282_00001,0,1.0,,0.0,0.5432447791099548,436.47332763671875,0.7012067423054121
ref,0,1.0,100286_00001,0,1.0,,0.0,0.978156328201294,1186.1719970703125,1.419483645359587
ref,0,1.0,100292_00001,0,1.0,,0.0,0.9321451187133789,1294.94287109375,1.328759722712999
ref,0,1.0,100319_00001,0,1.0,,0.0,0.8718571662902832,290.03363037109375,1.245259779975662
ref,0,1.0,100325_00001,0,1.0,,0.0,0.9805806875228882,1498.21533203125,1.5699296833924075
ref,0,1.0,100342_00001,0,1.0,,nan,0.08247537165880203,99.65585327148438,0.08247537165880203
ref,0,1.0,100349_00001,0,1.0,,0.0,0.9812389612197876,1467.2880859375,1.5384003820546244
ref,0,1.0,100365_00001,0,1.0,,0.0,0.5308635830879211,561.1259765625,0.6629184956063455
ref,0,1.0,100368_00001,1,1.0,1.0,0.7995112514000611,0.9914058446884155,4372.544921875,1.7332345315155124
ref,0,1.0,100390_00001,0,1.0,,0.0,0.9921385645866394,1583.8206787109375,1.595659420450145
ref,0,1.0,100396_00001,0,1.0,,0.0,0.9776499271392822,1666.0615234375,1.4856305256749258
ref,0,1.0,100403_00001,1,1.0,1.0,0.0,0.36829209327697754,383.001220703125,0.36829209327697754
ref,0,1.0,100412_00001,0,1.0,,0.0,0.9533619284629822,2715.96044921875,1.5137611177084167
ref,0,1.0,100418_00001,1,1.0,1.0,0.0,0.9728566408157349,468.01580810546875,1.4590861786571598
ref,0,1.0,100424_00001,1,1.0,1.0,0.8468684825886368,0.9904035329818726,7103.130859375,1.788417018489025
ref,0,1.0,100448_00001,0,1.0,,0.0,0.9833109378814697,1740.617919921875,1.6151912160361117
ref,0,1.0,100463_00001,1,1.0,1.0,0.7542140337122697,0.9921689629554749,2232.8203125,1.6557302720990486
ref,0,1.0,100480_00001,0,1.0,,nan,0.21502089500427246,113.7961654663086,0.21502089500427246
ref,0,1.0,100506_00001,1,1.0,1.0,0.4726942534699702,0.9905874133110046,5840.53515625,1.732990691536616
ref,0,1.0,100542_00001,1,1.0,1.0,0.4078989276993311,0.9909622073173523,7388.6591796875,1.7573212261029856
ref,0,1.0,100558_00001,0,1.0,,0.0,0.9854124188423157,5645.8828125,1.7424778334361979
ref,0,1.0,100588_00001,1,1.0,1.0,0.8801282655852117,0.9866748452186584,15397.306640625,1.8748785963521408
ref,0,1.0,100589_00001,1,1.0,1.0,0.24352828379674019,0.9561864137649536,5093.72607421875,1.4581653008666506
ref,0,1.0,100601_00001,0,1.0,,0.0,0.9855799674987793,6228.3701171875,1.5679212475674291
ref,0,1.0,100629_00001,1,1.0,1.0,0.23375314861460958,0.9560223817825317,812.8242797851562,1.4291383778717133
ref,0,1.0,100664_00001,1,1.0,1.0,0.8019462391321688,0.9915544390678406,7578.12255859375,1.7602480962729492
ref,0,1.0,100687_00001,1,1.0,1.0,0.8221892943137618,0.9916195869445801,6262.96337890625,1.7775705471110594
ref,0,1.0,100693_00001,0,1.0,,0.0,0.9859904050827026,14989.025390625,1.8583767096113355
ref,0,1.0,100696_00001,0,1.0,,0.0,0.9567152261734009,1646.5699462890625,1.553315401838531
ref,0,1.0,100706_00001,0,1.0,,0.0,0.9611709713935852,1768.2794189453125,1.502473021230353
ref,0,1.0,100722_00001,1,1.0,1.0,0.6711313082994499,0.976669192314148,4648.392578125,1.6954216584160204
ref,0,1.0,100727_00001,1,1.0,1.0,0.8143925899536872,0.9931495785713196,1651.9747314453125,1.6276036889834906
ref,0,1.0,100762_00001,0,1.0,,0.0,0.9603983759880066,1110.068359375,1.4551215386100667
ref,0,1.0,100768_00001,0,1.0,,0.0,0.9737696647644043,24833.251953125,1.9012579857861853
ref,0,1.0,100793_00001,0,1.0,,0.0,0.925567090511322,1951.282958984375,1.3745609265790024
ref,0,1.0,100796_00001,1,1.0,1.0,0.8729937194696441,0.9904406070709229,11629.74609375,1.8505443753536914
ref,0,1.0,100829_00001,0,1.0,,0.0,0.9597243666648865,2367.213134765625,1.5814369215587287
ref,0,1.0,100855_00001,0,1.0,,0.0,0.9542653560638428,802.114013671875,1.4023601067905995
ref,0,1.0,100858_00001,0,1.0,,0.0,0.9892855286598206,1526.1826171875,1.5428118526816335
ref,0,1.0,100860_00001,1,1.0,1.0,0.0,0.9871044158935547,7917.30078125,1.6586501845044455
ref,0,1.0,100868_00001,0,1.0,,0.0,0.967777669429779,4685.4228515625,1.6622003071172784
ref,0,1.0,100875_00001,1,1.0,1.0,0.0,0.9787938594818115,1545.731201171875,1.5232933514399722
ref,0,1.0,100913_00001,1,1.0,1.0,0.5172541743970316,0.993574321269989,4231.56005859375,1.692473301387452
ref,0,1.0,100924_00001,0,1.0,,0.0,0.9475268721580505,513.3909912109375,1.4117936188572708
ref,0,1.0,100927_00001,0,1.0,,nan,0.13307686150074005,53.879581451416016,0.13307686150074005
ref,0,1.0,100930_00001,0,1.0,,0.0,0.9869040250778198,10321.724609375,1.8229495308677213
ref,0,1.0,100943_00001,1,1.0,1.0,0.9402208402081482,0.9912378191947937,4033.154052734375,1.7181967645423655
ref,0,1.0,100964_00001,0,1.0,,0.0,0.9330047965049744,785.9667358398438,1.3766354538110976
ref,0,1.0,100976_00001,1,1.0,1.0,0.4584654407102093,0.9558579325675964,1202.7664794921875,1.5251422672847654
ref,0,1.0,100995_00001,1,1.0,1.0,0.0,0.9774138927459717,1740.7486572265625,1.4990447176745267
ref,0,1.0,100999_00001,0,1.0,,0.0,0.9893474578857422,701.9231567382812,1.497201232027136
ref,0,1.0,101000_00001,1,1.0,1.0,0.0,0.9875444173812866,3776.202880859375,1.6830353011640236
ref,0,1.0,101021_00001,1,1.0,1.0,0.14985994397759103,0.9897116422653198,3470.447021484375,1.7020924818756353
ref,0,1.0,101049_00001,1,1.0,1.0,0.35361344537815126,0.9900057911872864,1821.9979248046875,1.5533558779979184
ref,0,1.0,101056_00001,0,1.0,,0.0,0.8929365277290344,3351.864013671875,1.254006428405309
ref,0,1.0,101064_00001,1,1.0,1.0,0.8412315122245698,0.9904035329818726,3802.02880859375,1.7166310994180152
ref,0,1.0,101078_00001,1,1.0,1.0,0.8394974026550637,0.9896118640899658,12797.1083984375,1.8456543695504721
ref,0,1.0,101086_00001,0,1.0,,nan,0.15077754855155945,475.7694091796875,0.15077754855155945
ref,0,1.0,101094_00001,0,1.0,,0.0,0.9565531015396118,1086.146484375,1.488810474585655
ref,0,1.0,101111_00001,1,1.0,1.0,0.5411290322580645,0.98046875,1787.9228515625,1.5711798110447563
ref,0,1.0,101116_00001,0,1.0,,0.0,0.983502209186554,1797.2752685546875,1.6048906035149937
ref,0,1.0,101123_00001,1,1.0,1.0,0.0,0.9566342234611511,969.9454345703125,1.4955038679895736
ref,0,1.0,101127_00001,1,1.0,1.0,0.7471768300783845,0.991305410861969,4747.97998046875,1.7421345094394725
ref,0,1.0,101129_00001,1,1.0,1.0,0.7891758917589176,0.991455614566803,2007.7989501953125,1.6366629514615558
ref,0,1.0,101133_00001,1,1.0,1.0,0.8527125439816708,0.9885140061378479,11733.654296875,1.8456765613212391
ref,0,1.0,101138_00001,0,1.0,,0.0,0.9742394685745239,5737.06494140625,1.5653529556252235
ref,0,1.0,101139_00001,1,1.0,1.0,0.785212298682284,0.9897513389587402,7186.80615234375,1.790185085959406
ref,0,1.0,101147_00001,1,1.0,1.0,0.862670713201821,0.9911354780197144,7042.15771484375,1.7890964465997696
ref,0,1.0,101163_00001,1,1.0,1.0,0.7397047397047397,0.9925537705421448,2997.72265625,1.6520674737337675
ref,0,1.0,101168_00001,1,1.0,1.0,0.08096523257659946,0.9907855987548828,3964.23095703125,1.6455917699770755
ref,0,1.0,101198_00001,0,1.0,,0.0,0.9722307324409485,3444.81201171875,1.6032890653097818
ref,0,1.0,101219_00001,1,1.0,1.0,0.3723564954682779,0.9892855286598206,2299.8779296875,1.6137008866376998
ref,0,1.0,101220_00001,1,1.0,1.0,0.9060402684563759,0.9915215969085693,4627.4853515625,1.7406761733096323
ref,0,1.0,101234_00001,0,1.0,,0.0,0.9800339937210083,3122.499755859375,1.6748293143702615
ref,0,1.0,101235_00001,0,1.0,,0.0,0.9815420508384705,15753.0732421875,1.8636120072721363
ref,0,1.0,101239_00001,0,1.0,,0.0,0.9458011984825134,785.310791015625,1.358695776775265
ref,0,1.0,101266_00001,1,1.0,1.0,0.6207440100882724,0.9909971952438354,4240.08740234375,1.6738871572723983
ref,0,1.0,101274_00001,1,1.0,1.0,0.6491228070175439,0.9915052056312561,6354.4931640625,1.7536355119046085
ref,0,1.0,101288_00001,0,1.0,,0.0,0.9912548065185547,32377.740234375,1.8837504369160845
ref,0,1.0,101293_00001,0,1.0,,nan,0.3072540760040283,600.157470703125,0.3072540760040283
ref,0,1.0,101319_00001,0,1.0,,0.0,0.975272536277771,6594.3359375,1.6349494794101194
ref,0,1.0,101334_00001,0,1.0,,0.0,0.9293763041496277,945.0770263671875,1.4026231776308464
ref,0,1.0,101342_00001,1,1.0,1.0,0.5670699631772751,0.9890975952148438,1003.7088012695312,1.5343638095331038
ref,0,1.0,101370_00001,0,1.0,,0.0,0.9889705181121826,8204.6474609375,1.779148738903248
ref,0,1.0,101404_00001,1,1.0,1.0,0.07234886025768088,0.9879229664802551,18621.2265625,1.7157465660052906
ref,0,1.0,101406_00001,1,1.0,1.0,0.21435876457353242,0.9851289987564087,1702.4267578125,1.536850314226921
ref,0,1.0,101414_00001,0,1.0,,0.0,0.9910145401954651,2530.755859375,1.5584816597600737
ref,0,1.0,101421_00001,1,1.0,1.0,0.8081570356552338,0.9894702434539795,13904.041015625,1.8658929226204581
ref,0,1.0,101435_00001,0,1.0,,0.0,0.9810764789581299,2652.339111328125,1.491210481275946
ref,0,1.0,101443_00001,0,1.0,,0.0,0.9903476238250732,3563.653564453125,1.6432235462737044
ref,0,1.0,101450_00001,0,1.0,,0.0,0.9642878174781799,940.5515747070312,1.4906622129480445
ref,0,1.0,101451_00001,1,1.0,1.0,0.0,0.9744833707809448,11284.2802734375,1.7816013553870569
ref,0,1.0,101455_00001,0,1.0,,0.0,0.9759693741798401,1037.25927734375,1.5350664502948395
ref,0,1.0,101460_00001,0,1.0,,0.0,0.777722179889679,524.9475708007812,1.1068311076592348
ref,0,1.0,101465_00001,0,1.0,,0.0,0.9674410820007324,780.5300903320312,1.4552991385108212
ref,0,1.0,101469_00001,0,1.0,,0.0,0.9910320043563843,1450.7159423828125,1.570049839271015
ref,0,1.0,101485_00001,1,1.0,1.0,0.0,0.8568721413612366,393.02593994140625,1.2521858850728447
ref,0,1.0,101496_00001,1,1.0,1.0,0.9130824372759857,0.9894906878471375,8471.38671875,1.8082435681378763
ref,0,1.0,101526_00001,0,1.0,,0.0,0.8850365877151489,492.23260498046875,1.244922519587065
ref,0,1.0,101536_00001,1,1.0,1.0,0.8964067660894806,0.9915544390678406,4647.39453125,1.741308116233455
ref,0,1.0,101538_00001,1,1.0,1.0,0.31537916371367825,0.9861246943473816,2245.421142578125,1.5602475887905856
ref,0,1.0,101547_00001,1,1.0,1.0,0.6469104665825978,0.9923192858695984,2143.66552734375,1.6548555082402292
ref,0,1.0,101555_00001,0,1.0,,0.0,0.9742884635925293,1062.0592041015625,1.4630019137588712
ref,0,1.0,101556_00001,0,1.0,,0.0,0.9716985821723938,614.1375732421875,1.4453423318668028
ref,0,1.0,101557_00001,0,1.0,,0.0,0.9928231239318848,5449.19580078125,1.7303653576144076
ref,0,1.0,101567_00001,0,1.0,,0.0,0.9916033148765564,2211.39013671875,1.6300754628328353
ref,0,1.0,101570_00001,0,1.0,,0.0,0.9814534187316895,1917.671142578125,1.5493150953606267
ref,0,1.0,101576_00001,1,1.0,1.0,0.14390088945362134,0.9898107051849365,3177.791748046875,1.611863668746848
ref,0,1.0,101584_00001,1,1.0,1.0,0.36351290176550477,0.9877350926399231,2651.734375,1.6625447938771636
ref,0,1.0,101591_00001,1,1.0,1.0,0.6480965645311049,0.9917643666267395,3585.36962890625,1.7029214281801819
ref,0,1.0,101594_00001,0,1.0,,0.0,0.9891186952590942,7661.27685546875,1.7977326071648536
ref,0,1.0,101601_00001,0,1.0,,0.0,0.982355535030365,3201.197021484375,1.5426588920678055
ref,0,1.0,101604_00001,1,1.0,1.0,0.0,0.9291837811470032,3430.2158203125,1.5015231353775067
ref,0,1.0,101609_00001,0,1.0,,0.0,0.961533784866333,6100.03515625,1.4794734463106907
ref,0,1.0,101613_00001,0,1.0,,0.0,0.9796091914176941,14615.568359375,1.7894504827123947
ref,0,1.0,101635_00001,1,1.0,1.0,0.5988134964775677,0.9930017590522766,3004.1826171875,1.6278202379378084
ref,0,1.0,101663_00001,1,1.0,1.0,0.0,0.7897205948829651,344.4752197265625,1.0994172154157418
ref,0,1.0,101681_00001,0,1.0,,nan,0.47292691469192505,165.06178283691406,0.47292691469192505
ref,0,1.0,101697_00001,1,1.0,1.0,0.8560116140952884,0.9921689629554749,3611.36474609375,1.713707367478936
ref,0,1.0,101700_00001,0,1.0,,0.0,0.9834386706352234,3043.52734375,1.6366861986227952
ref,0,1.0,101701_00001,0,1.0,,0.0,0.9694401025772095,4441.5361328125,1.641561321868023
ref,0,1.0,101722_00001,0,1.0,,0.0,0.9862841367721558,2926.21484375,1.67821864555133
ref,0,1.0,101733_00001,1,1.0,1.0,0.1178925404277517,0.9833430051803589,1535.7886962890625,1.5424222584535496
ref,0,1.0,101736_00001,0,1.0,,0.0,0.9855243563652039,1547.156982421875,1.4940255004644432
ref,0,1.0,101741_00001,0,1.0,,0.0,0.9860442876815796,3935.1787109375,1.691802783263187
ref,0,1.0,101748_00001,0,1.0,,0.0,0.9116528034210205,940.5091552734375,1.3391815900167707
ref,0,1.0,101750_00001,0,1.0,,0.0,0.9912548065185547,3074.808349609375,1.6897371358560327
ref,0,1.0,101754_00001,0,1.0,,0.0,0.9841241240501404,1508.4935302734375,1.4926199686751511
ref,0,1.0,101759_00001,1,1.0,1.0,0.5920235371036286,0.9930961728096008,1958.216552734375,1.638477736879673
ref,0,1.0,101768_00001,0,1.0,,0.0,0.9056565761566162,972.7801513671875,1.3712782280897875
ref,0,1.0,101815_00001,1,1.0,1.0,0.7783114723813043,0.9909272193908691,4657.435546875,1.742231498865626
ref,0,1.0,101821_00001,0,1.0,,0.0,0.9501802921295166,721.6768798828125,1.392224908408613
ref,0,1.0,101837_00001,1,1.0,1.0,0.7031086273140063,0.9937345385551453,3405.59619140625,1.6803480207741666
ref,0,1.0,101838_00001,1,1.0,1.0,0.8606623586429726,0.9931095838546753,4925.63330078125,1.7515200217002562
ref,0,1.0,101848_00001,0,1.0,,0.0,0.9778411984443665,1615.4405517578125,1.4741142040898787
ref,0,1.0,101872_00001,1,1.0,1.0,0.823509194019591,0.9887337684631348,8594.9365234375,1.8006369957632318
ref,0,1.0,101931_00001,1,1.0,1.0,0.6145240032546786,0.9919847846031189,6785.70263671875,1.699941250682123
ref,0,1.0,101940_00001,1,1.0,1.0,0.7618947146323451,0.9923192858695984,4572.849609375,1.7204000941331736
ref,0,1.0,101949_00001,0,1.0,,0.0,0.9492946267127991,1779.876953125,1.4859569542511066
ref,0,1.0,101955_00001,1,1.0,1.0,0.6947572815533981,0.9934991598129272,3027.3916015625,1.647954374242003
ref,0,1.0,101963_00001,0,1.0,,0.0,0.9064049124717712,2550.215576171875,1.4748612910351382
ref,0,1.0,101969_00001,1,1.0,1.0,0.8112532931878058,0.9877586960792542,5069.287109375,1.745926122142934
ref,0,1.0,101976_00001,1,1.0,1.0,0.7144344205412908,0.9923933744430542,2625.9599609375,1.677230309218146
ref,0,1.0,102013_00001,1,1.0,1.0,0.6211993243243243,0.9902915358543396,2305.427978515625,1.6545626739130534
ref,0,1.0,102019_00001,0,1.0,,0.0,0.9626380801200867,237.2784423828125,1.3161078234207797
ref,0,1.0,102024_00001,1,1.0,1.0,0.0,0.9590777158737183,1906.091796875,1.4527392293529373
ref,0,1.0,102026_00001,1,1.0,1.0,0.32639852057327784,0.9891605973243713,4782.36083984375,1.7382913608114956
ref,0,1.0,102035_00001,1,1.0,1.0,0.09777478084962914,0.9890342950820923,2571.33349609375,1.666872452826507
ref,0,1.0,102037_00001,1,1.0,1.0,0.6774193548387096,0.9930961728096008,2169.779296875,1.6367309218279662
ref,0,1.0,102047_00001,0,1.0,,0.0,0.9186993837356567,1027.1328125,1.375874709007636
ref,0,1.0,102082_00001,1,1.0,1.0,0.0007292616226071103,0.9735944867134094,1310.4486083984375,1.486288427376731
ref,0,1.0,102083_00001,1,1.0,1.0,0.5191424196018377,0.990678071975708,2198.962646484375,1.648204985749645
ref,0,1.0,102103_00001,1,1.0,1.0,0.5658153241650294,0.9866748452186584,5767.87109375,1.6776038962299447
ref,0,1.0,102112_00001,1,1.0,1.0,0.809996033320111,0.9892441034317017,2093.7255859375,1.645554073989408
ref,0,1.0,102120_00001,0,1.0,,0.0,0.9720190763473511,3631.56396484375,1.6586388986504492
ref,0,1.0,102128_00001,1,1.0,1.0,0.260707635009311,0.8991213440895081,778.327392578125,1.3328953260126546
ref,0,1.0,102141_00001,1,1.0,1.0,0.8768203883495146,0.9908213019371033,1734.7755126953125,1.6229990224003794
ref,0,1.0,102155_00001,0,1.0,,0.0,0.5166526436805725,3546.23974609375,0.555912884187217
ref,0,1.0,102163_00001,0,1.0,,0.0,0.9025237560272217,226.4387969970703,1.2570410924750395
ref,0,1.0,102171_00001,1,1.0,1.0,0.786003408606732,0.9901401400566101,10405.7138671875,1.835241040313148
ref,0,1.0,102172_00001,0,1.0,,0.0,0.9890342950820923,1328.233642578125,1.5802444751442213
ref,0,1.0,102176_00001,0,1.0,,0.0,0.7271528244018555,317.33624267578125,0.9705396178164202
ref,0,1.0,102205_00001,1,1.0,1.0,0.5510326849809505,0.9898695349693298,5948.359375,1.6224244833512262
ref,0,1.0,102215_00001,0,1.0,,0.0,0.966156005859375,4234.2841796875,1.6699652576157868
ref,0,1.0,102223_00001,0,1.0,,0.0,0.9881079792976379,6996.7626953125,1.7764383159439414
shift10,10,1.0,100034_00001,1,0.7988131921683758,1.0,0.7755830085221642,0.9901592135429382,6772.2744140625,1.7814270499055929
shift10,10,1.0,100036_00001,0,0.8741264865054206,,0.0,0.8751482367515564,286.9593505859375,1.162783459547912
shift10,10,1.0,100056_00001,1,0.8438861562136751,1.0,0.5026886191030545,0.9899671077728271,12809.4375,1.8602450734696196
shift10,10,1.0,100058_00001,1,0.8195670697218264,1.0,0.7812142038946163,0.9824230670928955,952.6658325195312,1.5459079841026453
shift10,10,1.0,100062_00001,0,0.8114568033115236,,0.0,0.9729595184326172,1072.7830810546875,1.5432636914711952
shift10,10,1.0,100073_00001,0,0.8113670385592558,,0.0,0.9807103276252747,47545.03125,2.0086183702919143
shift10,10,1.0,100085_00001,0,0.8039989674107373,,0.0,0.9921233057975769,1806.90478515625,1.5604743771445764
shift10,10,1.0,100086_00001,1,0.8411599940858537,1.0,0.7110893752292456,0.9912548065185547,5245.0810546875,1.7482253443845062
shift10,10,1.0,100093_00001,1,0.8382315722170174,1.0,0.8026096191776665,0.9926967024803162,3868.73828125,1.6904037712931388
shift10,10,1.0,100105_00001,0,0.8583849759525323,,0.0,0.8615382313728333,927.784423828125,1.182433590732599
shift10,10,1.0,100108_00001,0,0.8148260093030559,,0.0,0.6345999836921692,165.6450958251953,0.8247798995363881
shift10,10,1.0,100110_00001,1,0.8245711052001939,1.0,0.6932052161976664,0.993890643119812,2069.175048828125,1.6372480557202833
shift10,10,1.0,100116_00001,1,0.8706284026944726,1.0,0.49540947484392217,0.9909797310829163,1958.8958740234375,1.6151271565729142
shift10,10,1.0,100140_00001,1,0.8781433284457478,1.0,0.02666666666666667,0.9681411385536194,845.7064208984375,1.440794299224684
shift10,10,1.0,100142_00001,0,0.829940119760479,,0.0,0.9481064677238464,1372.96484375,1.4161629584846398
shift10,10,1.0,100147_00001,0,0.8779659107758407,,0.0,0.9601748585700989,1691.02587890625,1.4693417838098837
shift10,10,1.0,100153_00001,1,0.8359377943211674,1.0,0.7468968442796805,0.9851861596107483,33009.671875,1.9668571976465368
shift10,10,1.0,100162_00001,1,0.8522267206477733,1.0,0.8002337814143775,0.9854404330253601,14605.4912109375,1.868980434905174
shift10,10,1.0,100163_00001,1,0.8129688817189954,1.0,0.668808911739503,0.9873262047767639,4733.62109375,1.6897006150781257
shift10,10,1.0,100165_00001,0,0.9114710312592201,,0.0,0.8873999118804932,306.69403076171875,1.274799095747879
shift10,10,1.0,100167_00001,1,0.8337106721836209,1.0,0.6984894259818731,0.9923341274261475,4161.93603515625,1.6910083958855282
shift10,10,1.0,100176_00001,1,0.8030581916830859,1.0,0.624859075535513,0.9908744096755981,3232.698486328125,1.669840768520568
shift10,10,1.0,100198_00001,0,0.8172059529341492,,nan,0.36009514331817627,223.54296875,0.36009514331817627
shift10,10,1.0,100205_00001,1,0.8110255960289804,1.0,0.7315575799584118,0.990044355392456,4816.1015625,1.7447714355071582
shift10,10,1.0,100261_00001,1,0.8461323342009006,1.0,0.6572911434789888,0.9915707111358643,3902.668701171875,1.7206433260274583
shift10,10,1.0,100267_00001,1,0.8281210362058489,1.0,0.7829356669173446,0.990678071975708,7174.62890625,1.7723813051781645
shift10,10,1.0,100278_00001,1,0.8511720694420154,1.0,0.7261031259423057,0.9901019334793091,4669.0458984375,1.7412689988495753
shift10,10,1.0,100280_00001,0,0.8256013745704467,,0.0,0.9847817420959473,5368.88330078125,1.7013530048020915
shift10,10,1.0,100282_00001,0,0.8874441608168475,,0.0,0.8433797955513,745.7576904296875,1.191827479829911
shift10,10,1.0,100286_00001,0,0.8209394787218377,,0.0,0.9751545190811157,1057.1116943359375,1.5093430949338733
shift10,10,1.0,100292_00001,0,0.8866546908500899,,0.0,0.8894329071044922,200.18258666992188,1.1828654854445926
shift10,10,1.0,100319_00001,0,0.8657485888048094,,0.0,0.9715369939804077,551.4503173828125,1.4635710181247577
shift10,10,1.0,100325_00001,0,0.8508346113047431,,0.0,0.9683213829994202,1065.426025390625,1.5120245921394544
shift10,10,1.0,100342_00001,0,0.8951337275538437,,nan,0.38338154554367065,116.32601165771484,0.38338154554367065
shift10,10,1.0,100349_00001,0,0.8002728694082604,,0.0,0.985042929649353,1027.745849609375,1.53671604213221
shift10,10,1.0,100365_00001,0,0.8557512922118178,,0.0,0.8996515870094299,911.788818359375,1.3334388045530814
shift10,10,1.0,100368_00001,1,0.9405034324942791,1.0,0.7969197354131701,0.991305410861969,4829.5595703125,1.7368206643262554
shift10,10,1.0,100390_00001,0,0.8307247061602977,,0.0,0.9785287380218506,1224.11962890625,1.503980511589812
shift10,10,1.0,100396_00001,0,0.8254969040685346,,0.0,0.9621787071228027,4301.34716796875,1.4035091263263269
shift10,10,1.0,100403_00001,1,0.9090616966580977,1.0,0.0,0.6119328737258911,566.51806640625,0.8066029782650083
shift10,10,1.0,100412_00001,0,0.7997561991907532,,0.0,0.9800530076026917,2425.56298828125,1.610963924270784
shift10,10,1.0,100418_00001,1,0.8341411613798614,1.0,0.0,0.12581531703472137,100.9539794921875,0.12581531703472137
shift10,10,1.0,100424_00001,1,0.8422383614608914,1.0,0.8673804599099647,0.9893062710762024,7583.857421875,1.7963875937066094
shift10,10,1.0,100448_00001,0,0.7971093883525354,,0.0,0.9566342234611511,1116.574951171875,1.521584507180662
shift10,10,1.0,100463_00001,1,0.8300946804830316,1.0,0.7701911822083496,0.9928786158561707,2202.959228515625,1.6581310826711786
shift10,10,1.0,100480_00001,0,0.8548858888458791,,0.0,0.9568363428115845,1418.144287109375,1.473707699419927
shift10,10,1.0,100506_00001,1,0.8476546135316296,1.0,0.47946093041337307,0.9898107051849365,5843.87548828125,1.73598736486155
shift10,10,1.0,100542_00001,1,0.8931128759276136,1.0,0.4522342064714946,0.9911527037620544,5742.7060546875,1.7468905341190133
shift10,10,1.0,100558_00001,0,0.8731434060335657,,0.0,0.9850141406059265,7513.9873046875,1.7576228411970394
shift10,10,1.0,100588_00001,1,0.8507286333202048,1.0,0.8660427895902914,0.9873018264770508,13610.4521484375,1.862506783344493
shift10,10,1.0,100589_00001,1,0.820370856194644,1.0,0.2968299711815562,0.9454497694969177,3347.302978515625,1.422425378221589
shift10,10,1.0,100601_00001,0,0.8564632723372818,,0.0,0.9813465476036072,16550.23046875,1.8684388128845542
shift10,10,1.0,100629_00001,1,0.8782231852654387,1.0,0.0,0.9857181310653687,921.7791748046875,1.4897011405515044
shift10,10,1.0,100664_00001,1,0.8817506050739938,1.0,0.8244609956879655,0.9920312166213989,7351.48291015625,1.7715712611866992
shift10,10,1.0,100687_00001,1,0.8397739970680542,1.0,0.8138512275558812,0.9910320043563843,6381.50537109375,1.7787019492612297
shift10,10,1.0,100693_00001,0,0.8963753272092004,,0.0,0.986828088760376,14745.0810546875,1.8560656870334291
shift10,10,1.0,100696_00001,0,0.8919568657632806,,0.0,0.9315870404243469,6926.4638671875,1.593918782664218
shift10,10,1.0,100706_00001,0,0.8211089908664801,,0.0,0.9764007329940796,3769.864501953125,1.6677550618209227
shift10,10,1.0,100722_00001,1,0.8550439471232698,1.0,0.741001564945227,0.9519079327583313,4970.060546875,1.6349433430413318
shift10,10,1.0,100727_00001,1,0.7640044215674233,1.0,0.8336434685522888,0.9929336309432983,1526.681640625,1.6190893085087457
shift10,10,1.0,100762_00001,0,0.7812670572395474,,0.0,0.9410611987113953,1507.605224609375,1.4396039257236517
shift10,10,1.0,100768_00001,0,0.8887069646332638,,0.0,0.9840323328971863,24870.84375,1.899206397466387
shift10,10,1.0,100793_00001,0,0.7864587129217987,,0.0,0.9588471055030823,1750.008544921875,1.4566919228100763
shift10,10,1.0,100796_00001,1,0.828470515970516,1.0,0.8720683975213742,0.9909096360206604,11343.0791015625,1.8482890518871922
shift10,10,1.0,100829_00001,0,0.8622653842562331,,0.0,0.9554024338722229,3331.4140625,1.5745278647946188
shift10,10,1.0,100855_00001,0,0.7995068017611199,,0.0,0.9851003289222717,2014.2119140625,1.5374529386059026
shift10,10,1.0,100858_00001,0,0.7974268164562577,,0.0,0.9657061100006104,621.7749633789062,1.4194664996350526
shift10,10,1.0,100860_00001,1,0.817326750513532,1.0,0.0,0.9705485105514526,5947.986328125,1.5973325868203954
shift10,10,1.0,100868_00001,0,0.8498448317020769,,0.0,0.9851576089859009,6629.92138671875,1.7511269319747875
shift10,10,1.0,100875_00001,1,0.808708666955647,1.0,0.0,0.9829219579696655,1432.816162109375,1.5175217791381843
shift10,10,1.0,100913_00001,1,0.8965272856130404,1.0,0.45429362880886426,0.993574321269989,5395.91845703125,1.6904289628780642
shift10,10,1.0,100924_00001,0,0.8542085117671581,,0.0,0.9149009585380554,390.83477783203125,1.313150928873263
shift10,10,1.0,100927_00001,0,0.8341268729869766,,nan,0.41697466373443604,73.81156921386719,0.41697466373443604
shift10,10,1.0,100930_00001,0,0.8375822614912076,,0.0,0.9856352806091309,10598.275390625,1.8243540625449024
shift10,10,1.0,100943_00001,1,0.8960049415342994,1.0,0.9302098584675451,0.991305410861969,4243.87353515625,1.7226027199520966
shift10,10,1.0,100964_00001,0,0.8801654711085685,,0.0,0.5647886991500854,321.9623107910156,0.6822066153330476
shift10,10,1.0,100976_00001,1,0.7923004523787838,1.0,0.402972749793559,0.976669192314148,1665.8226318359375,1.5891921657425383
shift10,10,1.0,100995_00001,1,0.8312997873058431,1.0,0.0,0.9536217451095581,1935.8292236328125,1.4695013973797828
shift10,10,1.0,100999_00001,0,0.880092123985976,,0.0,0.9787938594818115,616.347900390625,1.4598435196065527
shift10,10,1.0,101000_00001,1,0.8826609287369099,1.0,0.0,0.8487842679023743,1310.66064453125,1.2523692484846465
shift10,10,1.0,101021_00001,1,0.8419194466460119,1.0,0.11599657827202738,0.9906600117683411,3576.374755859375,1.7080811037729482
shift10,10,1.0,101049_00001,1,0.8745768094243341,1.0,0.28848728246318606,0.982355535030365,1851.2275390625,1.5076054801298222
shift10,10,1.0,101056_00001,0,0.8785699266982302,,0.0,0.9858275651931763,7732.1982421875,1.6274313689231434
shift10,10,1.0,101064_00001,1,0.8150871459694989,1.0,0.7970268724985706,0.9907140731811523,4161.95458984375,1.718685122278432
shift10,10,1.0,101078_00001,1,0.8277830022634399,1.0,0.8567666954192582,0.9894702434539795,12269.279296875,1.8460311718747286
shift10,10,1.0,101086_00001,0,0.901823608069611,,0.0,0.7459539771080017,2247.719482421875,1.1293188211003575
shift10,10,1.0,101094_00001,0,0.8912679698790599,,0.0,0.6888871788978577,833.4954833984375,0.9060873997091274
shift10,10,1.0,101111_00001,1,0.8362508360432667,1.0,0.4770992366412214,0.9702116250991821,1912.921875,1.5417076592614747
shift10,10,1.0,101116_00001,0,0.9283913733544954,,0.0,0.9791557192802429,1458.521240234375,1.58781428869671
shift10,10,1.0,101123_00001,1,0.8268673794114492,1.0,0.0,0.8183016180992126,615.7095947265625,1.1131016713722675
shift10,10,1.0,101127_00001,1,0.9185564159292036,1.0,0.7630293159609121,0.9913892149925232,4560.23291015625,1.7382984393962713
shift10,10,1.0,101129_00001,1,0.8975216365066876,1.0,0.82,0.9914721846580505,1946.8536376953125,1.6422996060228219
shift10,10,1.0,101133_00001,1,0.8348933822895658,1.0,0.8406570146473626,0.9889278411865234,10925.2177734375,1.8375137074429146
shift10,10,1.0,101138_00001,0,0.9148899685624464,,0.0,0.90320885181427,4741.0693359375,1.5209212182703253
shift10,10,1.0,101139_00001,1,0.8214975147112309,1.0,0.7979833345003852,0.9891397356987,7800.068359375,1.7989027519724805
shift10,10,1.0,101147_00001,1,0.8765154398556722,1.0,0.853518574448807,0.991169810295105,7267.048828125,1.78841064738726
shift10,10,1.0,101163_00001,1,0.7838926174496644,1.0,0.7611082070047046,0.9926256537437439,2515.736083984375,1.6503235071650382
shift10,10,1.0,101168_00001,1,0.7705463713289419,1.0,0.05441354292623942,0.9918279647827148,2360.7900390625,1.6626552760416657
shift10,10,1.0,101198_00001,0,0.886997323306354,,0.0,0.9848983883857727,2820.58447265625,1.6127712408221473
shift10,10,1.0,101219_00001,1,0.9013716525146963,1.0,0.30341075538815654,0.9877113699913025,1595.443603515625,1.5921363127001624
shift10,10,1.0,101220_00001,1,0.7617264508523324,1.0,0.9059254734270006,0.9914391040802002,4594.7666015625,1.7402307031397148
shift10,10,1.0,101234_00001,0,0.9183469910621737,,0.0,0.9811487793922424,3736.7119140625,1.6939242812144448
shift10,10,1.0,101235_00001,0,0.8230189758748927,,0.0,0.9812389612197876,14567.734375,1.8557806566530684
shift10,10,1.0,101239_00001,0,0.853680047042742,,0.0,0.9861780405044556,2463.65625,1.590156903365103
shift10,10,1.0,101266_00001,1,0.8147212169974162,1.0,0.6254681647940075,0.9904406070709229,4278.27490234375,1.683536178772609
shift10,10,1.0,101274_00001,1,0.878566894580784,1.0,0.6412252071303038,0.9912378191947937,8178.7060546875,1.753320317576485
shift10,10,1.0,101288_00001,0,0.790127539126438,,0.0,0.9921841025352478,24660.373046875,1.8743902666343086
shift10,10,1.0,101293_00001,0,0.8193688792165397,,0.0,0.9270997643470764,1189.8929443359375,1.3638386302775414
shift10,10,1.0,101319_00001,0,0.8156692177250555,,0.0,0.9846346974372864,5028.61328125,1.6085181136296345
shift10,10,1.0,101334_00001,0,0.8594203405237213,,nan,0.2733803689479828,168.5873565673828,0.2733803689479828
shift10,10,1.0,101342_00001,1,0.8124856834777556,1.0,0.4603960396039604,0.9841850996017456,1132.817138671875,1.5041990792649267
shift10,10,1.0,101370_00001,0,0.8184011151564441,,0.0,0.9877822995185852,9031.181640625,1.8003579494111674
shift10,10,1.0,101404_00001,1,0.9291041783623386,1.0,0.19369142396452685,0.987616240978241,11694.4306640625,1.666582554866506
shift10,10,1.0,101406_00001,1,0.8042131350681536,1.0,0.3772420443587271,0.9890342950820923,2001.883544921875,1.6178107636829813
shift10,10,1.0,101414_00001,0,0.8076310249995597,,0.0,0.9777776002883911,1832.8157958984375,1.5677251893793742
shift10,10,1.0,101421_00001,1,0.8168175508892368,1.0,0.8138879398701743,0.9894906878471375,13627.423828125,1.8682504864495402
shift10,10,1.0,101435_00001,0,0.9007430677218631,,0.0,0.985042929649353,1439.447998046875,1.4676916963970374
shift10,10,1.0,101443_00001,0,0.7747403007539005,,0.0,0.9917163252830505,3642.58203125,1.650091571487975
shift10,10,1.0,101450_00001,0,0.8140569783168273,,0.0,0.8708171844482422,988.742919921875,1.2923324402005836
shift10,10,1.0,101451_00001,1,0.8963642971132424,1.0,0.0,0.9754602313041687,18443.623046875,1.8562555823102882
shift10,10,1.0,101455_00001,0,0.788163565021594,,0.0,0.9537512063980103,672.3231201171875,1.4392098892884118
shift10,10,1.0,101460_00001,0,0.8681110223642172,,0.0,0.5246848464012146,102.75797271728516,0.5912556058159415
shift10,10,1.0,101465_00001,0,0.8266621130039448,,0.0,0.8474634885787964,235.5959930419922,1.1891666515876846
shift10,10,1.0,101469_00001,0,0.8639783328317785,,0.0,0.9914391040802002,1297.7738037109375,1.5714297929480527
shift10,10,1.0,101485_00001,1,0.773413570542953,1.0,0.0,0.7004852294921875,203.11508178710938,0.9161041501729633
shift10,10,1.0,101496_00001,1,0.8115257515918434,1.0,0.8921055561741454,0.9897116422653198,8512.01953125,1.8058397720420225
shift10,10,1.0,101526_00001,0,0.857781624116544,,0.0,0.8932163119316101,664.6348876953125,1.3038156154508744
shift10,10,1.0,101536_00001,1,0.8315649619714123,1.0,0.8904657205676594,0.9912208914756775,4637.10546875,1.7410953456767717
shift10,10,1.0,101538_00001,1,0.836965838129056,1.0,0.5100463678516228,0.9890130758285522,1556.5836181640625,1.5942345907952675
shift10,10,1.0,101547_00001,1,0.7604819624008933,1.0,0.6968048946295038,0.9917002320289612,1917.90234375,1.6413710977217864
shift10,10,1.0,101555_00001,0,0.8312826159812323,,0.0,0.9462003111839294,1336.214599609375,1.459535631426959
shift10,10,1.0,101556_00001,0,0.8312376998907796,,0.0,0.9572377800941467,793.1597900390625,1.395327504088191
shift10,10,1.0,101557_00001,0,0.7805039559090313,,0.0,0.9938070178031921,4810.16552734375,1.7206256438242158
shift10,10,1.0,101567_00001,0,0.8486228469375514,,0.0,0.9889918565750122,2013.26904296875,1.6141261718007247
shift10,10,1.0,101570_00001,0,0.8459430361162767,,0.0,0.9806919097900391,1473.4095458984375,1.548986025237801
shift10,10,1.0,101576_00001,1,0.8949304987735077,1.0,0.10391590434922163,0.9897513389587402,3036.7529296875,1.5976310430029552
shift10,10,1.0,101584_00001,1,0.9134732469020844,1.0,0.33160406723386593,0.9852997064590454,3072.494873046875,1.6756156426339248
shift10,10,1.0,101591_00001,1,0.8276150627615063,1.0,0.5947060845651426,0.9919067621231079,4065.991455078125,1.6967142738191034
shift10,10,1.0,101594_00001,0,0.8214306472879007,,0.0,0.9892441034317017,8616.9052734375,1.8050884958853097
shift10,10,1.0,101601_00001,0,0.8801780733680046,,0.0,0.9722307324409485,1709.8629150390625,1.4892905317570209
shift10,10,1.0,101604_00001,1,0.922447678742165,1.0,0.0,0.9581087231636047,5707.40625,1.653687076545685
shift10,10,1.0,101609_00001,0,0.7968739412282881,,0.0,0.9712929129600525,8286.01953125,1.7199895755235568
shift10,10,1.0,101613_00001,0,0.8829147285934008,,0.0,0.983502209186554,17284.23046875,1.8215136683104884
shift10,10,1.0,101635_00001,1,0.8357719130315876,1.0,0.6756463176189441,0.9928786158561707,2135.75439453125,1.6244357044071398
shift10,10,1.0,101663_00001,1,0.8434814991746801,1.0,0.0,0.9189906120300293,563.595947265625,1.356747451677458
shift10,10,1.0,101681_00001,0,0.885850722836397,,0.0,0.8283842206001282,630.8443603515625,1.1797180424523335
shift10,10,1.0,101697_00001,1,0.8285084287644925,1.0,0.8575524566662323,0.9928091764450073,3789.99658203125,1.717797401867336
shift10,10,1.0,101700_00001,0,0.8520180254252124,,0.0,0.9755536317825317,3176.05126953125,1.6007496828294066
shift10,10,1.0,101701_00001,0,0.8854374136877137,,0.0,0.9810583591461182,3354.587890625,1.5924517077771423
shift10,10,1.0,101722_00001,0,0.8139731367338574,,0.0,0.9925969839096069,3110.934326171875,1.6974978793297928
shift10,10,1.0,101733_00001,1,0.8418083367745163,1.0,0.012359550561797753,0.9738444089889526,3084.44384765625,1.5970554592579167
shift10,10,1.0,101736_00001,0,0.8512341561040694,,0.0,0.9844264388084412,1792.35791015625,1.5497482850325939
shift10,10,1.0,101741_00001,0,0.8450650344299924,,0.0,0.982624351978302,4344.27685546875,1.7076033627511065
shift10,10,1.0,101748_00001,0,0.8506163886874547,,0.0,0.8768454790115356,492.3602600097656,1.288586148257073
shift10,10,1.0,101750_00001,0,0.8476889238524893,,0.0,0.986336886882782,2742.84375,1.6576509159776949
shift10,10,1.0,101754_00001,0,0.881812685869917,,0.0,0.9721779823303223,817.2692260742188,1.4313120052121069
shift10,10,1.0,101759_00001,1,0.8178652272331534,1.0,0.6404814697497624,0.9931228756904602,2250.8818359375,1.6496914027253313
shift10,10,1.0,101768_00001,0,0.8279393161525037,,0.0,0.9475754499435425,2834.873046875,1.5062193401732644
shift10,10,1.0,101815_00001,1,0.8743201947480188,1.0,0.7744507277278205,0.9915215969085693,4626.2548828125,1.742317010993343
shift10,10,1.0,101821_00001,0,0.8848465410734455,,0.0,0.958304226398468,1333.869384765625,1.367652248213955
shift10,10,1.0,101837_00001,1,0.8051039577986833,1.0,0.5630552977058746,0.9933330416679382,5272.8662109375,1.6881765857450248
shift10,10,1.0,101838_00001,1,0.8212533202351943,1.0,0.8609056833147604,0.9929609894752502,4903.59912109375,1.7504801758065762
shift10,10,1.0,101848_00001,0,0.8250132498801201,,0.0,0.9436599016189575,683.5176391601562,1.353222339775363
shift10,10,1.0,101872_00001,1,0.8253936751490043,1.0,0.8398781118840913,0.988558292388916,8542.2919921875,1.8027722145723553
shift10,10,1.0,101931_00001,1,0.857335127860027,1.0,0.44176770899808554,0.9921992421150208,9920.0595703125,1.6940297711149213
shift10,10,1.0,101940_00001,1,0.8833305907520158,1.0,0.7407963936889557,0.9918279647827148,4333.4375,1.714244888868236
shift10,10,1.0,101949_00001,0,0.8213997208371075,,0.0,0.778396725654602,743.4231567382812,1.1313887175002468
shift10,10,1.0,101955_00001,1,0.8211773899452982,1.0,0.8622114216281895,0.9935867786407471,2008.218017578125,1.6468725204328276
shift10,10,1.0,101963_00001,0,0.7896022887301648,,0.0,0.9587699174880981,3479.738525390625,1.582534479655284
shift10,10,1.0,101969_00001,1,0.8043926830812077,1.0,0.7566015009728527,0.9873262047767639,5198.74169921875,1.7488444540708021
shift10,10,1.0,101976_00001,1,0.8147705072398205,1.0,0.7523564695801199,0.9925537705421448,2683.768798828125,1.6804920685932916
shift10,10,1.0,102013_00001,1,0.8324956258111296,1.0,0.6320873582528349,0.9906056523323059,2275.50244140625,1.6563802744212173
shift10,10,1.0,102019_00001,0,0.8433060418756675,,0.0,0.9687380790710449,884.7430419921875,1.4733715817209134
shift10,10,1.0,102024_00001,1,0.9043156596794082,1.0,0.0,0.9860711693763733,2236.76171875,1.5643694659889769
shift10,10,1.0,102026_00001,1,0.8083085460044492,1.0,0.3714251809659428,0.9890130758285522,4591.66552734375,1.7323671881944496
shift10,10,1.0,102035_00001,1,0.8973501414972986,1.0,0.09246901811248809,0.9867261648178101,1672.071533203125,1.6166845942486558
shift10,10,1.0,102037_00001,1,0.8679438932603489,1.0,0.7638347622759158,0.9930961728096008,1966.40087890625,1.6462833090305304
shift10,10,1.0,102047_00001,0,0.8954869358669834,,0.0,0.7681249380111694,274.88922119140625,1.02958972496765
shift10,10,1.0,102082_00001,1,0.8525571075923157,1.0,0.0,0.9569571614265442,995.4675903320312,1.4647476494096872
shift10,10,1.0,102083_00001,1,0.8577755342069382,1.0,0.5485180174640266,0.9893885254859924,2581.01904296875,1.655475694899943
shift10,10,1.0,102103_00001,1,0.839092106596413,1.0,0.7014818011796864,0.9851861596107483,4014.12451171875,1.6768499643022334
shift10,10,1.0,102112_00001,1,0.8237063024683624,1.0,0.8059861036878675,0.9888418912887573,2626.086181640625,1.6718636880162556
shift10,10,1.0,102120_00001,0,0.8161350844277674,,0.0,0.9435039758682251,2544.28564453125,1.5800450932494694
shift10,10,1.0,102128_00001,1,0.8102070538118691,1.0,0.2542565266742338,0.9752253890037537,1600.884033203125,1.4973078650532654
shift10,10,1.0,102141_00001,1,0.8615974465031069,1.0,0.6234126984126984,0.9905142784118652,3712.691162109375,1.633500163564445
shift10,10,1.0,102155_00001,0,0.8226202606620092,,0.0,0.8766343593597412,3554.893798828125,1.424283083644272
shift10,10,1.0,102163_00001,0,0.8512341561040694,,0.0,0.8091251850128174,336.7514343261719,1.0698395486282815
shift10,10,1.0,102171_00001,1,0.8234813688098966,1.0,0.7715506149966548,0.9899281859397888,10997.0068359375,1.8422858846737473
shift10,10,1.0,102172_00001,0,0.935102793733931,,0.0,0.9875922799110413,2174.3134765625,1.6502520054544623
shift10,10,1.0,102176_00001,0,0.8280283139909012,,nan,0.15876039862632751,135.66412353515625,0.15876039862632751
shift10,10,1.0,102205_00001,1,0.8587484175341767,1.0,0.3476190476190476,0.9886244535446167,8511.111328125,1.6092937909700977
shift10,10,1.0,102215_00001,0,0.8614744600952076,,0.0,0.9901401400566101,6478.32421875,1.7648445294304484
shift10,10,1.0,102223_00001,0,0.8093138605676495,,0.0,0.9858821630477905,5532.19140625,1.7535182202802637
shift20,20,1.0,100034_00001,1,0.649787971613269,1.0,0.7323999734589609,0.9901401400566101,6630.46044921875,1.7733981346686996
shift20,20,1.0,100036_00001,0,0.802743390886808,,0.0,0.6293760538101196,194.9539794921875,0.797715599199312
shift20,20,1.0,100056_00001,1,0.7174480763828163,1.0,0.47494600431965445,0.9899476170539856,13256.1611328125,1.8647678521552864
shift20,20,1.0,100058_00001,1,0.6941901623336995,1.0,0.6903553299492385,0.9531008005142212,626.280517578125,1.4481441772773522
shift20,20,1.0,100062_00001,0,0.6972228842190852,,0.0,0.9657707214355469,932.716552734375,1.5170779819316838
shift20,20,1.0,100073_00001,0,0.6687663397259312,,0.0,0.9822025299072266,50307.38671875,2.0118770442059124
shift20,20,1.0,100085_00001,0,0.7206086290330401,,0.0,0.9932550191879272,2886.708984375,1.5526258219885487
shift20,20,1.0,100086_00001,1,0.7073437257779355,1.0,0.6517279821627647,0.991355836391449,5953.95556640625,1.7574967076771988
shift20,20,1.0,100093_00001,1,0.6764726129557814,1.0,0.7526300824566392,0.9930693507194519,4219.353515625,1.6927166988877278
shift20,20,1.0,100105_00001,0,0.6675133350266701,,0.0,0.9762653708457947,3282.989013671875,1.4977722368501583
shift20,20,1.0,100108_00001,0,0.7233209831446016,,0.0,0.9202179908752441,581.4937744140625,1.3491950703069748
shift20,20,1.0,100110_00001,1,0.6501595639820935,1.0,0.4751690370715785,0.9943690896034241,3238.854736328125,1.637238178917472
shift20,20,1.0,100116_00001,1,0.7593731402499504,1.0,0.5321578841915447,0.9911527037620544,1519.4259033203125,1.6122508071701163
shift20,20,1.0,100140_00001,1,0.7360645600323026,1.0,0.333692142088267,0.9744591116905212,836.6994018554688,1.4091968235785313
shift20,20,1.0,100142_00001,0,0.6843442172408164,,0.0,0.974531888961792,2463.571044921875,1.499252286151935
shift20,20,1.0,100147_00001,0,0.735626105952484,,0.0,0.9829874038696289,1828.6002197265625,1.5542341255472543
shift20,20,1.0,100153_00001,1,0.7079273338026255,1.0,0.7230708830037833,0.9846641421318054,34690.625,1.9698202359455224
shift20,20,1.0,100162_00001,1,0.6972477064220184,1.0,0.8091112243697809,0.9847817420959473,14510.0546875,1.8663932122337092
shift20,20,1.0,100163_00001,1,0.6662389374084537,1.0,0.6146431030525591,0.9884918928146362,4417.1513671875,1.673863235701681
shift20,20,1.0,100165_00001,0,0.8289592760180996,,0.0,0.6012716889381409,259.671630859375,0.7410587015884101
shift20,20,1.0,100167_00001,1,0.6646966223649509,1.0,0.5713927541682337,0.9924958944320679,5571.1142578125,1.6909034382900334
shift20,20,1.0,100176_00001,1,0.6776632767205013,1.0,0.6,0.9881993532180786,2702.19677734375,1.6527507227136782
shift20,20,1.0,100198_00001,0,0.6769387570910004,,0.0,0.9890764951705933,1703.712158203125,1.6157104346395905
shift20,20,1.0,100205_00001,1,0.695037545292804,1.0,0.749532894089881,0.9901211261749268,4892.84228515625,1.7465535615356835
shift20,20,1.0,100261_00001,1,0.716142602242783,1.0,0.6177024482109228,0.9909622073173523,4310.5712890625,1.7251124169721974
shift20,20,1.0,100267_00001,1,0.690936474559993,1.0,0.7152952743808763,0.9905691146850586,8834.3623046875,1.7754071795874158
shift20,20,1.0,100278_00001,1,0.7003248128795367,1.0,0.7220537699615929,0.990532636642456,4633.82373046875,1.7406778489120458
shift20,20,1.0,100280_00001,0,0.686694574720188,,0.0,0.9900636076927185,5153.681640625,1.697679843185496
shift20,20,1.0,100282_00001,0,0.7870885352780065,,nan,0.42268332839012146,148.83047485351562,0.42268332839012146
shift20,20,1.0,100286_00001,0,0.6793584033637057,,0.0,0.9172285199165344,597.2827758789062,1.3680205467444955
shift20,20,1.0,100292_00001,0,0.795015988532363,,0.0,0.820900559425354,303.76776123046875,1.0320830949175863
shift20,20,1.0,100319_00001,0,0.7160553801311634,,0.0,0.5298336148262024,245.34188842773438,0.5298336148262024
shift20,20,1.0,100325_00001,0,0.7527249365649049,,0.0,0.9816303849220276,2788.37158203125,1.59649310878128
shift20,20,1.0,100342_00001,0,0.8001391072369488,,0.0,0.8289388418197632,1054.92529296875,1.241321702254373
shift20,20,1.0,100349_00001,0,0.6450197107452579,,0.0,0.9677472114562988,670.794189453125,1.4652912774026365
shift20,20,1.0,100365_00001,0,0.7421887334832341,,0.0,0.9870045781135559,2422.997314453125,1.5843028074254497
shift20,20,1.0,100368_00001,1,0.8883928571428571,1.0,0.7743440233236152,0.9912378191947937,5020.685546875,1.7345743140491556
shift20,20,1.0,100390_00001,0,0.6984362194036545,,0.0,0.9770883321762085,1091.4775390625,1.535322986858821
shift20,20,1.0,100396_00001,0,0.7084070901831286,,0.0,0.9307105541229248,4460.212890625,1.3952347598362986
shift20,20,1.0,100403_00001,1,0.7544735429998088,1.0,0.0,0.47180119156837463,847.3050537109375,0.47180119156837463
shift20,20,1.0,100412_00001,0,0.6654780286101774,,0.0,0.8871068358421326,1063.5665283203125,1.3576798514922062
shift20,20,1.0,100418_00001,1,0.6721598366632638,1.0,0.36079545454545453,0.8461332321166992,450.0484619140625,1.223942457082356
shift20,20,1.0,100424_00001,1,0.7200939275573957,1.0,0.8812437193355795,0.9895108342170715,8033.744140625,1.804009835740149
shift20,20,1.0,100448_00001,0,0.67402623645467,,0.0,0.7875229716300964,653.7537841796875,1.1112175727517277
shift20,20,1.0,100463_00001,1,0.6609659224868061,1.0,0.7899285982713266,0.9931095838546753,2381.92822265625,1.6680131155705116
shift20,20,1.0,100480_00001,0,0.7402950025684303,,0.0,0.9515040516853333,1628.600830078125,1.3863186665176495
shift20,20,1.0,100506_00001,1,0.6907767644548273,1.0,0.49028163427211424,0.9893680214881897,5710.08203125,1.744569474116589
shift20,20,1.0,100542_00001,1,0.7762872814259365,1.0,0.42794552989934875,0.9911182522773743,6503.9970703125,1.7506533053373377
shift20,20,1.0,100558_00001,0,0.7996823303207349,,0.0,0.9870545864105225,8723.1328125,1.787696806950381
shift20,20,1.0,100588_00001,1,0.6902546058612323,1.0,0.8788357910361072,0.9871788024902344,14296.076171875,1.8689334519103233
shift20,20,1.0,100589_00001,1,0.6474235224438006,1.0,0.42812232066304656,0.9866748452186584,2674.201171875,1.548847226322459
shift20,20,1.0,100601_00001,0,0.7381926158328198,,0.0,0.9870545864105225,17442.2265625,1.8803584514011074
shift20,20,1.0,100629_00001,1,0.7711309737869346,1.0,0.01287001287001287,0.9875444173812866,1114.33447265625,1.5363719289190556
shift20,20,1.0,100664_00001,1,0.7819109620815159,1.0,0.8924221921515562,0.9921992421150208,6498.13427734375,1.768048159670684
shift20,20,1.0,100687_00001,1,0.7426309532561969,1.0,0.8113586559532505,0.9908919930458069,6422.09326171875,1.7791096698397426
shift20,20,1.0,100693_00001,0,0.7971680447120509,,0.0,0.9860711693763733,17493.15625,1.8671820482468902
shift20,20,1.0,100696_00001,0,0.7686675275272881,,0.0,0.9808576107025146,8191.07421875,1.752704213865131
shift20,20,1.0,100706_00001,0,0.687426975562496,,0.0,0.9646891355514526,5405.9287109375,1.6477668101811802
shift20,20,1.0,100722_00001,1,0.7406636359773973,1.0,0.46124523506988563,0.92950439453125,9819.9638671875,1.5861622973923934
shift20,20,1.0,100727_00001,1,0.6230010320482866,1.0,0.8226442135435328,0.9931228756904602,1625.0982666015625,1.6265042617134917
shift20,20,1.0,100762_00001,0,0.6754536771728749,,0.0,0.9057400226593018,1236.861572265625,1.3361457992399017
shift20,20,1.0,100768_00001,0,0.8290712044871186,,0.0,0.9755536317825317,22087.0390625,1.8765527740535355
shift20,20,1.0,100793_00001,0,0.6841815964409022,,0.0,0.9424538016319275,1191.26806640625,1.4065998094061605
shift20,20,1.0,100796_00001,1,0.6598261492965319,1.0,0.8597377148025324,0.9907140731811523,12466.16796875,1.8503005174223077
shift20,20,1.0,100829_00001,0,0.7745050700144858,,0.0,0.9433997869491577,1350.2509765625,1.4400246454108507
shift20,20,1.0,100855_00001,0,0.6342922595709062,,0.0,0.9150528311729431,933.4449462890625,1.322680114410282
shift20,20,1.0,100858_00001,0,0.6582011548130944,,0.0,0.5760352611541748,128.60476684570312,0.709955167611377
shift20,20,1.0,100860_00001,1,0.6455597069716598,1.0,0.0,0.9915707111358643,6343.09619140625,1.696463006491171
shift20,20,1.0,100868_00001,0,0.7655502392344498,,0.0,0.9863104820251465,10149.935546875,1.7935597585386687
shift20,20,1.0,100875_00001,1,0.6537825976681091,1.0,0.0,0.7100254893302917,639.0765991210938,1.0459807796787568
shift20,20,1.0,100913_00001,1,0.7324593347899976,1.0,0.2820435002529085,0.9936733245849609,8424.783203125,1.7159392788323533
shift20,20,1.0,100924_00001,0,0.7342348963692489,,0.0,0.9567555785179138,936.394775390625,1.445140551433427
shift20,20,1.0,100927_00001,0,0.7064305812540372,,0.0,0.7584211230278015,125.77495574951172,0.9986267597592552
shift20,20,1.0,100930_00001,0,0.6996653184643415,,0.0,0.9813107252120972,7718.19384765625,1.7806433172348983
shift20,20,1.0,100943_00001,1,0.8560026518467109,1.0,0.924097098875074,0.9912885427474976,4434.072265625,1.7281054889425296
shift20,20,1.0,100964_00001,0,0.6959720402908893,,0.0,0.7758595943450928,444.7297058105469,1.0424816538364994
shift20,20,1.0,100976_00001,1,0.668872470229546,1.0,0.17921635434412267,0.9466953873634338,1214.348388671875,1.3965259292340848
shift20,20,1.0,100995_00001,1,0.6734035691249194,1.0,0.0,0.9339748620986938,2793.178955078125,1.395506480037594
shift20,20,1.0,100999_00001,0,0.71549310856496,,0.0,0.9825239777565002,677.8312377929688,1.4882538741570552
shift20,20,1.0,101000_00001,1,0.7407445923460898,1.0,0.0,0.9833109378814697,1972.039794921875,1.5973083874711484
shift20,20,1.0,101021_00001,1,0.7816027088036117,1.0,0.1352577319587629,0.9908567667007446,2675.138427734375,1.6712213311605244
shift20,20,1.0,101049_00001,1,0.7628344825122361,1.0,0.07992007992007992,0.9690617918968201,2327.27294921875,1.395693109420748
shift20,20,1.0,101056_00001,0,0.7967119500492872,,0.0,0.9784671068191528,3606.931640625,1.4591138798496592
shift20,20,1.0,101064_00001,1,0.6894803548795945,1.0,0.7922705314009661,0.9905508756637573,4213.42138671875,1.7130907380279683
shift20,20,1.0,101078_00001,1,0.6628401867033431,1.0,0.8908292729991799,0.9894090890884399,10826.3388671875,1.8369901113180922
shift20,20,1.0,101086_00001,0,0.8379411848220116,,0.0,0.5238770842552185,1471.022216796875,0.6017767449046126
shift20,20,1.0,101094_00001,0,0.755478503712478,,0.0,0.5988401770591736,269.49755859375,0.7478045997722114
shift20,20,1.0,101111_00001,1,0.7043915503745055,1.0,0.4764216366158114,0.9909797310829163,2117.241455078125,1.6151271565729142
shift20,20,1.0,101116_00001,0,0.8681864700909212,,0.0,0.956916868686676,1272.6290283203125,1.5265554285454923
shift20,20,1.0,101123_00001,1,0.6880115722937284,1.0,0.0,0.41917234659194946,168.53079223632812,0.41917234659194946
shift20,20,1.0,101127_00001,1,0.8126084765690611,1.0,0.7762594893029675,0.991305410861969,4514.72802734375,1.7319399076532622
shift20,20,1.0,101129_00001,1,0.749261669382176,1.0,0.7768321513002364,0.9915052056312561,2215.47314453125,1.6434782505522927
shift20,20,1.0,101133_00001,1,0.7440829735464474,1.0,0.834416826003824,0.9890342950820923,10905.123046875,1.8367267172928856
shift20,20,1.0,101138_00001,0,0.8077151839578554,,0.0,0.9844563603401184,4855.4189453125,1.609786400683933
shift20,20,1.0,101139_00001,1,0.6780875467159242,1.0,0.7498165810711666,0.9890342950820923,8512.62109375,1.8010796993119291
shift20,20,1.0,101147_00001,1,0.7712731840015179,1.0,0.8386662679425837,0.9911527037620544,7410.64697265625,1.7816788571832516
shift20,20,1.0,101163_00001,1,0.617167692864904,1.0,0.7502844141069397,0.9919847846031189,1987.73486328125,1.6313292656820597
shift20,20,1.0,101168_00001,1,0.6281370710881203,1.0,0.07275634619228463,0.9935368895530701,2372.81787109375,1.6674662894199477
shift20,20,1.0,101198_00001,0,0.7862375294786826,,0.0,0.9832144975662231,1844.8741455078125,1.5918807694085515
shift20,20,1.0,101219_00001,1,0.7744755625359603,1.0,0.33211757133662306,0.9910666346549988,1400.918212890625,1.6034225825321577
shift20,20,1.0,101220_00001,1,0.6182606418026604,1.0,0.9001129247510522,0.9917484521865845,4511.9619140625,1.738724416498686
shift20,20,1.0,101234_00001,0,0.8393429712978351,,0.0,0.978569746017456,5009.34375,1.669439449655128
shift20,20,1.0,101235_00001,0,0.6805322303802505,,0.0,0.9692078232765198,13089.2939453125,1.8239829184847962
shift20,20,1.0,101239_00001,0,0.7853698562388302,,0.0,0.9789151549339294,2320.885498046875,1.5632421393448213
shift20,20,1.0,101266_00001,1,0.6600416307315207,1.0,0.6800207218097047,0.9883127808570862,3626.752197265625,1.670588301019184
shift20,20,1.0,101274_00001,1,0.7423676930893671,1.0,0.3417302627135814,0.9911354780197144,16034.1572265625,1.737911152806038
shift20,20,1.0,101288_00001,0,0.6647362049719809,,0.0,0.9883352518081665,11827.958984375,1.7769471968774988
shift20,20,1.0,101293_00001,0,0.6794034170793982,,0.0,0.9473810195922852,1137.369140625,1.4091714417886536
shift20,20,1.0,101319_00001,0,0.6671946485267185,,0.0,0.9875444173812866,4283.1103515625,1.582234265351907
shift20,20,1.0,101334_00001,0,0.7083021847919938,,nan,0.06052938848733902,136.99398803710938,0.06052938848733902
shift20,20,1.0,101342_00001,1,0.6655029904766794,1.0,0.48085373509102325,0.9793540239334106,681.2243041992188,1.4846162268655956
shift20,20,1.0,101370_00001,0,0.7303520746877762,,0.0,0.9879229664802551,11266.3017578125,1.8153654899955813
shift20,20,1.0,101404_00001,1,0.8188563568669719,1.0,0.4132578141388714,0.9904775619506836,6804.5439453125,1.6726225947355255
shift20,20,1.0,101406_00001,1,0.685319289005925,1.0,0.26470084004800276,0.9873018264770508,2582.449462890625,1.6200268587000015
shift20,20,1.0,101414_00001,0,0.6574416549098264,,0.0,0.9851576089859009,2178.956787109375,1.636352271162272
shift20,20,1.0,101421_00001,1,0.6765826349090668,1.0,0.8237233719467222,0.9895715713500977,13402.873046875,1.8650524809281468
shift20,20,1.0,101435_00001,0,0.7604193139880662,,0.0,0.9852713346481323,1296.673828125,1.509266495021223
shift20,20,1.0,101443_00001,0,0.6607248960190136,,0.0,0.9921992421150208,3192.424560546875,1.648102814554401
shift20,20,1.0,101450_00001,0,0.6630370223718076,,0.0,0.9746044874191284,1381.3310546875,1.4437395320561295
shift20,20,1.0,101451_00001,1,0.8035904285423222,1.0,0.0,0.9740179777145386,22387.203125,1.8703166326803695
shift20,20,1.0,101455_00001,0,0.6578454598549025,,nan,0.28348374366760254,73.54606628417969,0.28348374366760254
shift20,20,1.0,101460_00001,0,0.6925172646616363,,0.0,0.5162487030029297,128.7335968017578,0.5747208776465321
shift20,20,1.0,101465_00001,0,0.717994826626502,,0.0,0.7210562229156494,234.22903442382812,0.9430071763253861
shift20,20,1.0,101469_00001,0,0.748729531338227,,0.0,0.9850141406059265,1427.78271484375,1.551811186425315
shift20,20,1.0,101485_00001,1,0.6750332183389611,1.0,0.0,0.9247556924819946,342.0155029296875,1.3344575167579393
shift20,20,1.0,101496_00001,1,0.6659143383402081,1.0,0.8859500395614333,0.9894702434539795,8329.0244140625,1.8020678611355632
shift20,20,1.0,101526_00001,0,0.7170855642459888,,0.0,0.9171544313430786,1475.41845703125,1.3378331957582532
shift20,20,1.0,101536_00001,1,0.6945607259567342,1.0,0.9114598193057537,0.9910666346549988,5170.0654296875,1.7528598289993775
shift20,20,1.0,101538_00001,1,0.6979772450169732,1.0,0.3797930614729154,0.9546896815299988,1030.141845703125,1.4445600443174922
shift20,20,1.0,101547_00001,1,0.5595891734040234,1.0,0.6820615796519411,0.9919847846031189,1965.5240478515625,1.644440929707883
shift20,20,1.0,101555_00001,0,0.6889514426460239,,0.0,0.8686040639877319,1693.4151611328125,1.2833453818394085
shift20,20,1.0,101556_00001,0,0.7421565297257703,,0.0,0.9685898423194885,1416.6982421875,1.431072398315227
shift20,20,1.0,101557_00001,0,0.6136384450790532,,0.0,0.9923638105392456,3942.560546875,1.7050052275390566
shift20,20,1.0,101567_00001,0,0.7284435945672885,,0.0,0.9419752359390259,1281.442138671875,1.464179062892629
shift20,20,1.0,101570_00001,0,0.757197428491568,,0.0,0.8431217074394226,1023.8524169921875,1.2211722363583044
shift20,20,1.0,101576_00001,1,0.7389963884076695,1.0,0.1349241301997838,0.9863631129264832,2983.31591796875,1.6231976823986736
shift20,20,1.0,101584_00001,1,0.8430015292805483,1.0,0.4020416175893208,0.9859092831611633,3339.175537109375,1.6881612366383207
shift20,20,1.0,101591_00001,1,0.6903734025902547,1.0,0.6227587431208947,0.9917961359024048,3956.05810546875,1.703248830836829
shift20,20,1.0,101594_00001,0,0.6448159740543169,,0.0,0.9891397356987,9044.21484375,1.807630686336356
shift20,20,1.0,101601_00001,0,0.7562100433613814,,0.0,0.9669452905654907,2638.20751953125,1.5316846052828204
shift20,20,1.0,101604_00001,1,0.8454887515677801,1.0,0.0,0.9775429368019104,7017.11767578125,1.733609856170886
shift20,20,1.0,101609_00001,0,0.641430015749981,,0.0,0.9808392524719238,8720.2216796875,1.7659349095988512
shift20,20,1.0,101613_00001,0,0.7501836102566286,,0.0,0.9848400950431824,18273.791015625,1.8423468397169362
shift20,20,1.0,101635_00001,1,0.7539640121147336,1.0,0.6632653061224489,0.9927672147750854,2300.4091796875,1.6253905106278372
shift20,20,1.0,101663_00001,1,0.7147704364121639,1.0,0.0,0.9646226167678833,1244.2799072265625,1.4904548360460812
shift20,20,1.0,101681_00001,0,0.7867922774179553,,0.0,0.9558579325675964,746.5427856445312,1.461574212291551
shift20,20,1.0,101697_00001,1,0.7263447720099389,1.0,0.8389819670034532,0.9929336309432983,3926.47021484375,1.7224171235521704
shift20,20,1.0,101700_00001,0,0.688591812331215,,0.0,0.7237489819526672,757.7490234375,1.0532325818234685
shift20,20,1.0,101701_00001,0,0.7883401948817675,,0.0,0.9833749532699585,3100.189453125,1.5526775123701368
shift20,20,1.0,101722_00001,0,0.6286995942314902,,0.0,0.9926256537437439,3721.735107421875,1.702193319149063
shift20,20,1.0,101733_00001,1,0.7187384182047291,1.0,0.11250963267403032,0.940298318862915,3477.796875,1.5325024360173443
shift20,20,1.0,101736_00001,0,0.7286899673120443,,0.0,0.9801293015480042,1722.1097412109375,1.4794253110289588
shift20,20,1.0,101741_00001,0,0.7150351916534997,,0.0,0.984752357006073,4302.78173828125,1.7166561574490333
shift20,20,1.0,101748_00001,0,0.6970103518668088,,0.0,0.9411153197288513,529.0801391601562,1.3941300382417252
shift20,20,1.0,101750_00001,0,0.7001908414887517,,0.0,0.9795897603034973,2327.8916015625,1.5930096805051301
shift20,20,1.0,101754_00001,0,0.8033539011807006,,0.0,0.9437118172645569,1142.04248046875,1.485433323816779
shift20,20,1.0,101759_00001,1,0.6730769230769231,1.0,0.6422992814745392,0.9933459758758545,2356.510986328125,1.6522706294035818
shift20,20,1.0,101768_00001,0,0.7281329123500752,,0.0,0.964655876159668,6482.375,1.5659562045658637
shift20,20,1.0,101815_00001,1,0.7433719080993091,1.0,0.7789629904461552,0.9903290271759033,4667.79638671875,1.7400733114360785
shift20,20,1.0,101821_00001,0,0.7328649729693482,,0.0,0.9899863600730896,3078.693603515625,1.5169934249767993
shift20,20,1.0,101837_00001,1,0.6781172105964871,1.0,0.5360147213459516,0.9930961728096008,5242.4765625,1.6826114875158444
shift20,20,1.0,101838_00001,1,0.6443939306974976,1.0,0.8663218619454943,0.9925682544708252,5064.75048828125,1.7540395822796928
shift20,20,1.0,101848_00001,0,0.7478892686570543,,0.0,0.972933828830719,650.90478515625,1.4393949364227285
shift20,20,1.0,101872_00001,1,0.7121256316861502,1.0,0.8519599427753934,0.9881079792976379,8695.0927734375,1.8054320378270488
shift20,20,1.0,101931_00001,1,0.7276898586009926,1.0,0.5307758373890639,0.9921841025352478,7440.91845703125,1.6890694950505056
shift20,20,1.0,101940_00001,1,0.7832709603515585,1.0,0.7499471570492496,0.9917803406715393,6529.017578125,1.7162012044105472
shift20,20,1.0,101949_00001,0,0.6449912731455255,,0.0,0.9826908707618713,3113.100830078125,1.5802491831423155
shift20,20,1.0,101955_00001,1,0.6809549815041887,1.0,0.8543161019045263,0.9933846592903137,1866.8994140625,1.6424300974163895
shift20,20,1.0,101963_00001,0,0.6616259575490503,,0.0,0.9603239297866821,2851.148681640625,1.5885515927361364
shift20,20,1.0,101969_00001,1,0.6564042175721845,1.0,0.7910201386596236,0.9874721169471741,6405.30419921875,1.7752772852978496
shift20,20,1.0,101976_00001,1,0.6629572992857625,1.0,0.7391983342009371,0.9924666285514832,2624.8837890625,1.677311459170254
shift20,20,1.0,102013_00001,1,0.7349774945975095,1.0,0.6422167889160554,0.9903102517127991,2420.650146484375,1.6628927417817958
shift20,20,1.0,102019_00001,0,0.778284233571515,,0.0,0.9770664572715759,881.592041015625,1.4919370739840758
shift20,20,1.0,102024_00001,1,0.7854815292789159,1.0,0.0,0.9888418912887573,1340.409912109375,1.5784343889252335
shift20,20,1.0,102026_00001,1,0.6342735479571581,1.0,0.4781704781704782,0.9859904050827026,3408.86279296875,1.69116010526848
shift20,20,1.0,102035_00001,1,0.8002441252139981,1.0,0.0,0.5605984926223755,275.6760559082031,0.7256624902418172
shift20,20,1.0,102037_00001,1,0.781226343679031,1.0,0.7998509131569139,0.993320107460022,2185.469970703125,1.6590700213809446
shift20,20,1.0,102047_00001,0,0.7336690860613242,,0.0,0.9651520252227783,1263.687744140625,1.524547970310937
shift20,20,1.0,102082_00001,1,0.6991073608812437,1.0,0.07220679342020936,0.7500038743019104,424.44012451171875,1.0786666087570118
shift20,20,1.0,102083_00001,1,0.7391615724991687,1.0,0.5825598436736688,0.991101086139679,2740.332763671875,1.6652885102195107
shift20,20,1.0,102103_00001,1,0.7085675975695713,1.0,0.8163862472567667,0.9862046241760254,3951.793212890625,1.702432683948028
shift20,20,1.0,102112_00001,1,0.7121574644911592,1.0,0.8087487283825026,0.9893680214881897,2905.270263671875,1.6842370483956386
shift20,20,1.0,102120_00001,0,0.6676132614765823,,0.0,0.8619454503059387,1093.935546875,1.3456950070621707
shift20,20,1.0,102128_00001,1,0.6812243177747339,1.0,0.1815269620928991,0.9670699238777161,2149.67822265625,1.479055206497034
shift20,20,1.0,102141_00001,1,0.7417846454504894,1.0,0.8946915351506456,0.990678071975708,2135.253173828125,1.6346074123972898
shift20,20,1.0,102155_00001,0,0.6889740224839002,,0.0,0.9865716695785522,10566.0830078125,1.7383206613632856
shift20,20,1.0,102163_00001,0,0.7240008352846842,,0.0,0.8315537571907043,373.5755615234375,1.082441976056654
shift20,20,1.0,102171_00001,1,0.6847643607539071,1.0,0.7656810268669126,0.9903102517127991,10798.759765625,1.84090406073279
shift20,20,1.0,102172_00001,0,0.8897834931292498,,0.0,0.9720721244812012,1733.7978515625,1.6022590631145344
shift20,20,1.0,102176_00001,0,0.6900195455655999,,nan,0.05733473226428032,74.51081848144531,0.05733473226428032
shift20,20,1.0,102205_00001,1,0.6838557271260659,1.0,0.2756191289496157,0.9903290271759033,11125.349609375,1.607366788263308
shift20,20,1.0,102215_00001,0,0.7487081233937898,,0.0,0.9927812218666077,9361.7060546875,1.8103261211731185
shift20,20,1.0,102223_00001,0,0.6573222483396173,,0.0,0.9842154383659363,6417.96875,1.7573985025519234
shift30,30,1.0,100034_00001,1,0.5258586357609885,0.9143263419836474,0.727743113681327,0.9905508756637573,5675.33056640625,1.7508160150196057
shift30,30,1.0,100036_00001,0,0.7039176051593031,,0.0,0.961533784866333,776.5469970703125,1.443632818412536
shift30,30,1.0,100056_00001,1,0.6157940339150885,1.0,0.4874859075535513,0.9898303151130676,12525.5107421875,1.8568266023252122
shift30,30,1.0,100058_00001,1,0.5691639710164245,1.0,0.7096774193548387,0.9735190272331238,850.6950073242188,1.5024243448050405
shift30,30,1.0,100062_00001,0,0.5742674301111486,,0.0,0.8594869375228882,510.828125,1.276425202814143
shift30,30,1.0,100073_00001,0,0.5592100229881708,,0.0,0.9880158305168152,46959.49609375,1.984286039916356
shift30,30,1.0,100085_00001,0,0.5828614930770328,,0.0,0.9931361675262451,2301.7724609375,1.541475488370767
shift30,30,1.0,100086_00001,1,0.5908682599796713,1.0,0.6875,0.9915215969085693,5386.90576171875,1.7474222249493065
shift30,30,1.0,100093_00001,1,0.5715877363307311,1.0,0.8799199466310874,0.9935243129730225,3258.219970703125,1.688659537765989
shift30,30,1.0,100105_00001,0,0.5762898586204787,,0.0,0.9350505471229553,6319.99072265625,1.3567313627654565
shift30,30,1.0,100108_00001,0,0.5918824791217266,,0.0,0.9851289987564087,537.6001586914062,1.4892151426138764
shift30,30,1.0,100110_00001,1,0.5407609880017683,1.0,0.5831903945111492,0.9943471550941467,2503.1357421875,1.6347119147693503
shift30,30,1.0,100116_00001,1,0.6695373899948233,1.0,0.5057286432160804,0.9904035329818726,1486.1224365234375,1.6048324569239667
shift30,30,1.0,100140_00001,1,0.6520766534934009,1.0,0.17411764705882352,0.941439151763916,905.3652954101562,1.4353342317492153
shift30,30,1.0,100142_00001,0,0.5755490425728648,,0.0,0.9807103276252747,2407.052978515625,1.5660156139601191
shift30,30,1.0,100147_00001,0,0.6493267442040225,,0.0,0.972933828830719,1566.1146240234375,1.5284465094023023
shift30,30,1.0,100153_00001,1,0.5942906757586667,0.9096339113680154,0.7200340384147824,0.9837225079536438,30098.796875,1.9401110818333358
shift30,30,1.0,100162_00001,1,0.5976219486576194,1.0,0.7944765329151207,0.9845160245895386,15134.7255859375,1.8711940796135729
shift30,30,1.0,100163_00001,1,0.5735377816465231,1.0,0.7580847903096789,0.9909797310829163,4398.1416015625,1.7054025845600933
shift30,30,1.0,100165_00001,0,0.7608801427258475,,0.0,0.502166748046875,181.9698944091797,0.5403262107805042
shift30,30,1.0,100167_00001,1,0.5589993706733795,1.0,0.6133808609816287,0.9926256537437439,4867.29443359375,1.6839777962008422
shift30,30,1.0,100176_00001,1,0.552340104553365,0.9578113014574278,0.623714131023281,0.9900828003883362,1867.7498779296875,1.6315829047372095
shift30,30,1.0,100198_00001,0,0.5809538751827839,,0.0,0.988447368144989,2153.499267578125,1.6324035530427248
shift30,30,1.0,100205_00001,1,0.568508671009703,1.0,0.7202754709337654,0.9898892045021057,4628.3984375,1.7390534015599821
shift30,30,1.0,100261_00001,1,0.611593816926884,1.0,0.626580226904376,0.991186797618866,4238.61181640625,1.7258126141686287
shift30,30,1.0,100267_00001,1,0.5793196946066889,1.0,0.6935314071821266,0.9905508756637573,10016.546875,1.780201436763106
shift30,30,1.0,100278_00001,1,0.5963723631349359,1.0,0.7255451090218044,0.9902350902557373,4753.423828125,1.742692127004207
shift30,30,1.0,100280_00001,0,0.6145410977418342,,0.0,0.9890975952148438,5056.50537109375,1.6877643179151736
shift30,30,1.0,100282_00001,0,0.6734704535411562,,0.0,0.5806195735931396,439.2156982421875,0.7195942312079218
shift30,30,1.0,100286_00001,0,0.6033250333677691,,0.0,0.8942365646362305,509.03192138671875,1.3149562832010218
shift30,30,1.0,100292_00001,0,0.7049346296845816,,0.0,0.9806734323501587,959.48193359375,1.5056724936239556
shift30,30,1.0,100319_00001,0,0.6210733461286169,,0.0,0.9344549775123596,504.7066345214844,1.3857773949974657
shift30,30,1.0,100325_00001,0,0.6463195598275335,,0.0,0.9744347929954529,3396.303466796875,1.6285112614803734
shift30,30,1.0,100342_00001,0,0.7196563472383628,,0.0,0.937210738658905,1226.4866943359375,1.4542732467012518
shift30,30,1.0,100349_00001,0,0.52140144977563,,0.0,0.872401773929596,552.8269653320312,1.264229462312221
shift30,30,1.0,100365_00001,0,0.6581143841159797,,0.0,0.9909622073173523,2453.682373046875,1.653970428062801
shift30,30,1.0,100368_00001,1,0.8616071428571429,1.0,0.7651288196524865,0.9910145401954651,4716.54248046875,1.727738147049564
shift30,30,1.0,100390_00001,0,0.5853572143594167,,0.0,0.9909272193908691,1573.331787109375,1.5942216889725527
shift30,30,1.0,100396_00001,0,0.5912100550398423,,0.0,0.9867004752159119,2419.730712890625,1.5693074798977946
shift30,30,1.0,100403_00001,1,0.689122829370325,1.0,0.0,0.7000752091407776,1146.1590576171875,0.9973206010937151
shift30,30,1.0,100412_00001,0,0.5352150688210043,,0.0,0.9840323328971863,6126.244140625,1.7423947477250938
shift30,30,1.0,100418_00001,1,0.567876185532959,1.0,0.0,0.5332037806510925,261.2004699707031,0.5935963480348072
shift30,30,1.0,100424_00001,1,0.6433485475384138,1.0,0.8784209251634778,0.9902350902557373,7653.93310546875,1.7992839803793368
shift30,30,1.0,100448_00001,0,0.5463968647977004,,0.0,0.6889918446540833,658.4415283203125,0.9346855535370996
shift30,30,1.0,100463_00001,1,0.5593278054926532,1.0,0.7951896392229417,0.9928231239318848,2521.241455078125,1.6713345850508723
shift30,30,1.0,100480_00001,0,0.6342774446971263,,0.0,0.9111796617507935,1407.619140625,1.3306439347681907
shift30,30,1.0,100506_00001,1,0.5923903753361642,1.0,0.5184354409084536,0.9898499250411987,5300.71435546875,1.739354864699804
shift30,30,1.0,100542_00001,1,0.6937822928887003,1.0,0.4577999051683262,0.9913892149925232,6524.66552734375,1.7708181796729539
shift30,30,1.0,100558_00001,0,0.6992829569786716,,0.0,0.9831175804138184,8233.630859375,1.7733225238363828
shift30,30,1.0,100588_00001,1,0.5918719535767948,1.0,0.8867138166203586,0.9869794845581055,15002.30859375,1.874326158134309
shift30,30,1.0,100589_00001,1,0.5369712304809324,1.0,0.47055984555984554,0.9905874133110046,3265.0283203125,1.5854043399105022
shift30,30,1.0,100601_00001,0,0.6393259386012332,,0.0,0.9851861596107483,14280.88671875,1.8206809055225328
shift30,30,1.0,100629_00001,1,0.6648462269924376,1.0,0.0,0.9870545864105225,1259.100341796875,1.5690734835240037
shift30,30,1.0,100664_00001,1,0.6937573446185124,1.0,0.9004668222740914,0.9921841025352478,6280.40283203125,1.771903421530194
shift30,30,1.0,100687_00001,1,0.6239638866338144,1.0,0.814136605017396,0.9909622073173523,6385.08203125,1.778686758578662
shift30,30,1.0,100693_00001,0,0.7162112958064415,,0.0,0.9858821630477905,17876.3203125,1.8643865713330388
shift30,30,1.0,100696_00001,0,0.6941236460392085,,0.0,0.9857729077339172,5543.90380859375,1.7024409800692528
shift30,30,1.0,100706_00001,0,0.5725148251131568,,0.0,0.955527126789093,5516.27099609375,1.6582114256092104
shift30,30,1.0,100722_00001,1,0.639078114544597,1.0,0.21438210911895123,0.9619649052619934,13436.3447265625,1.6955558373546797
shift30,30,1.0,100727_00001,1,0.478407152266396,1.0,0.7775143921435828,0.9934738278388977,1803.1768798828125,1.6373533385496875
shift30,30,1.0,100762_00001,0,0.5317270744625611,,0.0,0.9869794845581055,1852.736083984375,1.5465313454035534
shift30,30,1.0,100768_00001,0,0.7605540561185518,,0.0,0.9660279750823975,17731.3125,1.8351293194857665
shift30,30,1.0,100793_00001,0,0.5442141131921797,,0.0,0.9578728675842285,701.21923828125,1.433724132992476
shift30,30,1.0,100796_00001,1,0.558104442331679,1.0,0.8875730544447862,0.9902727007865906,11948.890625,1.8512403311367105
shift30,30,1.0,100829_00001,0,0.6710777126875224,,0.0,0.8922812342643738,1010.864990234375,1.375672925290402
shift30,30,1.0,100855_00001,0,0.5074562907096332,,0.0,0.9051547646522522,765.2828369140625,1.2641412194120254
shift30,30,1.0,100858_00001,0,0.5278775170195042,,0.0,0.9628831148147583,717.0789184570312,1.4184612111993335
shift30,30,1.0,100860_00001,1,0.5323817564156874,1.0,0.0,0.9922143816947937,3855.36572265625,1.7010699201878547
shift30,30,1.0,100868_00001,0,0.65312,,0.0,0.9847817420959473,12916.29296875,1.8235893616638448
shift30,30,1.0,100875_00001,1,0.5349397311616501,1.0,0.0,0.5706603527069092,416.9834289550781,0.6695821684335477
shift30,30,1.0,100913_00001,1,0.6482907299045273,1.0,0.2412808308091735,0.9935368895530701,10041.197265625,1.7832134536289024
shift30,30,1.0,100924_00001,0,0.6251752405497106,,0.0,0.9752489924430847,1669.691162109375,1.5445261408975755
shift30,30,1.0,100927_00001,0,0.5932028836251287,,0.0,0.954562783241272,490.9293518066406,1.429886779554621
shift30,30,1.0,100930_00001,0,0.5954721448603119,,0.0,0.9867261648178101,7468.876953125,1.7859538930424133
shift30,30,1.0,100943_00001,1,0.7775715320536037,1.0,0.9583030303030303,0.9915544390678406,4245.67236328125,1.7304866563845118
shift30,30,1.0,100964_00001,0,0.6051086452489338,,0.0,0.9095059633255005,484.3232727050781,1.2492856907960017
shift30,30,1.0,100976_00001,1,0.5410654487617194,1.0,0.3561847988077496,0.9749168753623962,2268.428955078125,1.6170222919429293
shift30,30,1.0,100995_00001,1,0.5705364444491647,0.9289617486338798,0.0,0.9413313865661621,6917.2939453125,1.6332966415010437
shift30,30,1.0,100999_00001,0,0.6258139810226139,,0.0,0.9886024594306946,675.1978759765625,1.5035836835704335
shift30,30,1.0,101000_00001,1,0.6502259477549106,1.0,0.0,0.5235630869865417,281.8099365234375,0.5828637149225444
shift30,30,1.0,101021_00001,1,0.6638972521818667,1.0,0.40939778557926004,0.9797065258026123,1799.5423583984375,1.5350297858556365
shift30,30,1.0,101049_00001,1,0.6439595971676585,1.0,0.23828435266084194,0.9781771898269653,2866.458740234375,1.5704789163558703
shift30,30,1.0,101056_00001,0,0.6985545646886678,,0.0,0.9244834184646606,876.7216796875,1.3813247588438975
shift30,30,1.0,101064_00001,1,0.5646054334951601,1.0,0.8208823529411765,0.9906056523323059,4029.3798828125,1.7159906627780697
shift30,30,1.0,101078_00001,1,0.5539654989196273,1.0,0.8845215894419739,0.9893474578857422,10859.9951171875,1.8389572686487037
shift30,30,1.0,101086_00001,0,0.7809621289662231,,nan,0.390853613615036,1409.7288818359375,0.390853613615036
shift30,30,1.0,101094_00001,0,0.6775967344735688,,0.0,0.6628510355949402,448.6939697265625,0.8236590898972989
shift30,30,1.0,101111_00001,1,0.5881570192947438,1.0,0.3902314932587128,0.9917484521865845,3024.251708984375,1.631501654894351
shift30,30,1.0,101116_00001,0,0.7989549110683132,,0.0,0.8214741349220276,1161.63916015625,1.2813237493429641
shift30,30,1.0,101123_00001,1,0.5745647236941711,1.0,0.0,0.8629302382469177,1314.6959228515625,1.289562444800574
shift30,30,1.0,101127_00001,1,0.7494263142537042,1.0,0.7806774014436424,0.9912378191947937,4427.37646484375,1.7337865842611069
shift30,30,1.0,101129_00001,1,0.6759045118039951,1.0,0.8180909545227386,0.9917961359024048,1990.908935546875,1.6429491206534395
shift30,30,1.0,101133_00001,1,0.627769731639885,0.9943564822072425,0.8277003484320558,0.9892441034317017,10662.056640625,1.8312716593698712
shift30,30,1.0,101138_00001,0,0.7441005882581793,,0.0,0.9812029004096985,5512.07373046875,1.6143378524937884
shift30,30,1.0,101139_00001,1,0.5704958631170147,1.0,0.7906647807637907,0.9894499182701111,7875.5556640625,1.7970060764995868
shift30,30,1.0,101147_00001,1,0.6796615177758696,1.0,0.8687303172286658,0.9908213019371033,7003.462890625,1.786256299051447
shift30,30,1.0,101163_00001,1,0.486933509758518,1.0,0.6817359855334539,0.9917961359024048,1666.6143798828125,1.6126402021293982
shift30,30,1.0,101168_00001,1,0.4848183482077779,1.0,0.07312851579402856,0.9924958944320679,2165.827880859375,1.646290220270072
shift30,30,1.0,101198_00001,0,0.7234811906591199,,0.0,0.8693822622299194,699.36279296875,1.2648608769868717
shift30,30,1.0,101219_00001,1,0.7020801823329187,1.0,0.2994606256742179,0.9881765246391296,1396.245849609375,1.5943594429041452
shift30,30,1.0,101220_00001,1,0.47175928094591213,1.0,0.9034630707937481,0.9922294020652771,4550.12841796875,1.7407866629185655
shift30,30,1.0,101234_00001,0,0.8060409292918541,,0.0,0.9837850332260132,4949.33447265625,1.671725199013133
shift30,30,1.0,101235_00001,0,0.5685920577617328,,0.0,0.9771101474761963,12047.3056640625,1.830485012671179
shift30,30,1.0,101239_00001,0,0.6884555443292893,,0.0,0.8961604833602905,1490.183837890625,1.312503745216285
shift30,30,1.0,101266_00001,1,0.5444574489906729,1.0,0.6710976072920622,0.9886024594306946,3126.530029296875,1.6571529031303434
shift30,30,1.0,101274_00001,1,0.6666897001472704,1.0,0.3803717472118959,0.9909797310829163,15166.3603515625,1.7493480899914071
shift30,30,1.0,101288_00001,0,0.5283276941904831,,0.0,0.9916195869445801,2963.96826171875,1.4888032034078582
shift30,30,1.0,101293_00001,0,0.5626048297745864,,0.0,0.984752357006073,3320.6279296875,1.6190003146126561
shift30,30,1.0,101319_00001,0,0.5549949545913219,,0.0,0.9909272193908691,4450.66796875,1.666785101976285
shift30,30,1.0,101334_00001,0,0.609688845575385,,0.0,0.9809491038322449,771.8161010742188,1.4937730886478826
shift30,30,1.0,101342_00001,1,0.542646081567682,1.0,0.41973908111174135,0.9739189147949219,902.7847290039062,1.4702547901948106
shift30,30,1.0,101370_00001,0,0.6027798892387881,,0.0,0.9899281859397888,15898.546875,1.825519924791519
shift30,30,1.0,101404_00001,1,0.7625436702649656,1.0,0.40391277766456085,0.9906237721443176,5584.89892578125,1.6772659031071069
shift30,30,1.0,101406_00001,1,0.5602023774413198,1.0,0.10036540803897685,0.9438154101371765,976.3214721679688,1.464521738996427
shift30,30,1.0,101414_00001,0,0.5373534721291574,,0.0,0.879871129989624,675.6199951171875,1.3105456386223737
shift30,30,1.0,101421_00001,1,0.5326084370315735,0.8241849807311739,0.8131753948462178,0.9902915358543396,11254.552734375,1.8369167082606284
shift30,30,1.0,101435_00001,0,0.6907386270306242,,0.0,0.9860174059867859,2691.02734375,1.4974027367759355
shift30,30,1.0,101443_00001,0,0.5169410487685111,,0.0,0.992864727973938,2315.70166015625,1.6534799379321716
shift30,30,1.0,101450_00001,0,0.5335816766864604,,0.0,0.9488699436187744,879.83544921875,1.4096651748268871
shift30,30,1.0,101451_00001,1,0.7200699644395617,1.0,0.0,0.977262556552887,18472.63671875,1.8113011917975614
shift30,30,1.0,101455_00001,0,0.5190573424391308,,0.0,0.7479842901229858,401.33837890625,1.0574113722246072
shift30,30,1.0,101460_00001,0,0.6024885756758245,,0.0,0.972388505935669,462.4476318359375,1.4512477259347023
shift30,30,1.0,101465_00001,0,0.5994937153392547,,0.0,0.9728307723999023,758.224365234375,1.4638328153886473
shift30,30,1.0,101469_00001,0,0.6411861944597506,,0.0,0.9898695349693298,1808.5380859375,1.5699821039508186
shift30,30,1.0,101485_00001,1,0.5158708261841287,1.0,0.0,0.9462500810623169,596.832275390625,1.4213240277266062
shift30,30,1.0,101496_00001,1,0.5627617208345863,1.0,0.868434329278547,0.9893885254859924,8389.48046875,1.8000843094015135
shift30,30,1.0,101526_00001,0,0.6237204376985528,,0.0,0.8919052481651306,1738.29248046875,1.2963717621045732
shift30,30,1.0,101536_00001,1,0.5644471594379963,1.0,0.869216026284567,0.9917002320289612,5624.30078125,1.7519108134261907
shift30,30,1.0,101538_00001,1,0.5580611507904663,1.0,0.0,0.6793914437294006,396.2343444824219,0.9575364232109473
shift30,30,1.0,101547_00001,1,0.41914097162565506,1.0,0.6928016221696519,0.9925537705421448,1936.614013671875,1.6437515187988083
shift30,30,1.0,101555_00001,0,0.5783731924145241,,0.0,0.808672308921814,1363.1783447265625,1.1691384439896804
shift30,30,1.0,101556_00001,0,0.6869396700052524,,0.0,0.9834068417549133,1537.1651611328125,1.4841665567837838
shift30,30,1.0,101557_00001,0,0.5112144819569412,,0.0,0.9753900170326233,3248.6396484375,1.665739195309112
shift30,30,1.0,101567_00001,0,0.6258936507688082,,0.0,0.9676556587219238,1686.387451171875,1.521648321874488
shift30,30,1.0,101570_00001,0,0.6474035487546801,,0.0,0.6220002174377441,591.781494140625,0.7940749763113847
shift30,30,1.0,101576_00001,1,0.6664387014580655,1.0,0.17454632282712512,0.9875444173812866,3115.52978515625,1.6547588034368748
shift30,30,1.0,101584_00001,1,0.6987748099122442,1.0,0.23799405014874628,0.9874721169471741,2921.728271484375,1.6616519652971795
shift30,30,1.0,101591_00001,1,0.5735248204807992,1.0,0.698018811286772,0.9912885427474976,3274.937255859375,1.698361582502305
shift30,30,1.0,101594_00001,0,0.5378011377210711,,0.0,0.9889705181121826,9489.7626953125,1.8106226299752217
shift30,30,1.0,101601_00001,0,0.6688672634564992,,0.0,0.973993182182312,4289.080078125,1.577711826319647
shift30,30,1.0,101604_00001,1,0.7847203498351453,1.0,0.0,0.9801293015480042,6964.71533203125,1.7449033615644838
shift30,30,1.0,101609_00001,0,0.5702851277597386,,0.0,0.9814534187316895,8563.42578125,1.768957246598689
shift30,30,1.0,101613_00001,0,0.6680412475716583,,0.0,0.9858003854751587,19606.015625,1.843446192005639
shift30,30,1.0,101635_00001,1,0.6318220493497022,1.0,0.5399413107270948,0.9929472208023071,3512.020263671875,1.632032804555046
shift30,30,1.0,101663_00001,1,0.5837955496112138,1.0,0.0,0.9707432389259338,3419.257080078125,1.5860304013084554
shift30,30,1.0,101681_00001,0,0.6973211657344716,,nan,0.07456762343645096,140.0178680419922,0.07456762343645096
shift30,30,1.0,101697_00001,1,0.6061253561253561,1.0,0.8366523821527603,0.9929198622703552,4297.17822265625,1.7257546731343196
shift30,30,1.0,101700_00001,0,0.5918312154097999,,0.0,0.9495759606361389,1281.9537353515625,1.506569919836149
shift30,30,1.0,101701_00001,0,0.7262992807311666,,0.0,0.9901401400566101,5243.08203125,1.6650967545642232
shift30,30,1.0,101722_00001,0,0.517503682683863,,0.0,0.9925249218940735,5377.74169921875,1.7120039159560145
shift30,30,1.0,101733_00001,1,0.6123948427304083,1.0,0.17765042979942694,0.9589241147041321,1368.9979248046875,1.4047319659204995
shift30,30,1.0,101736_00001,0,0.6262831224635951,,0.0,0.9935992956161499,1643.86328125,1.5720930557253765
shift30,30,1.0,101741_00001,0,0.6097972028661908,,0.0,0.9887987971305847,5418.779296875,1.7346167381370587
shift30,30,1.0,101748_00001,0,0.594940039848126,,0.0,0.9628831148147583,1198.01708984375,1.5131166694672957
shift30,30,1.0,101750_00001,0,0.6003633175672387,,0.0,0.9748929738998413,2184.302001953125,1.5847232583140127
shift30,30,1.0,101754_00001,0,0.7043644472762026,,0.0,0.9784876704216003,1782.44189453125,1.5925794551260801
shift30,30,1.0,101759_00001,1,0.5592708350844343,1.0,0.537555697008275,0.9937100410461426,2284.149658203125,1.6316347253614303
shift30,30,1.0,101768_00001,0,0.6112414566969295,,0.0,0.9843363761901855,17695.443359375,1.872243364563113
shift30,30,1.0,101815_00001,1,0.6522891195857805,1.0,0.7806610215788036,0.988863468170166,4800.66748046875,1.7423824802085097
shift30,30,1.0,101821_00001,0,0.6601734260237294,,0.0,0.9925393462181091,3617.2236328125,1.5415282553898917
shift30,30,1.0,101837_00001,1,0.5496103117505995,1.0,0.5339953109915874,0.9930289387702942,4926.5498046875,1.6764120185557405
shift30,30,1.0,101838_00001,1,0.5358585004386845,1.0,0.865069106095257,0.9926256537437439,5061.44189453125,1.7542095324938907
shift30,30,1.0,101848_00001,0,0.6228510399163482,,0.0,0.7384804487228394,454.99407958984375,0.989035015836094
shift30,30,1.0,101872_00001,1,0.5927883171387056,1.0,0.8238350748376165,0.9888849258422852,9112.6767578125,1.8031625758432335
shift30,30,1.0,101931_00001,1,0.6275804603087887,1.0,0.6418703506907545,0.9915215969085693,7448.44140625,1.701441747116399
shift30,30,1.0,101940_00001,1,0.72161036110278,1.0,0.27263308893847626,0.9921537041664124,20809.02734375,1.8144509526205357
shift30,30,1.0,101949_00001,0,0.5332551147613112,,0.0,0.9764904975891113,1594.1138916015625,1.5564549205086637
shift30,30,1.0,101955_00001,1,0.5370518679040844,1.0,0.8472607927291088,0.9923933744430542,1805.584716796875,1.6359359328398726
shift30,30,1.0,101963_00001,0,0.5286161084377924,,0.0,0.9107043743133545,2118.0751953125,1.4759712588664171
shift30,30,1.0,101969_00001,1,0.5309948276314753,1.0,0.7765372437927012,0.9867772459983826,6379.22119140625,1.7719760968245837
shift30,30,1.0,101976_00001,1,0.5786241162247365,1.0,0.6947152385838892,0.992061972618103,2695.77880859375,1.6801573417512807
shift30,30,1.0,102013_00001,1,0.6193247876264305,1.0,0.5797567954220315,0.9899281859397888,3288.27099609375,1.6697863887765443
shift30,30,1.0,102019_00001,0,0.6692064236314618,,0.0,0.8374205827713013,329.3730163574219,1.0793388232788548
shift30,30,1.0,102024_00001,1,0.7108515305105102,1.0,0.0,0.9630224108695984,1103.539306640625,1.4434516910335053
shift30,30,1.0,102026_00001,1,0.5203575976899896,1.0,0.42245072836332476,0.9877586960792542,3434.13232421875,1.6834759873675242
shift30,30,1.0,102035_00001,1,0.7215614413512837,1.0,0.0,0.6695287823677063,492.255126953125,0.908903250687525
shift30,30,1.0,102037_00001,1,0.6857025892948521,1.0,0.7424071991001124,0.9932680726051331,2186.972900390625,1.6573604066281524
shift30,30,1.0,102047_00001,0,0.6621222449443308,,0.0,0.9486324787139893,734.60693359375,1.449527677477179
shift30,30,1.0,102082_00001,1,0.5979931332534761,1.0,0.0017969451931716084,0.5268144607543945,270.5609436035156,0.577823260219774
shift30,30,1.0,102083_00001,1,0.6357550347102894,1.0,0.543154089471306,0.990767776966095,3566.488525390625,1.666060894093905
shift30,30,1.0,102103_00001,1,0.5982155619506565,1.0,0.7452158785386683,0.9817007184028625,3407.0576171875,1.665883076540862
shift30,30,1.0,102112_00001,1,0.5901470743358298,1.0,0.8676686217008798,0.9894295334815979,2700.78857421875,1.6660255146338927
shift30,30,1.0,102120_00001,0,0.5286053147570451,,0.0,0.9890553951263428,1781.30517578125,1.5892445904015813
shift30,30,1.0,102128_00001,1,0.5562230880639011,1.0,0.34755134281200634,0.9794329404830933,1456.3690185546875,1.4916452592256355
shift30,30,1.0,102141_00001,1,0.6330273966947835,1.0,0.8754491017964072,0.9883127808570862,1898.8424072265625,1.6166976367692532
shift30,30,1.0,102155_00001,0,0.5694032557639344,,0.0,0.9897712469100952,16472.63671875,1.823546568048503
shift30,30,1.0,102163_00001,0,0.6128763134732425,,0.0,0.9151287078857422,1092.4635009765625,1.3843288571213739
shift30,30,1.0,102171_00001,1,0.5633672525439408,1.0,0.7814713332988678,0.9901782274246216,10872.8876953125,1.8417758558635944
shift30,30,1.0,102172_00001,0,0.8552527123577666,,0.0,0.9799382090568542,1241.594970703125,1.572351841078316
shift30,30,1.0,102176_00001,0,0.5552595190718694,,0.0,0.7054807543754578,418.7935485839844,0.926890833723613
shift30,30,1.0,102205_00001,1,0.5926800792810404,1.0,0.24875330008800234,0.9860979318618774,13100.08984375,1.5968579809389527
shift30,30,1.0,102215_00001,0,0.651204803504883,,0.0,0.991455614566803,7282.59814453125,1.7802129429963267
shift30,30,1.0,102223_00001,0,0.5607956266758305,,0.0,0.9848692417144775,6747.85498046875,1.750070055757052
shift45,45,1.0,100034_00001,1,0.3784748788574343,0.6027965398743927,0.6160407974038016,0.9912716746330261,5774.701171875,1.731505705197684
shift45,45,1.0,100036_00001,0,0.604808131874042,,0.0,0.9377260208129883,1137.615478515625,1.4202103341593602
shift45,45,1.0,100056_00001,1,0.5009747532426215,1.0,0.5283938277003811,0.9905142784118652,10911.7294921875,1.8400542332751966
shift45,45,1.0,100058_00001,1,0.4144070831027636,1.0,0.6524231370505471,0.9767136573791504,1359.03955078125,1.523464163148996
shift45,45,1.0,100062_00001,0,0.4504164643484107,,0.0,0.7032438516616821,387.8218688964844,0.9614669874986067
shift45,45,1.0,100073_00001,0,0.4252633867996645,,0.0,0.9777350425720215,33862.2109375,1.9396009307913167
shift45,45,1.0,100085_00001,0,0.4465799886941775,,0.0,0.9895311594009399,1451.438232421875,1.51861779719698
shift45,45,1.0,100086_00001,1,0.4761189795876416,1.0,0.783449452580691,0.9923785924911499,4141.513671875,1.7266730518647142
shift45,45,1.0,100093_00001,1,0.44052571379041144,1.0,0.9402419209243545,0.9932550191879272,2716.786865234375,1.6826743616116613
shift45,45,1.0,100105_00001,0,0.43762210438180293,,0.0,0.9708817005157471,11231.123046875,1.7664874576119636
shift45,45,1.0,100108_00001,0,0.43223216277167853,,0.0,0.8042522072792053,244.2884521484375,1.041058203325986
shift45,45,1.0,100110_00001,1,0.3797690018668452,0.02710027100271003,0.0,0.4976806938648224,536.2997436523438,0.4976806938648224
shift45,45,1.0,100116_00001,1,0.5494409503843466,1.0,0.5044788273615635,0.9902161359786987,1447.0347900390625,1.6046821694542317
shift45,45,1.0,100140_00001,1,0.532710979319474,1.0,0.0,0.9293122291564941,1104.73193359375,1.4134080806422766
shift45,45,1.0,100142_00001,0,0.45761967880577825,,0.0,0.9898499250411987,2325.331298828125,1.5724084819714976
shift45,45,1.0,100147_00001,0,0.5143063271048265,,0.0,0.9799382090568542,761.5635986328125,1.4811673307772726
shift45,45,1.0,100153_00001,1,0.47679317867670323,0.39388246628131024,0.24042716952087742,0.9789353013038635,12995.0546875,1.7517228610646167
shift45,45,1.0,100162_00001,1,0.4630970404795335,1.0,0.7936003718912218,0.9843062162399292,14728.3974609375,1.86807824728995
shift45,45,1.0,100163_00001,1,0.42640470978795275,1.0,0.5120047135071439,0.9727790951728821,2289.7802734375,1.5982647263437828
shift45,45,1.0,100165_00001,0,0.6560834306552596,,0.0,0.9405171871185303,505.6014404296875,1.3932439888687953
shift45,45,1.0,100167_00001,1,0.4208886603551012,1.0,0.481994459833795,0.992061972618103,7219.38916015625,1.6815570450166815
shift45,45,1.0,100176_00001,1,0.41757530641494517,0.5190488366146766,0.29856225145304377,0.9727790951728821,1886.2373046875,1.4697457643116727
shift45,45,1.0,100198_00001,0,0.4440000454929732,,0.0,0.9853842854499817,2492.359375,1.6038760719823608
shift45,45,1.0,100205_00001,1,0.41789369477453475,1.0,0.7452830188679245,0.9903849363327026,4481.8955078125,1.7313701961497365
shift45,45,1.0,100261_00001,1,0.48990534551622256,1.0,0.5710975962930784,0.9916033148765564,4938.7490234375,1.7353185894040137
shift45,45,1.0,100267_00001,1,0.4296088174096783,1.0,0.6662771675625146,0.9905142784118652,9836.759765625,1.7737277583591875
shift45,45,1.0,100278_00001,1,0.465732120411598,1.0,0.7325811559778306,0.9905874133110046,5061.9833984375,1.743890602317799
shift45,45,1.0,100280_00001,0,0.4648469864584507,,0.0,0.9757854342460632,4074.942626953125,1.6712795002254432
shift45,45,1.0,100282_00001,0,0.5544146244172422,,0.0,0.9269675612449646,533.7116088867188,1.3708757286004276
shift45,45,1.0,100286_00001,0,0.45026231225713637,,0.0,0.9892441034317017,1644.5242919921875,1.5541876125348228
shift45,45,1.0,100292_00001,0,0.5972853638593623,,0.0,0.903037965297699,250.68960571289062,1.2404665754758062
shift45,45,1.0,100319_00001,0,0.4769611038010797,,0.0,0.898499608039856,746.4968872070312,1.2829044484987977
shift45,45,1.0,100325_00001,0,0.5221586854162392,,0.0,0.9599125981330872,1429.501953125,1.472684049052004
shift45,45,1.0,100342_00001,0,0.6117428795528003,,0.0,0.7588682174682617,1156.530517578125,1.073194082387605
shift45,45,1.0,100349_00001,0,0.38687990941900785,,0.0,0.5359030365943909,304.5924377441406,0.6155909365738927
shift45,45,1.0,100365_00001,0,0.5690707387691059,,0.0,0.9914886951446533,3644.40869140625,1.6864138280423953
shift45,45,1.0,100368_00001,1,0.7771778045792538,1.0,0.7992454328832407,0.9915544390678406,4708.74462890625,1.7399807516579433
shift45,45,1.0,100390_00001,0,0.48518719749159095,,0.0,0.9842759370803833,2320.70947265625,1.5605944806320897
shift45,45,1.0,100396_00001,0,0.4501083100598653,,0.0,0.9525741338729858,3979.4560546875,1.51512668948649
shift45,45,1.0,100403_00001,1,0.5521045258305488,1.0,0.0,0.8982321619987488,1744.319580078125,1.3801276100759938
shift45,45,1.0,100412_00001,0,0.3994392662185748,,0.0,0.9869794845581055,8575.380859375,1.7774963584316459
shift45,45,1.0,100418_00001,1,0.42497693846698714,1.0,0.0,0.6123096346855164,294.2718505859375,0.7608563151564754
shift45,45,1.0,100424_00001,1,0.4972959697527976,1.0,0.8617551732734979,0.9906418919563293,7241.9375,1.7925183625776329
shift45,45,1.0,100448_00001,0,0.4047124391334209,,0.0,0.8529967665672302,554.53466796875,1.2407224971020787
shift45,45,1.0,100463_00001,1,0.43234982185360227,1.0,0.7663180670753696,0.992452085018158,2703.101318359375,1.676902298376709
shift45,45,1.0,100480_00001,0,0.5031870615971205,,0.0,0.9469411373138428,1341.996337890625,1.3859657313853426
shift45,45,1.0,100506_00001,1,0.44972588682315306,1.0,0.6628864093652826,0.991101086139679,4121.13037109375,1.7110750315476333
shift45,45,1.0,100542_00001,1,0.5900095618233613,1.0,0.40764609503003824,0.991355836391449,7217.80859375,1.7524888346123295
shift45,45,1.0,100558_00001,0,0.5993839006160994,,0.0,0.9777776002883911,6139.74462890625,1.7303527997970822
shift45,45,1.0,100588_00001,1,0.45844727281306813,1.0,0.8903100410671181,0.9863894581794739,15214.107421875,1.8750738951964674
shift45,45,1.0,100589_00001,1,0.4144672158408689,1.0,0.2885997281025442,0.9831821918487549,4075.04150390625,1.6036363918051653
shift45,45,1.0,100601_00001,0,0.5042312038698079,,0.0,0.9816831350326538,19778.97265625,1.8675111226248813
shift45,45,1.0,100629_00001,1,0.5479771900678012,1.0,0.024320457796852647,0.6232908964157104,400.7855224609375,0.7528712480464628
shift45,45,1.0,100664_00001,1,0.5692854165650889,1.0,0.8747447243022465,0.9921992421150208,6264.00146484375,1.7669869481332148
shift45,45,1.0,100687_00001,1,0.5002202131816458,1.0,0.8298887122416534,0.9908744096755981,6180.4794921875,1.7739170838777345
shift45,45,1.0,100693_00001,0,0.6371673128171933,,0.0,0.9851576089859009,15057.5751953125,1.850890482916411
shift45,45,1.0,100696_00001,0,0.5633707743075926,,0.0,0.9907320141792297,8371.390625,1.7383361330351714
shift45,45,1.0,100706_00001,0,0.44147948956949956,,0.0,0.9767802357673645,5451.98779296875,1.6719689257217207
shift45,45,1.0,100722_00001,1,0.537651887674239,1.0,0.14346645986816595,0.9752018451690674,20675.841796875,1.8662039229247602
shift45,45,1.0,100727_00001,1,0.3374049440180663,1.0,0.8617954070981211,0.9925103187561035,1621.194091796875,1.5945362442821729
shift45,45,1.0,100762_00001,0,0.4050894085281981,,0.0,0.8310059905052185,316.0050354003906,1.148377881609541
shift45,45,1.0,100768_00001,0,0.6823388639557031,,0.0,0.953923225402832,14119.5859375,1.7514979651966565
shift45,45,1.0,100793_00001,0,0.4202386322720557,,0.0,0.9789956212043762,585.4127197265625,1.48915647196999
shift45,45,1.0,100796_00001,1,0.4121073745305565,1.0,0.8940925212615842,0.9901782274246216,12220.158203125,1.8543912386940664
shift45,45,1.0,100829_00001,0,0.5472182798050848,,0.0,0.6209089756011963,469.82977294921875,0.7953290792515733
shift45,45,1.0,100855_00001,0,0.3709090909090909,,0.0,0.9732407331466675,2410.51611328125,1.5579102159395606
shift45,45,1.0,100858_00001,0,0.3936892263551862,,0.0,0.9790157079696655,1168.102783203125,1.553888024511029
shift45,45,1.0,100860_00001,1,0.40638380007250985,1.0,0.0,0.9925537705421448,6561.1357421875,1.7129481046236386
shift45,45,1.0,100868_00001,0,0.5284023668639053,,0.0,0.9835337996482849,9588.255859375,1.7813522468328744
shift45,45,1.0,100875_00001,1,0.38721617035720274,0.9828203292770222,0.0,0.9633687138557434,1353.9912109375,1.4291707926542718
shift45,45,1.0,100913_00001,1,0.5182978723404256,1.0,0.21916515997170033,0.9935368895530701,11352.66015625,1.8025614941333863
shift45,45,1.0,100924_00001,0,0.5150240536495769,,0.0,0.9708540439605713,2031.1798095703125,1.5805079697638487
shift45,45,1.0,100927_00001,0,0.45407962160031534,,nan,0.009840806014835835,24.726200103759766,0.009840806014835835
shift45,45,1.0,100930_00001,0,0.4669039907925377,,0.0,0.9867261648178101,9436.9326171875,1.7872146237384674
shift45,45,1.0,100943_00001,1,0.6906163523859157,1.0,0.9238697587256969,0.9921992421150208,4553.48388671875,1.7345419275068787
shift45,45,1.0,100964_00001,0,0.4221183800623053,,0.0,0.8887588381767273,671.3141479492188,1.2902738648702134
shift45,45,1.0,100976_00001,1,0.40837281250425506,1.0,0.4540367705835332,0.9901019334793091,3151.99462890625,1.6401989277357052
shift45,45,1.0,100995_00001,1,0.4430356277384372,0.39344262295081966,0.0,0.9761745929718018,5711.6875,1.6980315561902088
shift45,45,1.0,100999_00001,0,0.4832365705468223,,0.0,0.8442806601524353,602.7410278320312,1.1685256791738996
shift45,45,1.0,101000_00001,1,0.5001615941557588,1.0,0.07659831121833534,0.940078616142273,1047.3607177734375,1.4554669603100818
shift45,45,1.0,101021_00001,1,0.5491731578289666,1.0,0.1280107047279215,0.987375020980835,2508.14306640625,1.6234369807675793
shift45,45,1.0,101049_00001,1,0.5469468764582537,1.0,0.17090833850610387,0.9837537407875061,3739.53173828125,1.5810743526978275
shift45,45,1.0,101056_00001,0,0.5791007299060008,,0.0,0.9557340741157532,1162.9127197265625,1.399754368775739
shift45,45,1.0,101064_00001,1,0.43715790190840953,1.0,0.8568796068796068,0.9915544390678406,3755.816162109375,1.7151654633157314
shift45,45,1.0,101078_00001,1,0.410149714899317,1.0,0.8765600715866811,0.989591658115387,11154.1318359375,1.842955461256553
shift45,45,1.0,101086_00001,0,0.7017631782769147,,0.0,0.5984882116317749,1954.6781005859375,0.7508105230469079
shift45,45,1.0,101094_00001,0,0.5717075020806922,,0.0,0.940626323223114,1231.7603759765625,1.4038440440205855
shift45,45,1.0,101111_00001,1,0.4807372714911618,1.0,0.42064206420642064,0.9882901906967163,2604.0791015625,1.6083899355839826
shift45,45,1.0,101116_00001,0,0.6479246994783397,,0.0,0.9129031896591187,1229.272705078125,1.3666290657935154
shift45,45,1.0,101123_00001,1,0.4279928186714542,1.0,0.0,0.975669801235199,2132.6162109375,1.5897556306066554
shift45,45,1.0,101127_00001,1,0.6709447439863193,1.0,0.7859737356803577,0.9912716746330261,4424.86767578125,1.7326280901380757
shift45,45,1.0,101129_00001,1,0.5428117652463829,1.0,0.7430013767783387,0.9911527037620544,2472.581787109375,1.6387977664072968
shift45,45,1.0,101133_00001,1,0.49038528292838596,0.8967706537074777,0.8607583965330444,0.9891605973243713,12489.171875,1.8394377277109981
shift45,45,1.0,101138_00001,0,0.634105709525973,,0.0,0.9908389449119568,6359.2158203125,1.649844310937095
shift45,45,1.0,101139_00001,1,0.46476588548918063,1.0,0.8476801867522614,0.9897909760475159,7644.94921875,1.7904376340786972
shift45,45,1.0,101147_00001,1,0.568572100148816,0.8812367086536889,0.7722537878787878,0.9908744096755981,7299.04541015625,1.7569481668591824
shift45,45,1.0,101163_00001,1,0.32494412593528327,0.8631756756756757,0.42421875,0.981577455997467,1138.08544921875,1.478061281887906
shift45,45,1.0,101168_00001,1,0.34101327156847744,1.0,0.04503216583273767,0.9893474578857422,4121.642578125,1.630007233068855
shift45,45,1.0,101198_00001,0,0.6082822784658362,,0.0,0.8157467842102051,968.9249267578125,1.1643751443397403
shift45,45,1.0,101219_00001,1,0.5918524498078619,1.0,0.32609603340292276,0.9921537041664124,1535.7808837890625,1.61489442173771
shift45,45,1.0,101220_00001,1,0.3273639197300291,0.9859534346738503,0.8961748633879781,0.9925393462181091,4627.99658203125,1.7392656527587687
shift45,45,1.0,101234_00001,0,0.6942220311295769,,0.0,0.907230019569397,2483.33935546875,1.516968841475403
shift45,45,1.0,101235_00001,0,0.4560285720584669,,0.0,0.9820482730865479,13679.3505859375,1.8501279586907051
shift45,45,1.0,101239_00001,0,0.5977621003253947,,0.0,0.9587699174880981,1265.71630859375,1.4578494750508983
shift45,45,1.0,101266_00001,1,0.41292829388908514,1.0,0.7765227021040975,0.9879229664802551,2523.26708984375,1.653802472311425
shift45,45,1.0,101274_00001,1,0.5463090959358584,1.0,0.21384860424176377,0.9909447431564331,24265.40234375,1.8099194550121196
shift45,45,1.0,101288_00001,0,0.392344780641367,,0.0,0.992046594619751,1978.422119140625,1.5149240805410218
shift45,45,1.0,101293_00001,0,0.446795165889438,,0.0,0.9825239777565002,7792.9912109375,1.6670004904073854
shift45,45,1.0,101319_00001,0,0.4228867591199703,,0.0,0.990678071975708,4120.05859375,1.6976318233676149
shift45,45,1.0,101334_00001,0,0.4823901782754788,,0.0,0.7954198122024536,665.8547973632812,1.1859518863669662
shift45,45,1.0,101342_00001,1,0.4170445896318978,1.0,0.16829745596868884,0.9833430051803589,1099.9134521484375,1.537760093945703
shift45,45,1.0,101370_00001,0,0.4676304014518602,,0.0,0.9907855987548828,17334.61328125,1.8190841290354616
shift45,45,1.0,101404_00001,1,0.6566260582103127,1.0,0.23356231599607458,0.988469660282135,8272.4326171875,1.6602663040507417
shift45,45,1.0,101406_00001,1,0.41888242977119383,1.0,0.0,0.9751308560371399,716.9945068359375,1.4979633503433354
shift45,45,1.0,101414_00001,0,0.3930448282553852,,0.0,0.9892855286598206,2224.451904296875,1.6403557197854395
shift45,45,1.0,101421_00001,1,0.40654205607476634,0.4170398916779502,0.8046194225721784,0.9922594428062439,5517.10009765625,1.7623537637633628
shift45,45,1.0,101435_00001,0,0.5577279615816095,,0.0,0.9841241240501404,2999.92431640625,1.6208564169492485
shift45,45,1.0,101443_00001,0,0.3920349738065373,,0.0,0.9927532076835632,2076.14794921875,1.6445910180446994
shift45,45,1.0,101450_00001,0,0.3813345425824278,,0.0,0.9919067621231079,1711.994140625,1.5914676515366233
shift45,45,1.0,101451_00001,1,0.589954782648089,1.0,0.0,0.9853842854499817,12189.220703125,1.633673123858108
shift45,45,1.0,101455_00001,0,0.3606227842549614,,0.0,0.6962682008743286,362.1390380859375,0.9412299750069362
shift45,45,1.0,101460_00001,0,0.430678421771977,,0.0,0.7810802459716797,235.10667419433594,1.079944992454492
shift45,45,1.0,101465_00001,0,0.46781340638092167,,0.0,0.6256382465362549,262.83233642578125,0.8320423972292594
shift45,45,1.0,101469_00001,0,0.5271115741304826,,0.0,0.9893474578857422,1555.09130859375,1.574013934818021
shift45,45,1.0,101485_00001,1,0.3792370993137459,0.741991341991342,0.0,0.9855243563652039,1106.6436767578125,1.5231954590847154
shift45,45,1.0,101496_00001,1,0.41196351922904767,1.0,0.8560131795716639,0.9896317720413208,8924.361328125,1.8013574442063804
shift45,45,1.0,101526_00001,0,0.49369124195942604,,0.0,0.9713473320007324,1640.991943359375,1.4651486248834147
shift45,45,1.0,101536_00001,1,0.4449986750424766,1.0,0.9005766553986876,0.992452085018158,4702.1708984375,1.7445439778215353
shift45,45,1.0,101538_00001,1,0.43462513582035495,1.0,0.0,0.9847230911254883,1136.055908203125,1.5556801681226198
shift45,45,1.0,101547_00001,1,0.26429483007438637,0.0,0.0,0.9307735562324524,192.2680206298828,1.2763536549189891
shift45,45,1.0,101555_00001,0,0.46365203136606303,,0.0,0.9237300753593445,1475.176513671875,1.3531760697662552
shift45,45,1.0,101556_00001,0,0.569265104907841,,0.0,0.9482505321502686,1073.895263671875,1.3463041267445004
shift45,45,1.0,101557_00001,0,0.3455926489082169,,0.0,0.9603239297866821,1439.7877197265625,1.5304990130777725
shift45,45,1.0,101567_00001,0,0.48943832223425243,,0.0,0.9509603977203369,3035.40185546875,1.5444551765214225
shift45,45,1.0,101570_00001,0,0.5393205279217949,,0.0,0.9671940207481384,2394.031005859375,1.4408543303134724
shift45,45,1.0,101576_00001,1,0.5274903121393246,1.0,0.17209603104033627,0.9888849258422852,2926.900390625,1.6549748321073916
shift45,45,1.0,101584_00001,1,0.6261450708766362,1.0,0.13344594594594594,0.981788158416748,1993.48291015625,1.5925338536610618
shift45,45,1.0,101591_00001,1,0.4253581002839422,0.85,0.731585518102372,0.9916681051254272,2571.70263671875,1.670332307013076
shift45,45,1.0,101594_00001,0,0.4130820404813972,,0.0,0.9892441034317017,7929.8369140625,1.768892654946431
shift45,45,1.0,101601_00001,0,0.5569721366784735,,0.0,0.9437636137008667,1491.38720703125,1.4010876786783144
shift45,45,1.0,101604_00001,1,0.661788688464615,1.0,0.0,0.9868533611297607,6675.03125,1.7590263827409893
shift45,45,1.0,101609_00001,0,0.4028612829874065,,0.0,0.9634374976158142,9183.2255859375,1.723272483962665
shift45,45,1.0,101613_00001,0,0.5557531104047321,,0.0,0.9852713346481323,18841.66015625,1.8464632871978766
shift45,45,1.0,101635_00001,1,0.5128749319159326,1.0,0.6096331072856894,0.9930152893066406,3193.7919921875,1.643833245889372
shift45,45,1.0,101663_00001,1,0.4607531069046087,1.0,0.0,0.9800912737846375,3015.40966796875,1.5306579342929783
shift45,45,1.0,101681_00001,0,0.5494615565023648,,nan,0.20721471309661865,327.7958068847656,0.20721471309661865
shift45,45,1.0,101697_00001,1,0.4958569644117898,1.0,0.8454168824443293,0.9925969839096069,3810.758544921875,1.718986256817705
shift45,45,1.0,101700_00001,0,0.4556347441837915,,0.0,0.8737544417381287,2212.82958984375,1.4211574558411173
shift45,45,1.0,101701_00001,0,0.6000734986431205,,0.0,0.9891397356987,5493.6025390625,1.630149820480146
shift45,45,1.0,101722_00001,0,0.3696245331402032,,0.0,0.9926826357841492,3768.7265625,1.7049075694571019
shift45,45,1.0,101733_00001,1,0.47454923223451334,1.0,0.2643511818620357,0.9711290597915649,1535.513427734375,1.515137647314558
shift45,45,1.0,101736_00001,0,0.48316777041942605,,0.0,0.9926683902740479,1008.8248291015625,1.560511873688748
shift45,45,1.0,101741_00001,0,0.498831560198187,,0.0,0.9886900782585144,5616.7294921875,1.7431627186166927
shift45,45,1.0,101748_00001,0,0.4601159563061324,,0.0,0.9685006141662598,1381.4718017578125,1.5044647449605977
shift45,45,1.0,101750_00001,0,0.47531903206771936,,0.0,0.9895513653755188,3881.60302734375,1.6519192891820007
shift45,45,1.0,101754_00001,0,0.5944269562463911,,0.0,0.9909622073173523,3014.5087890625,1.6782120238081377
shift45,45,1.0,101759_00001,1,0.4279881871405627,1.0,0.593653376729048,0.9935992956161499,2097.517578125,1.640911871219265
shift45,45,1.0,101768_00001,0,0.4777579380482882,,0.0,0.9863104820251465,13568.833984375,1.844173640435749
shift45,45,1.0,101815_00001,1,0.5376797943386472,1.0,0.7586847482816274,0.9917323589324951,4991.37548828125,1.740569673891553
shift45,45,1.0,101821_00001,0,0.5586038429709183,,0.0,0.9800530076026917,3431.037353515625,1.4374088695899745
shift45,45,1.0,101837_00001,1,0.41783608725197896,0.17657266811279826,0.06412674462466994,0.9692078232765198,2386.2578125,1.4639491628082484
shift45,45,1.0,101838_00001,1,0.3870094722598105,1.0,0.8680116430793937,0.9932680726051331,4979.93310546875,1.7531785983321981
shift45,45,1.0,101848_00001,0,0.5382827439752353,,0.0,0.9244152307510376,777.1475830078125,1.3452787352126536
shift45,45,1.0,101872_00001,1,0.4700981493968682,1.0,0.8506118679288848,0.9899086952209473,8672.013671875,1.8046910075300842
shift45,45,1.0,101931_00001,1,0.5093796017670785,1.0,0.5150328974764721,0.9918279647827148,9817.486328125,1.6999179827563748
shift45,45,1.0,101940_00001,1,0.59540572988743,1.0,0.15667511023548175,0.9923638105392456,37156.2265625,1.9544473912448987
shift45,45,1.0,101949_00001,0,0.36635572037705644,,0.0,0.9798805117607117,1754.352783203125,1.602571030522241
shift45,45,1.0,101955_00001,1,0.3958522733349733,1.0,0.8580645161290322,0.9932418465614319,2143.70947265625,1.6414369058386025
shift45,45,1.0,101963_00001,0,0.40864855980355524,,0.0,0.8278281688690186,6241.0849609375,1.266956334863781
shift45,45,1.0,101969_00001,1,0.37695405580624525,1.0,0.8117154811715481,0.987129271030426,6099.6650390625,1.7653035462226137
shift45,45,1.0,101976_00001,1,0.45384189542649633,0.9563971992361553,0.6841237868522249,0.992061972618103,2453.57861328125,1.6693754671208139
shift45,45,1.0,102013_00001,1,0.504567683509748,1.0,0.530371866060912,0.9899281859397888,4183.380859375,1.6765022313346956
shift45,45,1.0,102019_00001,0,0.5539224880219612,,0.0,0.6884684562683105,430.9505615234375,0.8970894958931406
shift45,45,1.0,102024_00001,1,0.6304683479155945,1.0,0.0,0.9508692026138306,1568.615966796875,1.4846493758017556
shift45,45,1.0,102026_00001,1,0.3720453232968915,0.9748985801217038,0.02214765100671141,0.9854124188423157,4080.5185546875,1.5609373627670144
shift45,45,1.0,102035_00001,1,0.6280200557396707,1.0,0.0,0.9516838788986206,1093.9173583984375,1.4901744607307836
shift45,45,1.0,102037_00001,1,0.5902336377638459,1.0,0.7757345971563981,0.9932680726051331,2151.481689453125,1.6543089366876444
shift45,45,1.0,102047_00001,0,0.526039985098721,,0.0,0.8617710471153259,625.2638549804688,1.2587758078859697
shift45,45,1.0,102082_00001,1,0.44526268522676243,1.0,0.09033078880407125,0.8776341676712036,538.6082763671875,1.2740579307578241
shift45,45,1.0,102083_00001,1,0.5159152598108339,0.9799574317133736,0.39132269772938294,0.9872035384178162,6621.4345703125,1.6806637777936446
shift45,45,1.0,102103_00001,1,0.47836252084822495,1.0,0.6709931170108161,0.982724130153656,2289.771484375,1.6285900216744145
shift45,45,1.0,102112_00001,1,0.4528640894377344,0.6125672043010753,0.5520871143375681,0.991169810295105,3888.0380859375,1.6264380952731412
shift45,45,1.0,102120_00001,0,0.39757693052061155,,0.0,0.9434518814086914,813.4822387695312,1.386755583100177
shift45,45,1.0,102128_00001,1,0.40012284473303206,1.0,0.18466650842629956,0.9498556852340698,2451.33349609375,1.4325304664310587
shift45,45,1.0,102141_00001,1,0.5063234691839822,1.0,0.674954674954675,0.9754602313041687,2486.81494140625,1.5803915912253432
shift45,45,1.0,102155_00001,0,0.43805544003460617,,0.0,0.9922594428062439,14247.6328125,1.8264639415514858
shift45,45,1.0,102163_00001,0,0.48896195195922465,,0.0,0.9149770140647888,948.220703125,1.3793452505318917
shift45,45,1.0,102171_00001,1,0.4503017729158808,1.0,0.7754887534160185,0.9899863600730896,10699.7578125,1.837867781559999
shift45,45,1.0,102172_00001,0,0.7984111780945405,,0.0,0.9639160633087158,1196.409423828125,1.544915986981355
shift45,45,1.0,102176_00001,0,0.43635378251769164,,0.0,0.7947834730148315,586.518798828125,1.121888437782114
shift45,45,1.0,102205_00001,1,0.46193677626015184,1.0,0.18616668875049688,0.9900636076927185,16237.13671875,1.7490716094063665
shift45,45,1.0,102215_00001,0,0.533,,0.0,0.9589625000953674,3277.342529296875,1.6150711136542026
shift45,45,1.0,102223_00001,0,0.4088584242723904,,0.0,0.9837850332260132,7060.39697265625,1.6770038272800438
scale0.6,0,0.6,100034_00001,1,0.5122241310955464,1.0,0.7874902874902875,0.9910145401954651,7054.36181640625,1.788300793097118
scale0.6,0,0.6,100036_00001,0,0.5366752730883814,,0.0,0.9737197160720825,1646.718994140625,1.5292144604311846
scale0.6,0,0.6,100056_00001,1,0.5123552715095537,1.0,0.49523448841759765,0.9900636076927185,10607.318359375,1.8373466687921314
scale0.6,0,0.6,100058_00001,1,0.530761913529105,1.0,0.0,0.8896247744560242,522.8051147460938,1.3390195887326715
scale0.6,0,0.6,100062_00001,0,0.5176691729323308,,0.0,0.8775817155838013,571.0911254882812,1.3208929670364313
scale0.6,0,0.6,100073_00001,0,0.5034276822139042,,0.0,0.986151397228241,3464.037109375,1.640462446012699
scale0.6,0,0.6,100085_00001,0,0.5341377576671694,,0.0,0.9750359654426575,613.6604614257812,1.4559133311664998
scale0.6,0,0.6,100086_00001,1,0.5446939192261305,1.0,0.8300711743772242,0.9911527037620544,3753.859619140625,1.7160604848088132
scale0.6,0,0.6,100093_00001,1,0.5436017465336235,1.0,0.9157509157509157,0.9939847588539124,2906.265625,1.6916708750906586
scale0.6,0,0.6,100105_00001,0,0.5445262822173939,,0.0,0.7075057625770569,153.9445343017578,0.9598015135535248
scale0.6,0,0.6,100108_00001,0,0.5074404761904762,,0.0,0.7364953756332397,158.240478515625,1.0037808675168403
scale0.6,0,0.6,100110_00001,1,0.4865208904981472,1.0,0.5816541353383459,0.9933846592903137,2313.506591796875,1.6242503714600134
scale0.6,0,0.6,100116_00001,1,0.5016898387064133,1.0,0.5672212660164467,0.9921689629554749,1709.2879638671875,1.6300587058009848
scale0.6,0,0.6,100140_00001,1,0.5128499143664336,1.0,0.0,0.584449052810669,344.32171630859375,0.7448444148063216
scale0.6,0,0.6,100142_00001,0,0.541671409059868,,0.0,0.8862728476524353,468.8730163574219,1.2628683989628544
scale0.6,0,0.6,100147_00001,0,0.5706044645096564,,0.0,0.6890964508056641,218.64283752441406,0.8605125630177305
scale0.6,0,0.6,100153_00001,1,0.5341493781642087,1.0,0.7592236740968485,0.9852713346481323,30916.73046875,1.9633245610523749
scale0.6,0,0.6,100162_00001,1,0.560925135081355,1.0,0.7980680061823802,0.9841241240501404,14645.6259765625,1.8682820760982224
scale0.6,0,0.6,100163_00001,1,0.5166732110966912,1.0,0.6287433337891426,0.9852713346481323,2808.00146484375,1.6512837343400097
scale0.6,0,0.6,100165_00001,0,0.5286193540742496,,nan,0.20426252484321594,90.00729370117188,0.20426252484321594
scale0.6,0,0.6,100167_00001,1,0.5265213442325158,1.0,0.8625242718446602,0.9932156205177307,2686.025390625,1.6830197680288737
scale0.6,0,0.6,100176_00001,1,0.5249312805941627,1.0,0.7008806559368357,0.9910320043563843,2717.35205078125,1.6771655464372186
scale0.6,0,0.6,100198_00001,0,0.5271072791905359,,0.0,0.8796645402908325,594.1617431640625,1.3195181238909208
scale0.6,0,0.6,100205_00001,1,0.5106533776301219,1.0,0.7446389496717725,0.9910838603973389,3859.099609375,1.7214940450885887
scale0.6,0,0.6,100261_00001,1,0.5132202269472292,1.0,0.6203821656050955,0.9900057911872864,4184.04443359375,1.7268029575657082
scale0.6,0,0.6,100267_00001,1,0.5185625032271389,1.0,0.8487891317188423,0.9912885427474976,6035.7373046875,1.772374157152625
scale0.6,0,0.6,100278_00001,1,0.5106533776301219,1.0,0.7446389496717725,0.9910838603973389,3859.099609375,1.7214940450885887
scale0.6,0,0.6,100280_00001,0,0.5740090497737557,,nan,0.3562226891517639,40.56727981567383,0.3562226891517639
scale0.6,0,0.6,100282_00001,0,0.600820246292787,,0.0,0.9272975325584412,543.6270751953125,1.373155068559779
scale0.6,0,0.6,100286_00001,0,0.5669698710405431,,0.0,0.9819099307060242,1432.0106201171875,1.5754282066757976
scale0.6,0,0.6,100292_00001,0,0.5392223109527612,,0.0,0.6178297400474548,161.2773895263672,0.7900831672339771
scale0.6,0,0.6,100319_00001,0,0.4985679197368969,,0.0,0.980205237865448,1285.6058349609375,1.546354734895804
scale0.6,0,0.6,100325_00001,0,0.531859416134279,,0.0,0.940298318862915,733.6727294921875,1.4010232378627994
scale0.6,0,0.6,100342_00001,0,0.5175049380242178,,nan,0.18068420886993408,87.07074737548828,0.18068420886993408
scale0.6,0,0.6,100349_00001,0,0.53734713282421,,0.0,0.9201462268829346,1321.297607421875,1.4620578360716205
scale0.6,0,0.6,100365_00001,0,0.492275,,0.0,0.7057343125343323,283.36956787109375,0.9938888716672875
scale0.6,0,0.6,100368_00001,1,0.5154004612341707,1.0,0.7456039755351682,0.9918279647827148,5118.2509765625,1.7351872653106188
scale0.6,0,0.6,100390_00001,0,0.5496100879376141,,0.0,0.9899476170539856,1503.66064453125,1.578482685761112
scale0.6,0,0.6,100396_00001,0,0.5484785594069118,,0.0,0.9902727007865906,1434.893310546875,1.5931686875670426
scale0.6,0,0.6,100403_00001,1,0.6020344666133003,1.0,0.0,0.18191629648208618,273.5504150390625,0.18191629648208618
scale0.6,0,0.6,100412_00001,0,0.5316660253943825,,0.0,0.9731897711753845,1583.987548828125,1.575191522811799
scale0.6,0,0.6,100418_00001,1,0.5182007797701963,1.0,0.1393103448275862,0.8330531716346741,539.234619140625,1.1839727210539521
scale0.6,0,0.6,100424_00001,1,0.5341643992923397,1.0,0.886297714352013,0.9898303151130676,8349.876953125,1.8092340376688054
scale0.6,0,0.6,100448_00001,0,0.4792270719889192,,0.0,0.9778199791908264,979.7316284179688,1.5378621929160896
scale0.6,0,0.6,100463_00001,1,0.5149174528301886,1.0,0.7503298153034301,0.9931095838546753,3132.058837890625,1.6983745063333031
scale0.6,0,0.6,100480_00001,0,0.5536692096193316,,0.0,0.7554566264152527,295.0418701171875,1.0703120079972843
scale0.6,0,0.6,100506_00001,1,0.5285969620477392,1.0,0.5527440026289846,0.9915870428085327,4273.4521484375,1.6895072910657274
scale0.6,0,0.6,100542_00001,1,0.5209883988509942,1.0,0.5219721329046088,0.9909971952438354,5400.71875,1.7555453792755231
scale0.6,0,0.6,100558_00001,0,0.5612004742439525,,0.0,0.9874479174613953,6028.890625,1.759480376751523
scale0.6,0,0.6,100588_00001,1,0.5269178930596253,1.0,0.880470737913486,0.987129271030426,14684.7373046875,1.8726724372169377
scale0.6,0,0.6,100589_00001,1,0.5430355136154535,1.0,0.8133535660091047,0.9920312166213989,1463.2716064453125,1.6061555441885755
scale0.6,0,0.6,100601_00001,0,0.554668071654373,,0.0,0.9600626826286316,972.7303466796875,1.4594520847700914
scale0.6,0,0.6,100629_00001,1,0.5366676775001649,1.0,0.2351129363449692,0.9802431464195251,720.5771484375,1.4741258918489206
scale0.6,0,0.6,100664_00001,1,0.5542014102892541,1.0,0.8831503088538092,0.9918121099472046,5659.3564453125,1.764356981575964
scale0.6,0,0.6,100687_00001,1,0.5165013054830287,1.0,0.7802352115148323,0.9910492897033691,6857.236328125,1.787218045961114
scale0.6,0,0.6,100693_00001,0,0.54677749012127,,0.0,0.909183919429779,1024.4183349609375,1.3393729087297097
scale0.6,0,0.6,100696_00001,0,0.5672901505149004,,0.0,0.9780517220497131,1884.7447509765625,1.6126510130441631
scale0.6,0,0.6,100706_00001,0,0.5400796557407068,,0.0,0.9765800833702087,8806.359375,1.7963520512430338
scale0.6,0,0.6,100722_00001,1,0.5824974240441115,1.0,0.8416611148123473,0.9823893308639526,5044.408203125,1.7337468339841582
scale0.6,0,0.6,100727_00001,1,0.49921171204069686,1.0,0.7950138504155124,0.9938309192657471,1718.3187255859375,1.6339260927030277
scale0.6,0,0.6,100762_00001,0,0.5175052941286707,,0.0,0.9863894581794739,1450.351318359375,1.5654894251952434
scale0.6,0,0.6,100768_00001,0,0.5623699323363849,,0.0,0.9858821630477905,1604.146240234375,1.5972766807075904
scale0.6,0,0.6,100793_00001,0,0.5397084421235857,,0.0,0.9598750472068787,516.5790405273438,1.4380674808776315
scale0.6,0,0.6,100796_00001,1,0.5044960977265015,1.0,0.8767198679141442,0.9910838603973389,11290.3984375,1.8479699612597849
scale0.6,0,0.6,100829_00001,0,0.5575694825607505,,0.0,0.9019206762313843,2731.43310546875,1.4567383315971172
scale0.6,0,0.6,100855_00001,0,0.5343353964043619,,0.0,0.9468429088592529,508.1630859375,1.426166810578277
scale0.6,0,0.6,100858_00001,0,0.5180746918056562,,0.0,0.9800912737846375,620.3567504882812,1.4480655365784505
scale0.6,0,0.6,100860_00001,1,0.5275379350436413,1.0,0.0,0.8574102520942688,500.422607421875,1.3017651048287446
scale0.6,0,0.6,100868_00001,0,0.5298765432098765,,0.0,0.8370213508605957,346.624267578125,1.1710387086552576
scale0.6,0,0.6,100875_00001,1,0.5341888651241169,1.0,0.0,0.28333500027656555,50.55665969848633,0.28333500027656555
scale0.6,0,0.6,100913_00001,1,0.5679413243427084,1.0,0.5563759728597086,0.9935368895530701,3646.57958984375,1.6948703594975192
scale0.6,0,0.6,100924_00001,0,0.5314520191545868,,0.0,0.9552357196807861,1003.0336303710938,1.503905193813774
scale0.6,0,0.6,100927_00001,0,0.5118691263487644,,nan,0.05608106032013893,26.28854751586914,0.05608106032013893
scale0.6,0,0.6,100930_00001,0,0.5154241069577261,,0.0,0.9865199327468872,8957.853515625,1.8114221642222417
scale0.6,0,0.6,100943_00001,1,0.5491414352173846,1.0,0.9500720115218435,0.992061972618103,4299.21630859375,1.7335827240852013
scale0.6,0,0.6,100964_00001,0,0.5687950767383392,,0.0,0.9443824291229248,703.6344604492188,1.436328625257063
scale0.6,0,0.6,100976_00001,1,0.5194340453644571,1.0,0.5423889812396105,0.9893062710762024,2209.331298828125,1.6506989054568262
scale0.6,0,0.6,100995_00001,1,0.4832755150113495,1.0,0.0,0.7440989017486572,914.484619140625,1.1014639647743103
scale0.6,0,0.6,100999_00001,0,0.518442887907012,,0.0,0.9729595184326172,353.0643615722656,1.4361462458153642
scale0.6,0,0.6,101000_00001,1,0.5266552490447468,1.0,0.053726169844020795,0.9527063369750977,1098.28173828125,1.4982526496019792
scale0.6,0,0.6,101021_00001,1,0.5686335927523312,1.0,0.4080061585835258,0.9546896815299988,1856.966796875,1.5605895828238223
scale0.6,0,0.6,101049_00001,1,0.6044869131699211,1.0,0.2623524267599475,0.9643214344978333,929.4323120117188,1.3836746616128297
scale0.6,0,0.6,101056_00001,0,0.5639487761387583,,0.0,0.874667227268219,198.7275390625,1.2159565506340646
scale0.6,0,0.6,101064_00001,1,0.48460405003531015,1.0,0.866107486797142,0.9909797310829163,3594.42626953125,1.7118729545699503
scale0.6,0,0.6,101078_00001,1,0.5154747561208208,1.0,0.7629579604929935,0.9904775619506836,13724.17578125,1.8359248927941043
scale0.6,0,0.6,101086_00001,0,0.5237374663731964,,nan,0.0854799747467041,167.26486206054688,0.0854799747467041
scale0.6,0,0.6,101094_00001,0,0.5263774100066807,,0.0,0.7498207092285156,339.0614013671875,1.0876950595577437
scale0.6,0,0.6,101111_00001,1,0.5625461579039915,1.0,0.4352720450281426,0.9910145401954651,2322.367919921875,1.6369370775676069
scale0.6,0,0.6,101116_00001,0,0.567996237869266,,0.0,0.9654788970947266,1289.5885009765625,1.4949341402547245
scale0.6,0,0.6,101123_00001,1,0.5150501672240803,1.0,0.0,0.29173699021339417,134.21466064453125,0.29173699021339417
scale0.6,0,0.6,101127_00001,1,0.5389707421707421,1.0,0.7644420280005437,0.991101086139679,4583.03662109375,1.737512958218097
scale0.6,0,0.6,101129_00001,1,0.5491565719461112,1.0,0.8168574401664932,0.9907855987548828,1765.6220703125,1.632011100155788
scale0.6,0,0.6,101133_00001,1,0.4844487868425338,1.0,0.849053414469236,0.9891186952590942,10806.8095703125,1.8383411558195213
scale0.6,0,0.6,101138_00001,0,0.5710161662817552,,0.0,0.7255027890205383,768.8261108398438,0.9828501916165258
scale0.6,0,0.6,101139_00001,1,0.48978348462274923,1.0,0.7970667042730222,0.9897116422653198,7713.24853515625,1.7984254061260285
scale0.6,0,0.6,101147_00001,1,0.5411035111719106,1.0,0.8575485799701046,0.9906418919563293,7140.5517578125,1.7920097435670432
scale0.6,0,0.6,101163_00001,1,0.530699112335476,1.0,0.7221461812209143,0.9923785924911499,1856.9173583984375,1.6402435500256898
scale0.6,0,0.6,101168_00001,1,0.5579687004989391,1.0,0.051270313572899975,0.9929198622703552,1738.0499267578125,1.6320508558045261
scale0.6,0,0.6,101198_00001,0,0.5931524977482159,,0.0,0.8598403930664062,883.1573486328125,1.2895848995000678
scale0.6,0,0.6,101219_00001,1,0.5384221706545895,1.0,0.37522264001583217,0.991169810295105,1925.3321533203125,1.6308600896212053
scale0.6,0,0.6,101220_00001,1,0.5170285679685229,1.0,0.9056871078729002,0.9924374222755432,4645.4033203125,1.7434805429369116
scale0.6,0,0.6,101234_00001,0,0.5767153302246443,,0.0,0.9887337684631348,3317.390869140625,1.6925721137020768
scale0.6,0,0.6,101235_00001,0,0.5422647527910686,,0.0,0.980820894241333,9155.67578125,1.8041527318395372
scale0.6,0,0.6,101239_00001,0,0.5538743517367783,,0.0,0.8408479690551758,789.72509765625,1.2185036843938553
scale0.6,0,0.6,101266_00001,1,0.5294666666666666,1.0,0.6982572939103192,0.9875922799110413,2906.086669921875,1.6490014221696117
scale0.6,0,0.6,101274_00001,1,0.5066524719835013,1.0,0.6192990878540566,0.9903102517127991,5752.79248046875,1.76261658425021
scale0.6,0,0.6,101288_00001,0,0.5565474926035731,,0.0,0.9867516756057739,7047.515625,1.6197212170579671
scale0.6,0,0.6,101293_00001,0,0.5464594016635556,,nan,0.23633994162082672,102.63304138183594,0.23633994162082672
scale0.6,0,0.6,101319_00001,0,0.5695792139049001,,0.0,0.9779887795448303,1579.796875,1.5167116361363897
scale0.6,0,0.6,101334_00001,0,0.61478480282604,,nan,0.25137194991111755,119.42414855957031,0.25137194991111755
scale0.6,0,0.6,101342_00001,1,0.5165605782716582,1.0,0.6115702479338843,0.9904590845108032,835.2981567382812,1.5481282714055036
scale0.6,0,0.6,101370_00001,0,0.5315301229935376,,0.0,0.9915215969085693,3158.1396484375,1.605950530362432
scale0.6,0,0.6,101404_00001,1,0.5276461295418642,1.0,0.3741509800116437,0.987616240978241,3249.61572265625,1.6278200376849272
scale0.6,0,0.6,101406_00001,1,0.48253968253968255,1.0,0.450187969924812,0.9865458011627197,1025.7861328125,1.559103523840829
scale0.6,0,0.6,101414_00001,0,0.5180524454421876,,0.0,0.9739436507225037,1412.5247802734375,1.5824558607479733
scale0.6,0,0.6,101421_00001,1,0.5195934254834494,1.0,0.8109118721849239,0.988558292388916,13700.3515625,1.8675486580155038
scale0.6,0,0.6,101435_00001,0,0.551480335837384,,0.0,0.9633687138557434,560.45458984375,1.4336919439746514
scale0.6,0,0.6,101443_00001,0,0.5211687537268933,,0.0,0.9886682629585266,8117.576171875,1.699763884360864
scale0.6,0,0.6,101450_00001,0,0.5296296296296297,,0.0,0.9668827652931213,994.791015625,1.4877940613809781
scale0.6,0,0.6,101451_00001,1,0.606041062351564,1.0,0.0,0.9907498955726624,2349.269287109375,1.6118861826641484
scale0.6,0,0.6,101455_00001,0,0.5544018676069821,,0.0,0.6245798468589783,197.97581481933594,0.8025754369630079
scale0.6,0,0.6,101460_00001,0,0.49525234710419896,,nan,0.4512282609939575,112.30715942382812,0.4512282609939575
scale0.6,0,0.6,101465_00001,0,0.5260030250081571,,nan,0.48526808619499207,89.79374694824219,0.48526808619499207
scale0.6,0,0.6,101469_00001,0,0.5574463277199194,,0.0,0.9915707111358643,1329.2086181640625,1.5823152273567793
scale0.6,0,0.6,101485_00001,1,0.5390149565033728,1.0,0.0,0.9096665382385254,434.29638671875,1.3198998983358716
scale0.6,0,0.6,101496_00001,1,0.533591984196195,1.0,0.9038516732678951,0.9898892045021057,7884.25537109375,1.802621568078755
scale0.6,0,0.6,101526_00001,0,0.5289565217391304,,0.0,0.967007577419281,1529.87451171875,1.5063909477012811
scale0.6,0,0.6,101536_00001,1,0.5266315819572656,1.0,0.9113161728994658,0.9927532076835632,4922.76953125,1.750773981356351
scale0.6,0,0.6,101538_00001,1,0.4755895662411243,1.0,0.5352743561030235,0.9899281859397888,1187.036376953125,1.5605719744666995
scale0.6,0,0.6,101547_00001,1,0.4560271988195655,1.0,0.6282914880587875,0.9921080470085144,2242.420654296875,1.6592385910466683
scale0.6,0,0.6,101555_00001,0,0.5622080610021787,,0.0,0.8211875557899475,343.8711853027344,1.1875458716516494
scale0.6,0,0.6,101556_00001,0,0.5450333116791651,,0.0,0.9900636076927185,912.338623046875,1.5423073108248495
scale0.6,0,0.6,101557_00001,0,0.5634104718810601,,0.0,0.6529609560966492,813.6588745117188,0.9595720837009273
scale0.6,0,0.6,101567_00001,0,0.5089063794531897,,0.0,0.9181873202323914,708.3374633789062,1.3683083950097175
scale0.6,0,0.6,101570_00001,0,0.5683183906937883,,0.0,0.9817007184028625,744.042724609375,1.4961808607389693
scale0.6,0,0.6,101576_00001,1,0.5347066272688898,1.0,0.25821143232081517,0.9899863600730896,3872.09765625,1.7058860003196377
scale0.6,0,0.6,101584_00001,1,0.5489520806450903,1.0,0.19421152285637003,0.9892024397850037,1952.0716552734375,1.604544736144311
scale0.6,0,0.6,101591_00001,1,0.53252442002442,1.0,0.6763061499903605,0.9910838603973389,3471.4736328125,1.700999980793277
scale0.6,0,0.6,101594_00001,0,0.5316531239957766,,0.0,0.9900057911872864,8292.833984375,1.8088853661260722
scale0.6,0,0.6,101601_00001,0,0.5836081952273264,,0.0,0.9672250151634216,1792.71728515625,1.5661444092207608
scale0.6,0,0.6,101604_00001,1,0.5554077460620837,1.0,0.0,0.3356774151325226,371.361083984375,0.3356774151325226
scale0.6,0,0.6,101609_00001,0,0.48770316644249745,,0.0,0.9881765246391296,4147.64013671875,1.7183398669621928
scale0.6,0,0.6,101613_00001,0,0.5432164838105432,,0.0,0.9856629967689514,10915.763671875,1.818024227145518
scale0.6,0,0.6,101635_00001,1,0.5588217369222955,1.0,0.7701342281879194,0.9926683902740479,2180.065673828125,1.6464654127394873
scale0.6,0,0.6,101663_00001,1,0.5470033530653641,1.0,0.28656036446469246,0.9572377800941467,1573.33154296875,1.4549138953332088
scale0.6,0,0.6,101681_00001,0,0.5253548352511203,,0.0,0.8227594494819641,382.9653625488281,1.197889471071171
scale0.6,0,0.6,101697_00001,1,0.5108133971291866,1.0,0.8299452221545952,0.9911182522773743,4239.35498046875,1.7304568679493548
scale0.6,0,0.6,101700_00001,0,0.5274030928537367,,0.0,0.537261426448822,247.8238525390625,0.611681759818381
scale0.6,0,0.6,101701_00001,0,0.5651376828813377,,0.0,0.9878528118133545,3124.658935546875,1.6145966069108275
scale0.6,0,0.6,101722_00001,0,0.5268066719237811,,0.0,0.9925826787948608,4020.17822265625,1.727283424761493
scale0.6,0,0.6,101733_00001,1,0.58716470541306,1.0,0.5944474686989657,0.9760836362838745,1135.38330078125,1.5090431101631836
scale0.6,0,0.6,101736_00001,0,0.5618058035714286,,0.0,0.8382167816162109,224.85865783691406,1.1024993457742926
scale0.6,0,0.6,101741_00001,0,0.5617479462632358,,0.0,0.9878058433532715,5869.3896484375,1.755582524059509
scale0.6,0,0.6,101748_00001,0,0.5529124535476623,,0.0,0.9613890647888184,1451.3782958984375,1.5572203123292243
scale0.6,0,0.6,101750_00001,0,0.5342969784913706,,0.0,0.9910492897033691,2387.632568359375,1.664320097064965
scale0.6,0,0.6,101754_00001,0,0.5877978213507625,,0.0,0.8647679686546326,1060.419189453125,1.3100579560244163
scale0.6,0,0.6,101759_00001,1,0.5047519530278151,1.0,0.5184584178498985,0.9934101700782776,3313.280029296875,1.6443155933714502
scale0.6,0,0.6,101768_00001,0,0.532370195254356,,0.0,0.9745803475379944,565.575927734375,1.4596449671327711
scale0.6,0,0.6,101815_00001,1,0.5345814622913069,1.0,0.783886085075703,0.990532636642456,4858.43359375,1.7479789310965972
scale0.6,0,0.6,101821_00001,0,0.529611013986014,,0.0,0.9086989760398865,342.28802490234375,1.2949503217258065
scale0.6,0,0.6,101837_00001,1,0.5084374401661235,1.0,0.8458562410914274,0.9940197467803955,2651.555419921875,1.6769948657522715
scale0.6,0,0.6,101838_00001,1,0.5237424431936627,1.0,0.8658068327261986,0.9932550191879272,5163.97509765625,1.757585898585409
scale0.6,0,0.6,101848_00001,0,0.587027027027027,,0.0,0.9542653560638428,821.7923583984375,1.4213579773096006
scale0.6,0,0.6,101872_00001,1,0.5339335526274277,1.0,0.4470424009771419,0.9815244078636169,3340.857177734375,1.6647439535288033
scale0.6,0,0.6,101931_00001,1,0.5429268292682927,1.0,0.8053691275167785,0.9919535517692566,2770.596435546875,1.682229620036567
scale0.6,0,0.6,101940_00001,1,0.5065708784363219,1.0,0.7192729690790203,0.9929472208023071,3390.320068359375,1.7070536782035284
scale0.6,0,0.6,101949_00001,0,0.5503690595756213,,0.0,0.8608962297439575,546.0966186523438,1.2385071828830951
scale0.6,0,0.6,101955_00001,1,0.5102719969486758,1.0,0.8640497845859263,0.9930961728096008,2011.6949462890625,1.6495382698534358
scale0.6,0,0.6,101963_00001,0,0.5407125078118792,,0.0,0.9416541457176208,2681.087890625,1.5746699606788268
scale0.6,0,0.6,101969_00001,1,0.4882768103944211,1.0,0.6950005352745958,0.9839090704917908,3844.561279296875,1.7059965884234198
scale0.6,0,0.6,101976_00001,1,0.5204784185990401,1.0,0.7391304347826086,0.9925103187561035,3091.77685546875,1.6967698472518657
scale0.6,0,0.6,102013_00001,1,0.5081824569773958,1.0,0.6233033668253128,0.990044355392456,3148.194091796875,1.6936363043439477
scale0.6,0,0.6,102019_00001,0,0.4885884831460674,,0.0,0.9227612018585205,332.3898010253906,1.3158495918223962
scale0.6,0,0.6,102024_00001,1,0.5320178529480855,1.0,0.0,0.4057430326938629,68.74383544921875,0.4057430326938629
scale0.6,0,0.6,102026_00001,1,0.49165457184325106,1.0,0.26216216216216215,0.9901401400566101,5704.56494140625,1.7618387575591201
scale0.6,0,0.6,102035_00001,1,0.6026673969601534,1.0,0.0,0.48645734786987305,263.1531982421875,0.48645734786987305
scale0.6,0,0.6,102037_00001,1,0.5343809658726786,1.0,0.7816928379931061,0.992864727973938,2107.0087890625,1.6508283032657587
scale0.6,0,0.6,102047_00001,0,0.536080460892491,,0.0,0.6918618083000183,162.0679168701172,0.8980158966083335
scale0.6,0,0.6,102082_00001,1,0.5355191713446764,1.0,0.0,0.650245189666748,451.6019287109375,0.9048217628178681
scale0.6,0,0.6,102083_00001,1,0.5392698169920359,1.0,0.6869180633147114,0.9917803406715393,2948.89013671875,1.6895700200344697
scale0.6,0,0.6,102103_00001,1,0.5522089695748724,1.0,0.6516080777860882,0.9919067621231079,3826.4384765625,1.684643400378577
scale0.6,0,0.6,102112_00001,1,0.5170694478054195,1.0,0.7801332525741974,0.9909447431564331,2002.6881103515625,1.643551117826398
scale0.6,0,0.6,102120_00001,0,0.5087186759134115,,0.0,0.9652503728866577,1155.650146484375,1.4698673205292014
scale0.6,0,0.6,102128_00001,1,0.5591765111396609,1.0,0.33743016759776534,0.9765353798866272,660.8326416015625,1.480727461977275
scale0.6,0,0.6,102141_00001,1,0.5594032484788787,1.0,0.7996357012750456,0.9621787071228027,1529.3370361328125,1.5558441756149302
scale0.6,0,0.6,102155_00001,0,0.514547331818071,,0.0,0.8345417976379395,3034.58349609375,1.400186707718093
scale0.6,0,0.6,102163_00001,0,0.5338948517895886,,0.0,0.9667888283729553,826.9169921875,1.4794630467251262
scale0.6,0,0.6,102171_00001,1,0.5177720249835635,1.0,0.8031732418524872,0.990678071975708,10294.4072265625,1.8348274984539037
scale0.6,0,0.6,102172_00001,0,0.5205828241014522,,0.0,0.5803818106651306,158.72335815429688,0.6849505353789626
scale0.6,0,0.6,102176_00001,0,0.5618509282349682,,0.0,0.9473323225975037,990.0208129882812,1.4448345220656675
scale0.6,0,0.6,102205_00001,1,0.6209340218014917,1.0,0.7537117903930131,0.9876639246940613,2723.201171875,1.5500412080954655
scale0.6,0,0.6,102215_00001,0,0.5196178277074912,,0.0,0.9897513389587402,8603.7998046875,1.806362657261638
scale0.6,0,0.6,102223_00001,0,0.5166933742997524,,0.0,0.982557475566864,7303.728515625,1.7805259756748912
scale0.8,0,0.8,100034_00001,1,0.7336828039880768,1.0,0.8140760973130915,0.9904221296310425,7342.56689453125,1.7922189009699903
scale0.8,0,0.8,100036_00001,0,0.7701092353525323,,nan,0.47083544731140137,142.17340087890625,0.47083544731140137
scale0.8,0,0.8,100056_00001,1,0.7309141553132102,1.0,0.4638597946697086,0.9904221296310425,13875.2919921875,1.8726185159526492
scale0.8,0,0.8,100058_00001,1,0.7446266433814913,1.0,0.13830954994511527,0.7018663883209229,177.7488555908203,0.925146439211161
scale0.8,0,0.8,100062_00001,0,0.753968253968254,,0.0,0.9723097085952759,1682.131591796875,1.5062203543506136
scale0.8,0,0.8,100073_00001,0,0.7182384470520063,,0.0,0.9875922799110413,16123.986328125,1.6659334481942392
scale0.8,0,0.8,100085_00001,0,0.7909502262443439,,0.0,0.9925249218940735,742.6200561523438,1.537246941715117
scale0.8,0,0.8,100086_00001,1,0.7912914861042635,1.0,0.820542920029347,0.9881537556648254,3979.587890625,1.71255254081861
scale0.8,0,0.8,100093_00001,1,0.7510290501176997,1.0,0.8943661971830986,0.9939847588539124,3140.8076171875,1.6904247247595539
scale0.8,0,0.8,100105_00001,0,0.787121015807204,,0.0,0.9798997044563293,1294.7916259765625,1.4889279872876353
scale0.8,0,0.8,100108_00001,0,0.7629429678848284,,0.0,0.9802241325378418,665.0462646484375,1.4714730264494926
scale0.8,0,0.8,100110_00001,1,0.715679895901106,1.0,0.7018787663948954,0.9943031072616577,2050.50048828125,1.6291648693309013
scale0.8,0,0.8,100116_00001,1,0.7221552454385919,1.0,0.46931558144372787,0.9867516756057739,1454.6744384765625,1.585972124841267
scale0.8,0,0.8,100140_00001,1,0.731162648476243,1.0,0.0,0.9109423160552979,673.240234375,1.281362396813176
scale0.8,0,0.8,100142_00001,0,0.7493692617042265,,0.0,0.9914224743843079,1428.5555419921875,1.60336846350501
scale0.8,0,0.8,100147_00001,0,0.7686454406773705,,0.0,0.929632306098938,1039.381103515625,1.3644480757674204
scale0.8,0,0.8,100153_00001,1,0.7532321359784283,1.0,0.7693884523402802,0.9850141406059265,31832.66796875,1.9650098954540927
scale0.8,0,0.8,100162_00001,1,0.7576431811340201,1.0,0.7875291330760708,0.9848400950431824,15162.263671875,1.8719816759353338
scale0.8,0,0.8,100163_00001,1,0.7429591915965081,1.0,0.6577483443708609,0.9882221817970276,2644.086669921875,1.6670396145614494
scale0.8,0,0.8,100165_00001,0,0.7360902311321104,,0.0,0.7518303990364075,583.8309326171875,1.0233555749980827
scale0.8,0,0.8,100167_00001,1,0.7403509435866384,1.0,0.8664860681114551,0.9930827617645264,2712.517822265625,1.6835328691118954
scale0.8,0,0.8,100176_00001,1,0.7320536942877096,1.0,0.7500321295463308,0.9904406070709229,3905.447265625,1.702442349050819
scale0.8,0,0.8,100198_00001,0,0.7444485867459188,,0.0,0.9418148994445801,1447.6591796875,1.473654993004674
scale0.8,0,0.8,100205_00001,1,0.7306893687707641,1.0,0.728923476005188,0.9908213019371033,4001.470458984375,1.724246573814298
scale0.8,0,0.8,100261_00001,1,0.7248295447590369,1.0,0.6520196045293223,0.990678071975708,3830.745849609375,1.7176142711903228
scale0.8,0,0.8,100267_00001,1,0.7333350544741054,1.0,0.8418714835652946,0.9914886951446533,5969.43994140625,1.7720326230227335
scale0.8,0,0.8,100278_00001,1,0.7306893687707641,1.0,0.728923476005188,0.9908213019371033,4001.470458984375,1.724246573814298
scale0.8,0,0.8,100280_00001,0,0.802078431372549,,0.0,0.9871540665626526,1565.1251220703125,1.4692360051119058
scale0.8,0,0.8,100282_00001,0,0.8176163761562565,,0.0,0.8618873357772827,439.523681640625,1.2337139676098945
scale0.8,0,0.8,100286_00001,0,0.7964162023791598,,0.0,0.9318976402282715,1164.821533203125,1.4084452254452289
scale0.8,0,0.8,100292_00001,0,0.746089884036011,,0.0,0.953057050704956,1297.4736328125,1.4528736430914326
scale0.8,0,0.8,100319_00001,0,0.7308263602680988,,0.0,0.9662516117095947,844.4517822265625,1.462638988142383
scale0.8,0,0.8,100325_00001,0,0.7457828193906467,,0.0,0.9428760409355164,1173.0966796875,1.3617102678766437
scale0.8,0,0.8,100342_00001,0,0.7298972318438153,,0.0,0.9656413197517395,1883.39892578125,1.559813292425362
scale0.8,0,0.8,100349_00001,0,0.7466310601283104,,0.0,0.9203612804412842,1620.77587890625,1.2966970615422526
scale0.8,0,0.8,100365_00001,0,0.71595,,0.0,0.7318258881568909,541.0458374023438,1.0810515025588388
scale0.8,0,0.8,100368_00001,1,0.733294623585316,1.0,0.7706596306068602,0.9902161359786987,4003.731201171875,1.721629215553333
scale0.8,0,0.8,100390_00001,0,0.7790940766550523,,0.0,0.9927250146865845,1650.736572265625,1.6129716708318038
scale0.8,0,0.8,100396_00001,0,0.7472353870458136,,nan,0.44786399602890015,120.82461547851562,0.44786399602890015
scale0.8,0,0.8,100403_00001,1,0.8267305049162501,1.0,0.08630952380952381,0.972727358341217,2136.376708984375,1.5588624311089518
scale0.8,0,0.8,100412_00001,0,0.74529107127852,,0.0,0.9712384939193726,2837.18115234375,1.6473776291482942
scale0.8,0,0.8,100418_00001,1,0.7334073631860352,1.0,0.489589905362776,0.9214283227920532,557.2242431640625,1.3710406744839285
scale0.8,0,0.8,100424_00001,1,0.7482845792704947,1.0,0.8658559401309636,0.9901971817016602,7200.8447265625,1.7915662916460566
scale0.8,0,0.8,100448_00001,0,0.7083206324665855,,0.0,0.9573974013328552,1422.8536376953125,1.5546392587912619
scale0.8,0,0.8,100463_00001,1,0.7370435883997205,1.0,0.6756713297957871,0.9930558800697327,3294.101318359375,1.6814254060974743
scale0.8,0,0.8,100480_00001,0,0.7568627450980392,,0.0,0.5747528672218323,171.59608459472656,0.6853141234853403
scale0.8,0,0.8,100506_00001,1,0.7372212036667996,1.0,0.5154004106776181,0.9912378191947937,4942.7607421875,1.7027657695327472
scale0.8,0,0.8,100542_00001,1,0.73975178937011,1.0,0.4701893850830021,0.9906237721443176,6472.7431640625,1.7765113857184018
scale0.8,0,0.8,100558_00001,0,0.7581857219538379,,0.0,0.9140608906745911,1944.7615966796875,1.4850223647932
scale0.8,0,0.8,100588_00001,1,0.7486590163755518,1.0,0.8800930583501007,0.9867516756057739,15382.541015625,1.875016368040106
scale0.8,0,0.8,100589_00001,1,0.7481718007729231,1.0,0.41569238763315147,0.9890553951263428,5066.544921875,1.5726541895166823
scale0.8,0,0.8,100601_00001,0,0.75208165457964,,0.0,0.9834068417549133,8140.39990234375,1.7421081792703734
scale0.8,0,0.8,100629_00001,1,0.7508998615597601,1.0,0.3403523850451225,0.9804125428199768,1114.9591064453125,1.507193824713305
scale0.8,0,0.8,100664_00001,1,0.781612647709237,1.0,0.8519488767166786,0.9916681051254272,7085.130859375,1.7706861168877572
scale0.8,0,0.8,100687_00001,1,0.7336591734063554,1.0,0.8086189653604873,0.9913892149925232,6467.94873046875,1.7808581086316946
scale0.8,0,0.8,100693_00001,0,0.7468047417904347,,0.0,0.9590393900871277,1820.17333984375,1.4301427974903984
scale0.8,0,0.8,100696_00001,0,0.7914100107626693,,0.0,0.9824904799461365,3522.696044921875,1.6941548147092358
scale0.8,0,0.8,100706_00001,0,0.7535402551425258,,0.0,0.9356411695480347,4005.228271484375,1.5877989403147672
scale0.8,0,0.8,100722_00001,1,0.8187176845173447,1.0,0.7370150385441678,0.9822537302970886,4121.4599609375,1.7016125663791724
scale0.8,0,0.8,100727_00001,1,0.7167058295006341,1.0,0.7457956015523933,0.9938190579414368,2016.2125244140625,1.6460737734182458
scale0.8,0,0.8,100762_00001,0,0.802892561983471,,0.0,0.8003801107406616,434.0304870605469,1.0842876927730818
scale0.8,0,0.8,100768_00001,0,0.7660706553354532,,0.0,0.9886024594306946,16200.296875,1.8457030315115006
scale0.8,0,0.8,100793_00001,0,0.780958597538232,,0.0,0.9874235987663269,1112.558349609375,1.5567359941926582
scale0.8,0,0.8,100796_00001,1,0.7302885964802037,1.0,0.849615181007452,0.9912548065185547,10425.8515625,1.83844860402232
scale0.8,0,0.8,100829_00001,0,0.7716269148246095,,0.0,0.9433997869491577,1060.443115234375,1.4460854245438106
scale0.8,0,0.8,100855_00001,0,0.7468460891505467,,0.0,0.9800912737846375,2671.35302734375,1.5749261591275199
scale0.8,0,0.8,100858_00001,0,0.7376856551983455,,0.0,0.9082930684089661,414.0011291503906,1.297300601809567
scale0.8,0,0.8,100860_00001,1,0.7402695399785629,1.0,0.0,0.8983213901519775,950.8235473632812,1.4209529224161632
scale0.8,0,0.8,100868_00001,0,0.7418774035359401,,0.0,0.8906751871109009,1268.1190185546875,1.3757935884601347
scale0.8,0,0.8,100875_00001,1,0.7408810852009782,1.0,0.4103126714207351,0.9582260847091675,480.3970642089844,1.432202834043246
scale0.8,0,0.8,100913_00001,1,0.8086416467039305,1.0,0.4270179200490121,0.9936487078666687,5253.603515625,1.6882381040286083
scale0.8,0,0.8,100924_00001,0,0.7458801167165008,,0.0,0.9785903096199036,2087.2001953125,1.622621745904054
scale0.8,0,0.8,100927_00001,0,0.7361893106164016,,nan,0.48038724064826965,127.5712661743164,0.48038724064826965
scale0.8,0,0.8,100930_00001,0,0.7298410618363177,,0.0,0.9858549237251282,9505.041015625,1.8137873883226276
scale0.8,0,0.8,100943_00001,1,0.7591118238921664,1.0,0.9565429093122337,0.9911527037620544,4165.38916015625,1.728830828977324
scale0.8,0,0.8,100964_00001,0,0.814641449960599,,0.0,0.8449215292930603,898.5092163085938,1.2518620344712972
scale0.8,0,0.8,100976_00001,1,0.7407602847016491,1.0,0.3892872205820329,0.9766469597816467,2812.419921875,1.6527799256321658
scale0.8,0,0.8,100995_00001,1,0.7109805221005746,1.0,0.0,0.7524675726890564,1017.6622924804688,1.006923001381581
scale0.8,0,0.8,100999_00001,0,0.7741955619362691,,0.0,0.9906237721443176,923.9356079101562,1.5309280617591383
scale0.8,0,0.8,101000_00001,1,0.7413146013651855,1.0,0.005992164093109011,0.9861246943473816,1917.1875,1.628157050282039
scale0.8,0,0.8,101021_00001,1,0.8225108225108225,1.0,0.26445906101156724,0.9830526113510132,2397.958984375,1.6371392043684319
scale0.8,0,0.8,101049_00001,1,0.7659671486619312,1.0,0.27177491768931455,0.9891605973243713,2262.429931640625,1.530730091869718
scale0.8,0,0.8,101056_00001,0,0.7664200769242105,,0.0,0.9882221817970276,1552.6517333984375,1.5294236465729794
scale0.8,0,0.8,101064_00001,1,0.7062246017530441,1.0,0.8664181422802113,0.9908034801483154,3601.971435546875,1.7115684890004768
scale0.8,0,0.8,101078_00001,1,0.7357749938361485,1.0,0.8796354646371612,0.9894295334815979,11971.0146484375,1.8348895699547498
scale0.8,0,0.8,101086_00001,0,0.742304047444363,,0.0,0.7544630169868469,936.936279296875,1.0878248621454083
scale0.8,0,0.8,101094_00001,0,0.7457249402874692,,0.0,0.8813087940216064,524.0289916992188,1.2803421893043319
scale0.8,0,0.8,101111_00001,1,0.7660328066517622,1.0,0.46421327151550273,0.9895513653755188,2663.77978515625,1.6542215596256782
scale0.8,0,0.8,101116_00001,0,0.8279252704031466,,0.0,0.9811668992042542,2219.03466796875,1.543586923225939
scale0.8,0,0.8,101123_00001,1,0.7297648345638501,1.0,0.0,0.05315703526139259,68.07740783691406,0.05315703526139259
scale0.8,0,0.8,101127_00001,1,0.7542857142857143,1.0,0.7907238229093464,0.991101086139679,4330.7998046875,1.7311808860753968
scale0.8,0,0.8,101129_00001,1,0.7886335333408808,1.0,0.7932121212121213,0.9912039041519165,2114.09326171875,1.6393447150134537
scale0.8,0,0.8,101133_00001,1,0.713739932108276,1.0,0.8567338759150955,0.988863468170166,11665.7197265625,1.8464238288155312
scale0.8,0,0.8,101138_00001,0,0.7648676496713448,,0.0,0.9904959201812744,11000.74609375,1.7615645502845303
scale0.8,0,0.8,101139_00001,1,0.7212400782984592,1.0,0.7811139800811508,0.990767776966095,7074.4765625,1.7902824730638482
scale0.8,0,0.8,101147_00001,1,0.7584131326949385,1.0,0.8379317996893262,0.9911354780197144,7373.748046875,1.7889268880776088
scale0.8,0,0.8,101163_00001,1,0.7604820936639118,1.0,0.7118367346938775,0.992452085018158,2136.75390625,1.641639825831316
scale0.8,0,0.8,101168_00001,1,0.7838733984533265,1.0,0.037635598848793445,0.9655115008354187,2021.4246826171875,1.5192965107193128
scale0.8,0,0.8,101198_00001,0,0.7942513683918797,,0.0,0.9812029004096985,1857.1820068359375,1.6054660066388866
scale0.8,0,0.8,101219_00001,1,0.7530977580543268,1.0,0.18673127096533731,0.9856352806091309,2252.564453125,1.5764751709006923
scale0.8,0,0.8,101220_00001,1,0.7358383789140205,1.0,0.897946611909651,0.9928786158561707,4501.5078125,1.7406802680750695
scale0.8,0,0.8,101234_00001,0,0.7823783879226627,,0.0,0.9812209606170654,2753.885498046875,1.6572040058215758
scale0.8,0,0.8,101235_00001,0,0.7912300890315547,,0.0,0.9818056225776672,16324.9677734375,1.876092349506726
scale0.8,0,0.8,101239_00001,0,0.7587980987715616,,0.0,0.6381308436393738,662.4879760742188,0.8620103809816316
scale0.8,0,0.8,101266_00001,1,0.7421333333333333,1.0,0.6212737127371274,0.9896317720413208,3801.85498046875,1.6603010249402785
scale0.8,0,0.8,101274_00001,1,0.7281872463857559,1.0,0.6271290283053548,0.9900828003883362,5629.32373046875,1.7586151642934886
scale0.8,0,0.8,101288_00001,0,0.7515557895320163,,0.0,0.9843363761901855,20700.302734375,1.8031409823472366
scale0.8,0,0.8,101293_00001,0,0.7746690411311605,,0.0,0.9595730900764465,1498.784912109375,1.5166876221974206
scale0.8,0,0.8,101319_00001,0,0.7595591239596279,,0.0,0.9226218461990356,973.5878295898438,1.4051237670870953
scale0.8,0,0.8,101334_00001,0,0.7959974046571985,,0.0,0.7562676072120667,623.7994995117188,1.1203041392071966
scale0.8,0,0.8,101342_00001,1,0.7269700846138434,1.0,0.5483193277310925,0.9882901906967163,930.7120361328125,1.5289446634261734
scale0.8,0,0.8,101370_00001,0,0.7714025811586788,,0.0,0.9908389449119568,7349.404296875,1.7698851205433397
scale0.8,0,0.8,101404_00001,1,0.743327513095535,1.0,0.29195601851851855,0.9868026375770569,5407.126953125,1.6487334805354776
scale0.8,0,0.8,101406_00001,1,0.7129629629629629,1.0,0.3884514435695538,0.9855243563652039,1029.2667236328125,1.5510180879624296
scale0.8,0,0.8,101414_00001,0,0.7348417760626076,,0.0,0.968020498752594,2200.02783203125,1.5758950819546527
scale0.8,0,0.8,101421_00001,1,0.7321958994421502,1.0,0.8102808916925962,0.9887771010398865,13622.716796875,1.8673079610508037
scale0.8,0,0.8,101435_00001,0,0.7919323275045768,,0.0,0.9769787192344666,1150.678955078125,1.4248472173200215
scale0.8,0,0.8,101443_00001,0,0.7697873186245279,,0.0,0.9913390278816223,8688.9189453125,1.6513050517158308
scale0.8,0,0.8,101450_00001,0,0.781984126984127,,0.0,0.9898499250411987,1801.622802734375,1.5934174828496972
scale0.8,0,0.8,101451_00001,1,0.8084551642769157,1.0,0.006665656718678988,0.9488224983215332,2617.84375,1.418147859659379
scale0.8,0,0.8,101455_00001,0,0.7733182257733671,,0.0,0.8784186244010925,365.1353454589844,1.288734668565679
scale0.8,0,0.8,101460_00001,0,0.7483553092018701,,0.0,0.9636433720588684,1029.236328125,1.5028223633116022
scale0.8,0,0.8,101465_00001,0,0.7381930912716927,,0.0,0.6359575390815735,261.4877624511719,0.8254538302474376
scale0.8,0,0.8,101469_00001,0,0.7569567939015502,,0.0,0.9917163252830505,2136.488037109375,1.5867533223484074
scale0.8,0,0.8,101485_00001,1,0.80392855728486,1.0,0.03415977961432507,0.9288618564605713,803.8198852539062,1.4093472701194985
scale0.8,0,0.8,101496_00001,1,0.7469662338586861,1.0,0.8909170881900154,0.9896317720413208,8634.37890625,1.8071413333299335
scale0.8,0,0.8,101526_00001,0,0.7377971014492753,,0.0,0.932637631893158,879.1912841796875,1.3656296094114058
scale0.8,0,0.8,101536_00001,1,0.7465139902114692,1.0,0.9029585798816568,0.9921080470085144,4753.5986328125,1.7459399026574223
scale0.8,0,0.8,101538_00001,1,0.7100959363915538,1.0,0.42369668246445497,0.9824230670928955,1496.4224853515625,1.5488523385297217
scale0.8,0,0.8,101547_00001,1,0.6980067003779807,1.0,0.6003510825043885,0.9925969839096069,2368.680419921875,1.6673381844046786
scale0.8,0,0.8,101555_00001,0,0.7553366013071895,,0.0,0.9907855987548828,2613.7001953125,1.5516488262831374
scale0.8,0,0.8,101556_00001,0,0.7790391856350873,,0.0,0.9878294467926025,1718.353271484375,1.5333785140709533
scale0.8,0,0.8,101557_00001,0,0.7810859728506787,,0.0,0.9170058369636536,2257.837890625,1.5172674684663412
scale0.8,0,0.8,101567_00001,0,0.7262323943661971,,0.0,0.9809491038322449,2101.50927734375,1.574495999402705
scale0.8,0,0.8,101570_00001,0,0.7589961117002474,,0.0,0.8549452424049377,944.6130981445312,1.2063523367888327
scale0.8,0,0.8,101576_00001,1,0.785329018338727,1.0,0.15254782189358623,0.9814178347587585,3060.03955078125,1.6242960859484492
scale0.8,0,0.8,101584_00001,1,0.8040478151281475,1.0,0.3138992537313433,0.9797646999359131,2405.28466796875,1.6483687549753858
scale0.8,0,0.8,101591_00001,1,0.7437932437932437,1.0,0.653373089824823,0.9918753504753113,3673.648681640625,1.7096922397016439
scale0.8,0,0.8,101594_00001,0,0.7450193314768845,,0.0,0.9890975952148438,7332.2392578125,1.7921531661312435
scale0.8,0,0.8,101601_00001,0,0.7768420697336889,,0.0,0.8907702565193176,1080.9049072265625,1.2840053797750361
scale0.8,0,0.8,101604_00001,1,0.7656786873275897,1.0,0.0,0.7914183735847473,1317.8690185546875,1.2087419314932368
scale0.8,0,0.8,101609_00001,0,0.7612252209219011,,0.0,0.9788546562194824,3532.931396484375,1.6684873228303014
scale0.8,0,0.8,101613_00001,0,0.7502006957452502,,0.0,0.9822876453399658,17022.009765625,1.7673705560401234
scale0.8,0,0.8,101635_00001,1,0.7846058348851644,1.0,0.6475133742817515,0.9927109479904175,2451.8203125,1.6307587927079021
scale0.8,0,0.8,101663_00001,1,0.7552593451173573,1.0,0.0,0.9855799674987793,1552.887939453125,1.4969275996696034
scale0.8,0,0.8,101681_00001,0,0.7692254327239932,,0.0,0.8125700354576111,721.265869140625,1.2103023724130575
scale0.8,0,0.8,101697_00001,1,0.7305667716964251,1.0,0.8448036368228312,0.991859495639801,3948.02099609375,1.72347887399922
scale0.8,0,0.8,101700_00001,0,0.7491569589209074,,0.0,0.9233161807060242,1140.48095703125,1.3677631160948056
scale0.8,0,0.8,101701_00001,0,0.7768060181038466,,0.0,0.9865716695785522,4391.14404296875,1.6362400024617998
scale0.8,0,0.8,101722_00001,0,0.7449331101365466,,0.0,0.9928370118141174,4800.6044921875,1.7490262831621717
scale0.8,0,0.8,101733_00001,1,0.8197614583748853,1.0,0.5986394557823129,0.9857455492019653,1540.3089599609375,1.5417681923786772
scale0.8,0,0.8,101736_00001,0,0.8100632440476191,,0.0,0.9865975975990295,1236.4029541015625,1.4991884516314427
scale0.8,0,0.8,101741_00001,0,0.7638761925870393,,0.0,0.9902350902557373,6794.8349609375,1.7788211674240446
scale0.8,0,0.8,101748_00001,0,0.7603059372569354,,0.0,0.8895288109779358,1230.01708984375,1.3858151940534635
scale0.8,0,0.8,101750_00001,0,0.7388995044855394,,0.0,0.9908744096755981,2284.035888671875,1.6560355620306952
scale0.8,0,0.8,101754_00001,0,0.7851294117647059,,0.0,0.910306453704834,1199.074462890625,1.3250366837952603
scale0.8,0,0.8,101759_00001,1,0.7249216300940439,1.0,0.7345401882693701,0.9931760430335999,2670.62158203125,1.6782111699074858
scale0.8,0,0.8,101768_00001,0,0.7417914368268979,,0.0,0.864367663860321,1654.778076171875,1.2707735851992115
scale0.8,0,0.8,101815_00001,1,0.7427785837651123,1.0,0.7963579057958327,0.9910838603973389,5214.40869140625,1.7563145872707229
scale0.8,0,0.8,101821_00001,0,0.7747395833333334,,0.0,0.9313377141952515,738.3403930664062,1.3637261840751842
scale0.8,0,0.8,101837_00001,1,0.7294304703214103,1.0,0.6847138920408494,0.9938787817955017,3823.79150390625,1.6855352758121862
scale0.8,0,0.8,101838_00001,1,0.7401829268292683,1.0,0.8678284707264539,0.9932418465614319,5206.14990234375,1.7588350816577925
scale0.8,0,0.8,101848_00001,0,0.8391891891891892,,0.0,0.936051607131958,341.0157470703125,1.3402841843083493
scale0.8,0,0.8,101872_00001,1,0.7450198932458099,1.0,0.833115517927155,0.9896118640899658,8808.3984375,1.8083082654161777
scale0.8,0,0.8,101931_00001,1,0.7456274301873453,1.0,0.6013375981389939,0.991635799407959,7678.02392578125,1.6982149052917226
scale0.8,0,0.8,101940_00001,1,0.7302687571800721,1.0,0.7184747463485338,0.9930423498153687,3392.85888671875,1.7053890008913302
scale0.8,0,0.8,101949_00001,0,0.7543800915076443,,0.0,0.7025811076164246,563.0708618164062,1.0005593881795294
scale0.8,0,0.8,101955_00001,1,0.7368811788464223,1.0,0.8474404460212874,0.992864727973938,1855.626953125,1.6358021392352566
scale0.8,0,0.8,101963_00001,0,0.7746404387967452,,0.0,0.9716717004776001,5321.2470703125,1.6746452117639599
scale0.8,0,0.8,101969_00001,1,0.7557984537456678,1.0,0.7832615877465212,0.9857181310653687,4543.36279296875,1.7269546672616665
scale0.8,0,0.8,101976_00001,1,0.7384319185368742,1.0,0.7146089204912734,0.9920002222061157,3014.00537109375,1.6934034076409052
scale0.8,0,0.8,102013_00001,1,0.7311200978087088,1.0,0.624054462934947,0.9907320141792297,2786.959228515625,1.6801174541040902
scale0.8,0,0.8,102019_00001,0,0.7408005617977528,,0.0,0.9101468920707703,411.0251159667969,1.310103551490513
scale0.8,0,0.8,102024_00001,1,0.739083139083139,1.0,0.0,0.9902727007865906,1175.3072509765625,1.5673640401237654
scale0.8,0,0.8,102026_00001,1,0.7141467965996268,1.0,0.30604353110153576,0.9900636076927185,5283.98828125,1.7486297843349536
scale0.8,0,0.8,102035_00001,1,0.7626721895111598,1.0,0.007207207207207207,0.8525676131248474,1028.3919677734375,1.239195061598426
scale0.8,0,0.8,102037_00001,1,0.7518959248241016,1.0,0.7857274232113298,0.9931893348693848,2653.68115234375,1.6560489074592202
scale0.8,0,0.8,102047_00001,0,0.7836018617973505,,0.0,0.8992984294891357,275.7303161621094,1.24530413564058
scale0.8,0,0.8,102082_00001,1,0.7514301423708193,1.0,0.10263991552270327,0.9259026646614075,551.8761596679688,1.350280907948557
scale0.8,0,0.8,102083_00001,1,0.7520610456077248,1.0,0.6636845203060624,0.9932550191879272,2800.6943359375,1.688320074532866
scale0.8,0,0.8,102103_00001,1,0.7489828529566631,1.0,0.6120023767082591,0.9934357404708862,5478.91845703125,1.7202566291634074
scale0.8,0,0.8,102112_00001,1,0.7382329299599109,1.0,0.8497272898250894,0.9906418919563293,2340.75732421875,1.6616649155627303
scale0.8,0,0.8,102120_00001,0,0.7370549265504176,,0.0,0.9700985550880432,2907.224853515625,1.4695516833444664
scale0.8,0,0.8,102128_00001,1,0.759941089837997,1.0,0.3692483566733352,0.9830526113510132,1322.19189453125,1.5542297944945753
scale0.8,0,0.8,102141_00001,1,0.7785039941902687,1.0,0.8025613660618997,0.9645559191703796,1303.674072265625,1.5420400690903178
scale0.8,0,0.8,102155_00001,0,0.7305862976250437,,0.0,0.9892855286598206,11351.3408203125,1.7224131721040024
scale0.8,0,0.8,102163_00001,0,0.749270227164964,,0.0,0.9074763655662537,318.8722839355469,1.3346984712680354
scale0.8,0,0.8,102171_00001,1,0.7390696909927679,1.0,0.79732118939191,0.9904775619506836,10326.5478515625,1.8345624374786906
scale0.8,0,0.8,102172_00001,0,0.7668046520796373,,0.0,0.9679599404335022,1396.7874755859375,1.5717180590001458
scale0.8,0,0.8,102176_00001,0,0.763829556543424,,0.0,0.9798997044563293,1745.413330078125,1.5002009094264408
scale0.8,0,0.8,102205_00001,1,0.8415375788869764,1.0,0.553171196948021,0.9899281859397888,5170.2529296875,1.5894325712536213
scale0.8,0,0.8,102215_00001,0,0.7377620122541115,,0.0,0.9883801937103271,8283.1015625,1.797597471066746
scale0.8,0,0.8,102223_00001,0,0.734481982280258,,0.0,0.9882676005363464,7311.677734375,1.789133713249764
scale1.3,0,1.3,100034_00001,1,0.6459001374255612,1.0,0.7251699815720912,0.9909447431564331,7461.3056640625,1.7827515653777821
scale1.3,0,1.3,100036_00001,0,0.724969474969475,,0.0,0.898944079875946,1176.6431884765625,1.2797781066695435
scale1.3,0,1.3,100056_00001,1,0.6965535447488739,1.0,0.5356496561708288,0.9899863600730896,11761.689453125,1.844039902448915
scale1.3,0,1.3,100058_00001,1,0.6957267390144103,1.0,0.0,0.987129271030426,1545.0164794921875,1.5814951032045232
scale1.3,0,1.3,100062_00001,0,0.6886137118695258,,0.0,0.534080982208252,238.3613739013672,0.6303075802462305
scale1.3,0,1.3,100073_00001,0,0.6462756993596225,,0.0,0.9872773289680481,46352.9453125,1.9827424989823141
scale1.3,0,1.3,100085_00001,0,0.7000316756414318,,0.0,0.9906600117683411,2292.165283203125,1.5532925894234215
scale1.3,0,1.3,100086_00001,1,0.7246610117526827,1.0,0.5683983109103408,0.9921841025352478,7441.962890625,1.7286402948461463
scale1.3,0,1.3,100093_00001,1,0.6689603849295762,1.0,0.7772051244293918,0.9932025074958801,4994.26953125,1.6883882891677806
scale1.3,0,1.3,100105_00001,0,0.7228377508992786,,0.0,0.9657383561134338,1310.7259521484375,1.3793527549878715
scale1.3,0,1.3,100108_00001,0,0.6537556561085973,,0.0,0.9796091914176941,636.1387329101562,1.3571972179682488
scale1.3,0,1.3,100110_00001,1,0.6573872617387262,1.0,0.44710211591536336,0.9939613342285156,3317.07568359375,1.6335101682330315
scale1.3,0,1.3,100116_00001,1,0.6391209871433375,1.0,0.5798551224560193,0.9925682544708252,2369.787353515625,1.6455199293010843
scale1.3,0,1.3,100140_00001,1,0.652872535517118,1.0,0.0,0.973869264125824,1920.9305419921875,1.4894542472968806
scale1.3,0,1.3,100142_00001,0,0.6815255332902391,,0.0,0.9741166234016418,1480.7889404296875,1.4906766661224076
scale1.3,0,1.3,100147_00001,0,0.7342606761565836,,0.0,0.9894499182701111,3446.423095703125,1.5357539538439264
scale1.3,0,1.3,100153_00001,1,0.7114765330592668,1.0,0.7791152283188568,0.9852146506309509,30890.9921875,1.9638432125069158
scale1.3,0,1.3,100162_00001,1,0.7249585205346657,1.0,0.819746670997077,0.9857455492019653,15271.623046875,1.8595618352187053
scale1.3,0,1.3,100163_00001,1,0.7114921534063359,1.0,0.7033221735771311,0.9896317720413208,3004.893310546875,1.6784946920593564
scale1.3,0,1.3,100165_00001,0,0.7120573733751681,,0.0,0.960620641708374,1565.437255859375,1.4588342651598707
scale1.3,0,1.3,100167_00001,1,0.6642823384293601,1.0,0.48640417663693714,0.9927812218666077,7093.0576171875,1.6807939153683102
scale1.3,0,1.3,100176_00001,1,0.6636911799052327,1.0,0.67994227994228,0.9908213019371033,5083.43798828125,1.6811990789604614
scale1.3,0,1.3,100198_00001,0,0.6778293458995038,,0.0,0.9808576107025146,5046.765625,1.6969361515120482
scale1.3,0,1.3,100205_00001,1,0.657966642621374,1.0,0.5851135166203659,0.990044355392456,5389.7734375,1.7187860676377726
scale1.3,0,1.3,100261_00001,1,0.6571583710407239,1.0,0.6294599018003273,0.9900057911872864,4334.67041015625,1.721320720773186
scale1.3,0,1.3,100267_00001,1,0.6508384581779078,1.0,0.7128343621399177,0.9920002222061157,8187.9130859375,1.7661192295331718
scale1.3,0,1.3,100278_00001,1,0.657966642621374,1.0,0.5851135166203659,0.990044355392456,5389.7734375,1.7187860676377726
scale1.3,0,1.3,100280_00001,0,0.7106627278301098,,0.0,0.9855243563652039,6611.388671875,1.6868654560477154
scale1.3,0,1.3,100282_00001,0,0.7462388425412753,,0.0,0.9713745713233948,1587.62744140625,1.5060358949967099
scale1.3,0,1.3,100286_00001,0,0.7399178267980374,,0.0,0.9339146018028259,1693.07080078125,1.3805337947662017
scale1.3,0,1.3,100292_00001,0,0.7237224201881166,,0.0,0.9118884801864624,1659.423095703125,1.399761741830534
scale1.3,0,1.3,100319_00001,0,0.6420248438838053,,0.0,0.9830850958824158,2441.300537109375,1.5177183212754088
scale1.3,0,1.3,100325_00001,0,0.6751231108847003,,0.0,0.9926542043685913,3523.84326171875,1.6096275099432218
scale1.3,0,1.3,100342_00001,0,0.6719230615107193,,0.0,0.9878996014595032,5190.97021484375,1.6471774765321439
scale1.3,0,1.3,100349_00001,0,0.7342792839403973,,0.0,0.8515211939811707,656.9242553710938,1.2310872435866163
scale1.3,0,1.3,100365_00001,0,0.6549431836788159,,0.0,0.988244891166687,3763.12744140625,1.6168545281084648
scale1.3,0,1.3,100368_00001,1,0.6766909359501952,1.0,0.8064258631011774,0.9925393462181091,4821.447265625,1.740085472341634
scale1.3,0,1.3,100390_00001,0,0.7180912854830863,,0.0,0.9830850958824158,2418.923828125,1.590742760501372
scale1.3,0,1.3,100396_00001,0,0.7099533779028853,,0.0,0.9717521667480469,3837.8505859375,1.4229036943609503
scale1.3,0,1.3,100403_00001,1,0.7109614930309474,1.0,0.1628347308628618,0.8840392827987671,1306.9388427734375,1.3121888316364747
scale1.3,0,1.3,100412_00001,0,0.7158306292045904,,0.0,0.972151517868042,2200.152099609375,1.5116222915298985
scale1.3,0,1.3,100418_00001,1,0.7036670375750773,1.0,0.0,0.9164093732833862,2287.48974609375,1.4296442750837313
scale1.3,0,1.3,100424_00001,1,0.660075220860653,1.0,0.7600206611570248,0.9900636076927185,10696.458984375,1.803238144804276
scale1.3,0,1.3,100448_00001,0,0.6467979262189457,,0.0,0.9892232418060303,1832.0030517578125,1.6242038545437572
scale1.3,0,1.3,100463_00001,1,0.6774415456650221,1.0,0.5528265107212476,0.9929060935974121,4938.86328125,1.6725069814850373
scale1.3,0,1.3,100480_00001,0,0.670887007729113,,0.0,0.9788949489593506,2227.728759765625,1.488080205469524
scale1.3,0,1.3,100506_00001,1,0.6674846390741092,1.0,0.5607622617931897,0.9913725852966309,4802.146484375,1.7065408043278298
scale1.3,0,1.3,100542_00001,1,0.6812687406296851,1.0,0.3240102913104822,0.9912885427474976,10037.65234375,1.7743537364981856
scale1.3,0,1.3,100558_00001,0,0.7240822602344801,,0.0,0.9903102517127991,12586.6484375,1.7861112031746222
scale1.3,0,1.3,100588_00001,1,0.7030904710263546,1.0,0.8838113448056086,0.9872035384178162,14989.2392578125,1.872307436088903
scale1.3,0,1.3,100589_00001,1,0.7189530144346044,1.0,0.08777907289518515,0.9901592135429382,20874.091796875,1.865370694619219
scale1.3,0,1.3,100601_00001,0,0.6996703963917079,,0.0,0.993890643119812,17344.435546875,1.8528698533526868
scale1.3,0,1.3,100629_00001,1,0.6928799945917996,1.0,0.2312243969048703,0.986336886882782,1304.7037353515625,1.4790778763681063
scale1.3,0,1.3,100664_00001,1,0.7031034029693864,1.0,0.8278249921309412,0.9918437600135803,7439.111328125,1.7680833339567543
scale1.3,0,1.3,100687_00001,1,0.6509258376478293,1.0,0.5759968928016572,0.9910492897033691,11371.3974609375,1.7828152735961704
scale1.3,0,1.3,100693_00001,0,0.6956000618515773,,0.0,0.9880158305168152,18776.474609375,1.8598674309048844
scale1.3,0,1.3,100696_00001,0,0.7251152562340467,,0.0,0.9631266593933105,4793.861328125,1.6042600849021131
scale1.3,0,1.3,100706_00001,0,0.6693564037874222,,0.0,0.991169810295105,11255.5673828125,1.6362503579112153
scale1.3,0,1.3,100722_00001,1,0.707679452286966,1.0,0.4551811023622047,0.9816303849220276,13858.880859375,1.7230589126061409
scale1.3,0,1.3,100727_00001,1,0.6545176769425771,1.0,0.5619512195121952,0.9932418465614319,3125.145263671875,1.633145919190081
scale1.3,0,1.3,100762_00001,0,0.6893504711743607,,0.0,0.9776499271392822,1080.595703125,1.5015127058175426
scale1.3,0,1.3,100768_00001,0,0.711339314493798,,0.0,0.9867004752159119,35297.53125,1.9570139722170432
scale1.3,0,1.3,100793_00001,0,0.6954040690605495,,0.0,0.9778834581375122,989.9420776367188,1.467959300221524
scale1.3,0,1.3,100796_00001,1,0.697484221598878,1.0,0.8550576787255748,0.990767776966095,11367.0693359375,1.8442565787711405
scale1.3,0,1.3,100829_00001,0,0.7234669811320755,,0.0,0.8517679572105408,1744.8466796875,1.2161796083339687
scale1.3,0,1.3,100855_00001,0,0.663235294117647,,0.0,0.9194257855415344,1261.864501953125,1.4564115831108138
scale1.3,0,1.3,100858_00001,0,0.6546119126076482,,0.0,0.9755069613456726,2245.0498046875,1.499901852083526
scale1.3,0,1.3,100860_00001,1,0.6900206901568001,1.0,0.0,0.9873506426811218,5498.96923828125,1.6568965183687399
scale1.3,0,1.3,100868_00001,0,0.7057839858351367,,0.0,0.9879926443099976,12174.326171875,1.7938934164880367
scale1.3,0,1.3,100875_00001,1,0.7020504119871325,1.0,0.0,0.8967949151992798,1398.9241943359375,1.2741285653284493
scale1.3,0,1.3,100913_00001,1,0.7332182247436485,1.0,0.3981719508711797,0.9929746389389038,5969.19384765625,1.6933857061277637
scale1.3,0,1.3,100924_00001,0,0.663682422121391,,0.0,0.9831821918487549,2413.920166015625,1.6305113022592965
scale1.3,0,1.3,100927_00001,0,0.6366711539125333,,0.0,0.988863468170166,2072.574462890625,1.5882445626400274
scale1.3,0,1.3,100930_00001,0,0.6574367105862954,,0.0,0.9841850996017456,9770.775390625,1.8048762203222204
scale1.3,0,1.3,100943_00001,1,0.7104704767552045,1.0,0.948045757864633,0.9930558800697327,4689.666015625,1.7369137869672
scale1.3,0,1.3,100964_00001,0,0.7328510543276134,,0.0,0.8971559405326843,488.3697509765625,1.2110184818165093
scale1.3,0,1.3,100976_00001,1,0.7006820916993556,1.0,0.46262213133378777,0.9832467436790466,2450.224609375,1.6498228410915996
scale1.3,0,1.3,100995_00001,1,0.6424701608718215,1.0,0.0,0.9845458269119263,15492.3173828125,1.853970089404805
scale1.3,0,1.3,100999_00001,0,0.6571017292279266,,0.0,0.9810945987701416,934.8546142578125,1.4567669315307512
scale1.3,0,1.3,101000_00001,1,0.7110411102213129,1.0,0.0,0.9778622388839722,2928.793701171875,1.5781196642308093
scale1.3,0,1.3,101021_00001,1,0.7280036017494211,1.0,0.0,0.9843363761901855,6495.14453125,1.6737833491615342
scale1.3,0,1.3,101049_00001,1,0.7289006568034103,1.0,0.17111059587294228,0.9920312166213989,3822.40234375,1.5247335706291731
scale1.3,0,1.3,101056_00001,0,0.731501976284585,,0.0,0.8164795637130737,650.2646484375,1.1687168382772772
scale1.3,0,1.3,101064_00001,1,0.6377384130368043,1.0,0.8940684777366983,0.9909622073173523,3404.30615234375,1.7048423241423687
scale1.3,0,1.3,101078_00001,1,0.6584796915946681,1.0,0.7083124975958764,0.9903102517127991,16302.0078125,1.8434269402951207
scale1.3,0,1.3,101086_00001,0,0.6873383987364897,,0.0,0.8822250962257385,7070.81640625,1.5339481680539824
scale1.3,0,1.3,101094_00001,0,0.7131344976369386,,0.0,0.9161096215248108,3605.38720703125,1.54421398201158
scale1.3,0,1.3,101111_00001,1,0.6798457087753134,1.0,0.4230769230769231,0.9824904799461365,2431.666259765625,1.4912260465032534
scale1.3,0,1.3,101116_00001,0,0.7134665243251487,,0.0,0.8932163119316101,1441.3109130859375,1.3573257484090469
scale1.3,0,1.3,101123_00001,1,0.7311300442913385,1.0,0.0,0.9874235987663269,3384.841796875,1.5894277556351455
scale1.3,0,1.3,101127_00001,1,0.6558609149437024,1.0,0.7923559612093554,0.9920926690101624,4538.53369140625,1.7233625208512147
scale1.3,0,1.3,101129_00001,1,0.729622525866783,1.0,0.7696764847899565,0.9917163252830505,2563.895751953125,1.6385067636247985
scale1.3,0,1.3,101133_00001,1,0.6222830217358261,1.0,0.8761022023540992,0.9888418912887573,12031.7060546875,1.8456657539239854
scale1.3,0,1.3,101138_00001,0,0.7465675664205076,,0.0,0.9503649473190308,4564.578125,1.4940244725603014
scale1.3,0,1.3,101139_00001,1,0.6667004209807714,1.0,0.7639841962986068,0.9893680214881897,7952.92724609375,1.8015228294587446
scale1.3,0,1.3,101147_00001,1,0.7235998617218405,1.0,0.7838155078367741,0.9910145401954651,8481.818359375,1.788979756830823
scale1.3,0,1.3,101163_00001,1,0.6861026722092506,1.0,0.35118238651807554,0.9917961359024048,11548.033203125,1.6376391266851371
scale1.3,0,1.3,101168_00001,1,0.7247886782786885,1.0,0.028469750889679714,0.972701370716095,1152.4337158203125,1.5427525452230595
scale1.3,0,1.3,101198_00001,0,0.7179918316179068,,0.0,0.8509647250175476,850.2036743164062,1.3153520525031728
scale1.3,0,1.3,101219_00001,1,0.6899496384183007,1.0,0.1933994295803341,0.9918121099472046,4180.25927734375,1.6274142890091607
scale1.3,0,1.3,101220_00001,1,0.6526832409667733,1.0,0.5603582554517134,0.9926113486289978,10561.818359375,1.738151771346192
scale1.3,0,1.3,101234_00001,0,0.7066013810249709,,0.0,0.9877350926399231,7148.50537109375,1.7373737126051358
scale1.3,0,1.3,101235_00001,0,0.7065425432590564,,0.0,0.9784876704216003,16456.9140625,1.8352361501858632
scale1.3,0,1.3,101239_00001,0,0.7102927093074349,,0.0,0.988711953163147,2576.60009765625,1.5543617305829558
scale1.3,0,1.3,101266_00001,1,0.6545948467020694,1.0,0.6601034540297013,0.9917163252830505,4147.587890625,1.6862148988825392
scale1.3,0,1.3,101274_00001,1,0.6655022712897476,1.0,0.3537395928076681,0.9913222789764404,13494.46875,1.7534021353482887
scale1.3,0,1.3,101288_00001,0,0.6897047416763049,,0.0,0.9920002222061157,30311.99609375,1.856946431801384
scale1.3,0,1.3,101293_00001,0,0.6984676482709528,,0.0,0.9651520252227783,2870.01318359375,1.539413315109454
scale1.3,0,1.3,101319_00001,0,0.7068951456706559,,0.0,0.986828088760376,9631.15625,1.5732017471412885
scale1.3,0,1.3,101334_00001,0,0.7418345256024096,,nan,0.21288587152957916,295.0018615722656,0.21288587152957916
scale1.3,0,1.3,101342_00001,1,0.6581761006289308,1.0,0.5406376290974405,0.9898303151130676,1678.0897216796875,1.5401991132820194
scale1.3,0,1.3,101370_00001,0,0.7153620429851694,,0.0,0.9893269538879395,8547.998046875,1.7443111208298434
scale1.3,0,1.3,101404_00001,1,0.6591340884179759,1.0,0.18831081984753242,0.9870794415473938,8653.9228515625,1.6088408450344875
scale1.3,0,1.3,101406_00001,1,0.6374346950489848,1.0,0.25170068027210885,0.9529258608818054,1943.575927734375,1.4900719873720447
scale1.3,0,1.3,101414_00001,0,0.6794084115234509,,0.0,0.991305410861969,5500.08642578125,1.6730254004229999
scale1.3,0,1.3,101421_00001,1,0.6648954155897412,1.0,0.8166602125553978,0.9883801937103271,13617.44921875,1.8645684240219023
scale1.3,0,1.3,101435_00001,0,0.7317249098370849,,0.0,0.9886024594306946,3232.245361328125,1.4806461140412404
scale1.3,0,1.3,101443_00001,0,0.6999865503147426,,0.0,0.9915380477905273,4721.2841796875,1.6445351550306029
scale1.3,0,1.3,101450_00001,0,0.6637931034482759,,0.0,0.98046875,2383.725830078125,1.6175851118589823
scale1.3,0,1.3,101451_00001,1,0.7435742834971378,1.0,0.0,0.9912716746330261,31161.59765625,1.9021512311485278
scale1.3,0,1.3,101455_00001,0,0.7100638091274796,,0.0,0.9801483154296875,1921.5478515625,1.5476920089981039
scale1.3,0,1.3,101460_00001,0,0.6511409395973154,,0.0,0.9858003854751587,1878.58251953125,1.5210331311117693
scale1.3,0,1.3,101465_00001,0,0.7149357816166191,,nan,0.43171894550323486,262.21539306640625,0.43171894550323486
scale1.3,0,1.3,101469_00001,0,0.6772843360332961,,0.0,0.9921992421150208,4116.0498046875,1.5802278409197117
scale1.3,0,1.3,101485_00001,1,0.6956198347107438,1.0,0.473416551086454,0.9801102876663208,1055.9927978515625,1.4796014570310054
scale1.3,0,1.3,101496_00001,1,0.6683199524234315,1.0,0.812139156180607,0.9899476170539856,11006.2578125,1.80984557749107
scale1.3,0,1.3,101526_00001,0,0.6684350132625995,,0.0,0.9358759522438049,4963.5419921875,1.5512075161814527
scale1.3,0,1.3,101536_00001,1,0.6793793555664469,1.0,0.8788594089321121,0.9922893643379211,5403.72607421875,1.7494142511507607
scale1.3,0,1.3,101538_00001,1,0.6166082854607445,1.0,0.45291738879260546,0.9654463529586792,1460.5650634765625,1.4584674591228188
scale1.3,0,1.3,101547_00001,1,0.6665628350265469,1.0,0.6033519553072626,0.9927391409873962,2399.31591796875,1.6667842430125115
scale1.3,0,1.3,101555_00001,0,0.6878594309049697,,0.0,0.9875922799110413,3276.82373046875,1.5923552769567486
scale1.3,0,1.3,101556_00001,0,0.731026183659073,,0.0,0.9838781356811523,1103.13330078125,1.5129983366559512
scale1.3,0,1.3,101557_00001,0,0.7146848179895119,,0.0,0.9939024448394775,4414.54150390625,1.7185772010773297
scale1.3,0,1.3,101567_00001,0,0.6662049383698868,,0.0,0.9831821918487549,3001.966796875,1.463671687318626
scale1.3,0,1.3,101570_00001,0,0.6987341772151898,,0.0,0.9933717250823975,8416.0234375,1.7206692702383108
scale1.3,0,1.3,101576_00001,1,0.7003695491500369,1.0,0.0919624643002856,0.9854684472084045,2777.32958984375,1.568469612034797
scale1.3,0,1.3,101584_00001,1,0.6673926397498186,1.0,0.2978217821782178,0.9749884009361267,3503.02734375,1.6357336186970541
scale1.3,0,1.3,101591_00001,1,0.6694640473011635,1.0,0.4884011668287262,0.9910838603973389,5840.76806640625,1.7044190276281384
scale1.3,0,1.3,101594_00001,0,0.6843701149425288,,0.0,0.9894702434539795,9045.4453125,1.8116485011506016
scale1.3,0,1.3,101601_00001,0,0.739852284259903,,0.0,0.9883578419685364,6268.3671875,1.548216446194855
scale1.3,0,1.3,101604_00001,1,0.6959399628924725,1.0,0.0,0.9819446802139282,5362.30615234375,1.7343586173305219
scale1.3,0,1.3,101609_00001,0,0.6665228383334625,,0.0,0.9767358303070068,10169.7734375,1.7660251653295023
scale1.3,0,1.3,101613_00001,0,0.6867649024325047,,0.0,0.9871788024902344,22547.2890625,1.8495233203018584
scale1.3,0,1.3,101635_00001,1,0.6853940406571986,1.0,0.4177545691906005,0.9929198622703552,4721.390625,1.62281025659532
scale1.3,0,1.3,101663_00001,1,0.6750442913110787,1.0,0.0,0.9920926690101624,2885.208984375,1.5915892245251875
scale1.3,0,1.3,101681_00001,0,0.7185432414305654,,0.0,0.945600688457489,969.9173583984375,1.4518237158217906
scale1.3,0,1.3,101697_00001,1,0.6681686403897508,1.0,0.7474661261069028,0.9906237721443176,5995.99169921875,1.7313626340148422
scale1.3,0,1.3,101700_00001,0,0.7051702395964691,,0.0,0.9707710146903992,2220.27587890625,1.552248352605312
scale1.3,0,1.3,101701_00001,0,0.7256133800707226,,0.0,0.9846641421318054,5502.1416015625,1.5679351789201792
scale1.3,0,1.3,101722_00001,0,0.6672944217498673,,0.0,0.9916195869445801,3495.1201171875,1.6999454977323518
scale1.3,0,1.3,101733_00001,1,0.724217409552124,1.0,0.17840630949143324,0.9867004752159119,3317.541259765625,1.5610903945630756
scale1.3,0,1.3,101736_00001,0,0.7285974499089253,,0.0,0.9909622073173523,2303.5107421875,1.556055353716588
scale1.3,0,1.3,101741_00001,0,0.6898315844505023,,0.0,0.9866234660148621,4508.24462890625,1.6925879544075122
scale1.3,0,1.3,101748_00001,0,0.701098901098901,,0.0,0.9818752408027649,2269.57275390625,1.499279872805539
scale1.3,0,1.3,101750_00001,0,0.6682751212147606,,0.0,0.9928923845291138,4788.6484375,1.6851162783722566
scale1.3,0,1.3,101754_00001,0,0.7407407407407407,,0.0,0.9852713346481323,2702.396484375,1.6330340343748635
scale1.3,0,1.3,101759_00001,1,0.6928088803088803,1.0,0.42497504713319284,0.9934865236282349,5016.8193359375,1.6449552764358293
scale1.3,0,1.3,101768_00001,0,0.7041494035694773,,0.0,0.9744833707809448,18729.0078125,1.8604918181567411
scale1.3,0,1.3,101815_00001,1,0.6609603796172858,1.0,0.7477289931869796,0.9915052056312561,4563.98193359375,1.73072648627299
scale1.3,0,1.3,101821_00001,0,0.6611522485100235,,0.0,0.9466460347175598,4275.72119140625,1.5799558143164398
scale1.3,0,1.3,101837_00001,1,0.671056609734282,1.0,0.5517241379310345,0.9939496517181396,5243.9072265625,1.6802017618464091
scale1.3,0,1.3,101838_00001,1,0.714225892363612,1.0,0.8716551522817942,0.9931228756904602,5362.6611328125,1.7600158456198225
scale1.3,0,1.3,101848_00001,0,0.7242612460003764,,0.0,0.9671630263328552,3381.4248046875,1.4342827545714285
scale1.3,0,1.3,101872_00001,1,0.6770296748264704,1.0,0.5342613306819123,0.9890764951705933,15453.8759765625,1.783960067329717
scale1.3,0,1.3,101931_00001,1,0.6739859834421966,1.0,0.3976075192252919,0.9926542043685913,12589.900390625,1.7057424973312745
scale1.3,0,1.3,101940_00001,1,0.6511318045940844,1.0,0.09478132090596596,0.9923490285873413,68148.4453125,1.9553501375826445
scale1.3,0,1.3,101949_00001,0,0.7057443621711706,,0.0,0.9761518836021423,4148.52392578125,1.5913084376107178
scale1.3,0,1.3,101955_00001,1,0.6417492010999054,1.0,0.7862578821482931,0.9934357404708862,2574.6611328125,1.6498843647705577
scale1.3,0,1.3,101963_00001,0,0.7462131410256411,,0.0,0.9556928277015686,2681.736083984375,1.5835225668085455
scale1.3,0,1.3,101969_00001,1,0.6325744463675498,1.0,0.7217078749591548,0.9884026646614075,3852.939208984375,1.7089439458946099
scale1.3,0,1.3,101976_00001,1,0.6865040598189476,1.0,0.629817158931083,0.9925393462181091,4069.9580078125,1.6869854232190689
scale1.3,0,1.3,102013_00001,1,0.653994899489949,1.0,0.5014331478671388,0.9896518588066101,3598.31201171875,1.6768578626757848
scale1.3,0,1.3,102019_00001,0,0.6486363377555088,,0.0,0.8974258899688721,447.12847900390625,1.2375422651000874
scale1.3,0,1.3,102024_00001,1,0.6634370549393639,1.0,0.0028178936245156746,0.9901401400566101,3035.361572265625,1.6391306050091314
scale1.3,0,1.3,102026_00001,1,0.6382919591270809,1.0,0.2350597609561753,0.9901401400566101,5819.26904296875,1.7601303485644562
scale1.3,0,1.3,102035_00001,1,0.7224398543842988,1.0,0.032714412024756855,0.9468920826911926,2127.479736328125,1.4386373957618759
scale1.3,0,1.3,102037_00001,1,0.6544695974658117,1.0,0.6098003629764065,0.9931628704071045,3713.4638671875,1.6512166749817683
scale1.3,0,1.3,102047_00001,0,0.6877216073922854,,0.0,0.9847230911254883,1250.04150390625,1.5390362371923108
scale1.3,0,1.3,102082_00001,1,0.7209935897435897,1.0,0.08629840770591704,0.9691202640533447,6200.9052734375,1.6926288303216916
scale1.3,0,1.3,102083_00001,1,0.6660298275776824,1.0,0.5567295349066851,0.9906056523323059,4906.1435546875,1.6862669383569242
scale1.3,0,1.3,102103_00001,1,0.6938264414676761,1.0,0.5866894197952218,0.9609517455101013,3390.200439453125,1.5993135925656654
scale1.3,0,1.3,102112_00001,1,0.6464112451117128,1.0,0.704026721098534,0.9913390278816223,2742.67333984375,1.6420225702425892
scale1.3,0,1.3,102120_00001,0,0.6379969789495792,,0.0,0.9495759606361389,3670.51953125,1.6167922530142629
scale1.3,0,1.3,102128_00001,1,0.7042185145056259,1.0,0.11542239685658154,0.9839090704917908,2221.5068359375,1.4761142571180832
scale1.3,0,1.3,102141_00001,1,0.7260496063415771,1.0,0.6328561028876486,0.9797258973121643,2741.553955078125,1.5817901148180284
scale1.3,0,1.3,102155_00001,0,0.7225635814724705,,0.0,0.895339846611023,31646.8515625,1.7566400027753033
scale1.3,0,1.3,102163_00001,0,0.6700002541489821,,0.0,0.9865716695785522,1631.511962890625,1.5263002665800964
scale1.3,0,1.3,102171_00001,1,0.656013456686291,1.0,0.8100132625994695,0.9911354780197144,9844.1298828125,1.8288799618387859
scale1.3,0,1.3,102172_00001,0,0.6516042849436124,,0.0,0.9903663396835327,2270.37451171875,1.5750382167586148
scale1.3,0,1.3,102176_00001,0,0.6828998847888734,,0.0,0.9929198622703552,3031.890625,1.5632280179125846
scale1.3,0,1.3,102205_00001,1,0.7357261528486911,1.0,0.3625196850393701,0.988711953163147,8020.703125,1.5894657018313514
scale1.3,0,1.3,102215_00001,0,0.7026413535384285,,0.0,0.9810764789581299,13702.158203125,1.7926833642927766
scale1.3,0,1.3,102223_00001,0,0.6713676559391544,,0.0,0.9885361194610596,8225.5537109375,1.7839133005493788
scale1.6,0,1.6,100034_00001,1,0.4641144901610018,1.0,0.4623991567681518,0.9913892149925232,17039.20703125,1.7886188582990223
scale1.6,0,1.6,100036_00001,0,0.5567442349051545,,0.0,0.9812389612197876,815.298583984375,1.4524942236526064
scale1.6,0,1.6,100056_00001,1,0.5068907729857876,1.0,0.5064584311883513,0.990678071975708,12284.1650390625,1.8468363256297726
scale1.6,0,1.6,100058_00001,1,0.5551607828498294,1.0,0.07224423211372641,0.9898892045021057,3888.37890625,1.5997046594703215
scale1.6,0,1.6,100062_00001,0,0.5192120007229352,,0.0,0.9044819474220276,977.790771484375,1.3193481194364085
scale1.6,0,1.6,100073_00001,0,0.4447025466080139,,0.0,0.988244891166687,48736.87109375,1.9868694290349191
scale1.6,0,1.6,100085_00001,0,0.5139873557559994,,0.0,0.9911527037620544,3608.80712890625,1.5204469379819294
scale1.6,0,1.6,100086_00001,1,0.548007058206711,1.0,0.6307675837704743,0.9917163252830505,7683.345703125,1.7348078864539171
scale1.6,0,1.6,100093_00001,1,0.510956535476219,1.0,0.26877312268773124,0.9939730763435364,20628.08203125,1.8518805986016131
scale1.6,0,1.6,100105_00001,0,0.5535730049435028,,0.0,0.9812209606170654,2650.85009765625,1.4070854572551434
scale1.6,0,1.6,100108_00001,0,0.4776672066651238,,0.0,0.9708540439605713,1102.85791015625,1.410777541941917
scale1.6,0,1.6,100110_00001,1,0.4870893959435626,1.0,0.411395244504262,0.9923192858695984,4335.44921875,1.605527772454263
scale1.6,0,1.6,100116_00001,1,0.45730336038795777,1.0,0.5072097517466925,0.9928370118141174,3329.0927734375,1.6448427168349606
scale1.6,0,1.6,100140_00001,1,0.4483671069543578,1.0,0.0,0.9856905341148376,2987.982421875,1.5159441964354592
scale1.6,0,1.6,100142_00001,0,0.5148851383028599,,0.0,0.9899671077728271,4770.6171875,1.5978983513945517
scale1.6,0,1.6,100147_00001,0,0.5649953174290221,,0.0,0.9501341581344604,7466.6025390625,1.6459122537354218
scale1.6,0,1.6,100153_00001,1,0.5460336538461539,1.0,0.7772847579012923,0.9851576089859009,30848.171875,1.9566735595166709
scale1.6,0,1.6,100162_00001,1,0.5488312612906463,1.0,0.6957057313943541,0.986151397228241,21434.69921875,1.866737238181656
scale1.6,0,1.6,100163_00001,1,0.56255616014377,1.0,0.3955579058699101,0.9868026375770569,6667.6064453125,1.6670661020032507
scale1.6,0,1.6,100165_00001,0,0.5462811960586882,,0.0,0.9667260646820068,2562.46240234375,1.511061709137304
scale1.6,0,1.6,100167_00001,1,0.4866262495303902,1.0,0.19307295504789979,0.9932680726051331,21409.93359375,1.8608807884050194
scale1.6,0,1.6,100176_00001,1,0.46839423452294987,1.0,0.22173931939675778,0.9917163252830505,21110.90625,1.8545219585475923
scale1.6,0,1.6,100198_00001,0,0.5172671351341955,,0.0,0.9871540665626526,6313.9365234375,1.6395209035387999
scale1.6,0,1.6,100205_00001,1,0.47649829162434204,1.0,0.6681832954176146,0.9910666346549988,4936.3310546875,1.7141060763464564
scale1.6,0,1.6,100261_00001,1,0.4586080586080586,1.0,0.36777251184834125,0.9894906878471375,9406.4912109375,1.723055456729751
scale1.6,0,1.6,100267_00001,1,0.48133512277562385,1.0,0.5726007478188616,0.9917002320289612,12539.90625,1.7670776744435384
scale1.6,0,1.6,100278_00001,1,0.47649829162434204,1.0,0.6681832954176146,0.9910666346549988,4936.3310546875,1.7141060763464564
scale1.6,0,1.6,100280_00001,0,0.5468807997822375,,0.0,0.9883127808570862,14005.169921875,1.6928247522294038
scale1.6,0,1.6,100282_00001,0,0.594974249821386,,0.0,0.9914224743843079,4743.7841796875,1.6813695839132943
scale1.6,0,1.6,100286_00001,0,0.5614537734608376,,0.0,0.9846936464309692,2408.35107421875,1.5618758262495307
scale1.6,0,1.6,100292_00001,0,0.5505614177489178,,0.0,0.9898303151130676,3181.0419921875,1.6317107929267018
scale1.6,0,1.6,100319_00001,0,0.43242669124543426,,0.0,0.9872773289680481,3462.68212890625,1.554465344259848
scale1.6,0,1.6,100325_00001,0,0.5060329905304959,,0.0,0.9909971952438354,6937.1181640625,1.6163528786900874
scale1.6,0,1.6,100342_00001,0,0.4978669428397689,,0.0,0.9918121099472046,11656.505859375,1.7236907301299285
scale1.6,0,1.6,100349_00001,0,0.5885841375928984,,0.0,0.9064049124717712,1398.1282958984375,1.3384248473479687
scale1.6,0,1.6,100365_00001,0,0.4724781478856603,,0.0,0.990532636642456,5930.046875,1.658365572783015
scale1.6,0,1.6,100368_00001,1,0.5138621794871795,1.0,0.7670657041030796,0.9921385645866394,6080.03955078125,1.7493370511619555
scale1.6,0,1.6,100390_00001,0,0.5443887105806693,,0.0,0.9893680214881897,4657.8076171875,1.5780060396845255
scale1.6,0,1.6,100396_00001,0,0.5345990148593565,,0.0,0.9830850958824158,5564.23095703125,1.5096955056609689
scale1.6,0,1.6,100403_00001,1,0.5671686540570176,1.0,0.0156589821661592,0.9796676635742188,2530.34228515625,1.5902850435986324
scale1.6,0,1.6,100412_00001,0,0.5345279025962236,,0.0,0.9613890647888184,4562.7158203125,1.554336948347338
scale1.6,0,1.6,100418_00001,1,0.529650805712858,1.0,0.15883176635327065,0.9835337996482849,5242.2890625,1.6104067771330597
scale1.6,0,1.6,100424_00001,1,0.493942219820954,1.0,0.7204877329268893,0.9903102517127991,12601.9404296875,1.8018976626585155
scale1.6,0,1.6,100448_00001,0,0.49323552264728737,,0.0,0.9888418912887573,2968.201171875,1.6192287273456618
scale1.6,0,1.6,100463_00001,1,0.5014073063865595,1.0,0.5997824904839587,0.993320107460022,4843.98876953125,1.6787538753808036
scale1.6,0,1.6,100480_00001,0,0.5287668727066224,,0.0,0.9843363761901855,5373.3388671875,1.5543563324248673
scale1.6,0,1.6,100506_00001,1,0.4779205408686509,1.0,0.537274646743544,0.9917643666267395,5057.8896484375,1.6823548405529367
scale1.6,0,1.6,100542_00001,1,0.5122696785807613,1.0,0.2948079086963511,0.9910666346549988,11046.08203125,1.7777689541108805
scale1.6,0,1.6,100558_00001,0,0.5713350524811903,,0.0,0.9805247783660889,8221.9052734375,1.669811063081549
scale1.6,0,1.6,100588_00001,1,0.5581779970760234,1.0,0.851691129546905,0.9875683188438416,15726.673828125,1.8668604574283818
scale1.6,0,1.6,100589_00001,1,0.5571361719735183,1.0,0.07479102507699076,0.992046594619751,28190.669921875,1.9142906479156503
scale1.6,0,1.6,100601_00001,0,0.522770811676781,,0.0,0.9900250434875488,33707.55859375,1.9053373925306323
scale1.6,0,1.6,100629_00001,1,0.5210265414746607,1.0,0.11175166297117517,0.9348725080490112,1857.298095703125,1.3402194619218784
scale1.6,0,1.6,100664_00001,1,0.5411869969167765,1.0,0.8428991029610224,0.9921233057975769,7450.8544921875,1.774659036564928
scale1.6,0,1.6,100687_00001,1,0.4771846017333382,1.0,0.6975759002118146,0.9909272193908691,9378.4140625,1.781453003837939
scale1.6,0,1.6,100693_00001,0,0.5441859085583782,,0.0,0.9883578419685364,26705.544921875,1.828586388314431
scale1.6,0,1.6,100696_00001,0,0.5394000803912373,,0.0,0.9834068417549133,5878.6787109375,1.6627585312615458
scale1.6,0,1.6,100706_00001,0,0.48180098224701257,,0.0,0.9810219407081604,15810.537109375,1.660474548520012
scale1.6,0,1.6,100722_00001,1,0.5394981971153846,1.0,0.3162442874948068,0.9884026646614075,21223.8359375,1.8340758780747237
scale1.6,0,1.6,100727_00001,1,0.47708296683011675,1.0,0.19790266200591558,0.9933459758758545,10852.95703125,1.7473810331386284
scale1.6,0,1.6,100762_00001,0,0.5130865384615385,,0.0,0.9859634041786194,4218.1669921875,1.656701938198112
scale1.6,0,1.6,100768_00001,0,0.5440292203543087,,0.0,0.9780936241149902,39718.5234375,1.9617469646652657
scale1.6,0,1.6,100793_00001,0,0.5241190557646254,,0.0,0.9894906878471375,1480.4984130859375,1.5605562438893616
scale1.6,0,1.6,100796_00001,1,0.511013112122023,1.0,0.8483991747535723,0.9907855987548828,12340.841796875,1.8458120509019955
scale1.6,0,1.6,100829_00001,0,0.544878526563202,,0.0,0.9848692417144775,2447.779052734375,1.5245244074480837
scale1.6,0,1.6,100855_00001,0,0.4932938803878157,,0.0,0.9809673428535461,2226.201171875,1.5291934240642375
scale1.6,0,1.6,100858_00001,0,0.46204426946998095,,0.0,0.976669192314148,1898.86083984375,1.4788002811728325
scale1.6,0,1.6,100860_00001,1,0.5133421127074476,1.0,0.0,0.9909096360206604,12894.259765625,1.6572836358815914
scale1.6,0,1.6,100868_00001,0,0.5424145954254899,,0.0,0.9881993532180786,21183.33984375,1.8331798770845462
scale1.6,0,1.6,100875_00001,1,0.5263296935540683,1.0,0.0,0.9413852691650391,1994.5238037109375,1.3500722796806925
scale1.6,0,1.6,100913_00001,1,0.5632496002132196,1.0,0.22933289462860904,0.9936487078666687,11146.0048828125,1.76432508146721
scale1.6,0,1.6,100924_00001,0,0.4623606123606124,,0.0,0.9856352806091309,3957.88623046875,1.642425270397458
scale1.6,0,1.6,100927_00001,0,0.4735390072042467,,0.0,0.9862577319145203,3355.760986328125,1.5293941990713835
scale1.6,0,1.6,100930_00001,0,0.45941365327797706,,0.0,0.988469660282135,10533.623046875,1.7889064954281162
scale1.6,0,1.6,100943_00001,1,0.54559375,1.0,0.9454238106737503,0.9919691681861877,4890.06884765625,1.7298156875409012
scale1.6,0,1.6,100964_00001,0,0.5719651442307693,,0.0,0.9871044158935547,2379.1689453125,1.487234614988995
scale1.6,0,1.6,100976_00001,1,0.515562186758023,1.0,0.25218204488778057,0.988244891166687,5909.7626953125,1.6671215160267154
scale1.6,0,1.6,100995_00001,1,0.44787596842876787,1.0,0.0,0.9497627019882202,16930.416015625,1.8041830794850588
scale1.6,0,1.6,100999_00001,0,0.47332911258837185,,0.0,0.9914721846580505,2778.411865234375,1.531790927912511
scale1.6,0,1.6,101000_00001,1,0.5333524305555556,1.0,0.0,0.9820826053619385,18898.060546875,1.8281231961061044
scale1.6,0,1.6,101021_00001,1,0.5845712515024039,1.0,0.008268330733229329,0.9773492217063904,11335.76171875,1.770150891255215
scale1.6,0,1.6,101049_00001,1,0.5826327059363157,1.0,0.20036686891491462,0.9915215969085693,8126.43896484375,1.6003903779231794
scale1.6,0,1.6,101056_00001,0,0.5636316821156849,,0.0,0.9459012746810913,2951.23291015625,1.353972341990205
scale1.6,0,1.6,101064_00001,1,0.4349833173362585,1.0,0.5404461687681862,0.9908919930458069,8299.5595703125,1.7063703832472281
scale1.6,0,1.6,101078_00001,1,0.5010736476608187,1.0,0.7248381165560797,0.9899476170539856,16825.921875,1.8338284445874984
scale1.6,0,1.6,101086_00001,0,0.5232171292083713,,0.0,0.9858549237251282,14670.7666015625,1.7627898926247563
scale1.6,0,1.6,101094_00001,0,0.5443318874929945,,0.0,0.9845458269119263,7843.59228515625,1.7626628678585579
scale1.6,0,1.6,101111_00001,1,0.5145985401459854,1.0,0.3618640038040894,0.9883578419685364,4343.7080078125,1.608283634529069
scale1.6,0,1.6,101116_00001,0,0.5578210851648352,,0.0,0.9899476170539856,3268.66845703125,1.571750392509187
scale1.6,0,1.6,101123_00001,1,0.5855627111486487,1.0,0.0,0.9656736254692078,3231.37841796875,1.539683745350988
scale1.6,0,1.6,101127_00001,1,0.472854001509238,1.0,0.8170462894930198,0.9923043847084045,4294.9228515625,1.7246561158072702
scale1.6,0,1.6,101129_00001,1,0.5542499397622618,1.0,0.5243296921549155,0.9916681051254272,4846.517578125,1.6329751247234126
scale1.6,0,1.6,101133_00001,1,0.42881112514376757,1.0,0.4348728813559322,0.9894499182701111,35272.609375,1.912151418216208
scale1.6,0,1.6,101138_00001,0,0.580267802163969,,0.0,0.9886682629585266,8635.833984375,1.6297254077885213
scale1.6,0,1.6,101139_00001,1,0.5070148696257861,1.0,0.7574039067422811,0.9904221296310425,7953.27880859375,1.79652959473767
scale1.6,0,1.6,101147_00001,1,0.5817542727415198,1.0,0.8290516028725846,0.9908213019371033,8299.701171875,1.7834317984185821
scale1.6,0,1.6,101163_00001,1,0.5036592765806299,1.0,0.25649808583518036,0.9921992421150208,10799.640625,1.7151170593541492
scale1.6,0,1.6,101168_00001,1,0.5717787269830028,1.0,0.028424405782896348,0.9898695349693298,2218.153076171875,1.6054154409186017
scale1.6,0,1.6,101198_00001,0,0.5398210096706243,,0.0,0.9594212770462036,4186.36865234375,1.5599284775719904
scale1.6,0,1.6,101219_00001,1,0.5397322509686794,1.0,0.2301266504985179,0.992061972618103,5759.83203125,1.627579392666616
scale1.6,0,1.6,101220_00001,1,0.47693436926705285,1.0,0.36854975753305425,0.9926967024803162,18878.28125,1.817511560881806
scale1.6,0,1.6,101234_00001,0,0.5846330705705706,,0.0,0.9486324787139893,3194.720703125,1.5859603864058
scale1.6,0,1.6,101235_00001,0,0.5301023014170424,,0.0,0.9809855818748474,22483.8203125,1.8701400654883338
scale1.6,0,1.6,101239_00001,0,0.5282841550660424,,0.0,0.9836912155151367,4551.8818359375,1.5092833490446986
scale1.6,0,1.6,101266_00001,1,0.48879040667361834,1.0,0.3957486714598312,0.9898695349693298,8228.955078125,1.7053595875919267
scale1.6,0,1.6,101274_00001,1,0.49002752071614347,1.0,0.2508953539714468,0.9906960725784302,21728.025390625,1.7466052647699035
scale1.6,0,1.6,101288_00001,0,0.5254653809263665,,0.0,0.9892232418060303,33704.1171875,1.8984206336318703
scale1.6,0,1.6,101293_00001,0,0.5610434322033898,,0.0,0.9769347906112671,5128.08203125,1.5797047811141587
scale1.6,0,1.6,101319_00001,0,0.5416602340019628,,0.0,0.9910492897033691,17363.28515625,1.6960007721301769
scale1.6,0,1.6,101334_00001,0,0.5941183525219298,,0.0,0.9167826771736145,1356.6884765625,1.4130194010546557
scale1.6,0,1.6,101342_00001,1,0.45972491469124466,1.0,0.14443625644804717,0.9913222789764404,3490.412353515625,1.5629952162430782
scale1.6,0,1.6,101370_00001,0,0.5312105181031576,,0.0,0.9887554049491882,16206.482421875,1.775160237147062
scale1.6,0,1.6,101404_00001,1,0.47026392961876834,1.0,0.3475423210279421,0.9820654988288879,4629.6240234375,1.6245161283051404
scale1.6,0,1.6,101406_00001,1,0.46626538176426985,1.0,0.20952749806351664,0.9845753908157349,2178.825439453125,1.604689179325736
scale1.6,0,1.6,101414_00001,0,0.506340094300432,,0.0,0.9927391409873962,12722.9072265625,1.722531044966506
scale1.6,0,1.6,101421_00001,1,0.5235084286930206,1.0,0.8196551724137932,0.9886024594306946,13826.6689453125,1.8614593394549768
scale1.6,0,1.6,101435_00001,0,0.5512494144415445,,0.0,0.9885140061378479,16969.099609375,1.691215925574208
scale1.6,0,1.6,101443_00001,0,0.5224040743670886,,0.0,0.9915707111358643,7532.72314453125,1.646131966474586
scale1.6,0,1.6,101450_00001,0,0.49496081560209815,,0.0,0.9810583591461182,4258.328125,1.5502026481005156
scale1.6,0,1.6,101451_00001,1,0.608972674863853,1.0,0.0,0.9910838603973389,31149.474609375,1.8662717008644898
scale1.6,0,1.6,101455_00001,0,0.5279837665643592,,0.0,0.95743727684021,3464.5576171875,1.4680859593464586
scale1.6,0,1.6,101460_00001,0,0.47952946603621266,,0.0,0.9895108342170715,3693.587158203125,1.6853990179111256
scale1.6,0,1.6,101465_00001,0,0.5495445222007722,,0.0,0.9811848998069763,2897.9990234375,1.603158017246414
scale1.6,0,1.6,101469_00001,0,0.4876872414657586,,0.0,0.9919379353523254,3574.96923828125,1.5875658084257322
scale1.6,0,1.6,101485_00001,1,0.5206630315249267,1.0,0.5456578456951174,0.980205237865448,1853.0,1.5299415082823877
scale1.6,0,1.6,101496_00001,1,0.46984417089238895,1.0,0.7736349011072206,0.9897116422653198,12441.9755859375,1.808974512544185
scale1.6,0,1.6,101526_00001,0,0.47088415079991813,,0.0,0.9864417314529419,3972.623046875,1.589202182215829
scale1.6,0,1.6,101536_00001,1,0.508830843457176,1.0,0.8333932422717469,0.9922594428062439,7109.2939453125,1.7478894528958617
scale1.6,0,1.6,101538_00001,1,0.4436672919220689,1.0,0.4043835616438356,0.9666317105293274,1882.9384765625,1.4787208388917479
scale1.6,0,1.6,101547_00001,1,0.5141756161394067,1.0,0.6261510128913443,0.9901401400566101,2772.697021484375,1.645546954341219
scale1.6,0,1.6,101555_00001,0,0.4966269401180436,,0.0,0.9933071732521057,5528.7548828125,1.5888956457728909
scale1.6,0,1.6,101556_00001,0,0.567225898672026,,0.0,0.9801863431930542,1995.302978515625,1.4837323361999781
scale1.6,0,1.6,101557_00001,0,0.5629459370765583,,0.0,0.9899476170539856,3495.478759765625,1.694293919056237
scale1.6,0,1.6,101567_00001,0,0.5213649654439129,,0.0,0.9731387495994568,3936.57080078125,1.5665992143933702
scale1.6,0,1.6,101570_00001,0,0.5322475954446214,,0.0,0.9872527718544006,16956.705078125,1.7682158875154064
scale1.6,0,1.6,101576_00001,1,0.5430696156103286,1.0,0.21015695744038634,0.9909272193908691,4560.98486328125,1.6683026700093497
scale1.6,0,1.6,101584_00001,1,0.48783259751001684,1.0,0.356551724137931,0.9864678382873535,6203.08203125,1.6900322640215224
scale1.6,0,1.6,101591_00001,1,0.48593805624777503,1.0,0.37458763435138875,0.9912548065185547,8293.6845703125,1.710769908941066
scale1.6,0,1.6,101594_00001,0,0.5052836503863022,,0.0,0.9898303151130676,9571.4697265625,1.8082788855437353
scale1.6,0,1.6,101601_00001,0,0.5689764109182324,,0.0,0.988863468170166,5669.2119140625,1.5451865091302943
scale1.6,0,1.6,101604_00001,1,0.533956928809995,1.0,0.0,0.9838781356811523,9169.267578125,1.7590093158570412
scale1.6,0,1.6,101609_00001,0,0.4958179597128041,,0.0,0.9863104820251465,12796.03125,1.7992193605267954
scale1.6,0,1.6,101613_00001,0,0.5162574568288854,,0.0,0.9845160245895386,28845.9375,1.8451970621967897
scale1.6,0,1.6,101635_00001,1,0.5228442301258119,1.0,0.439369851134557,0.9929609894752502,5220.07568359375,1.619696217818472
scale1.6,0,1.6,101663_00001,1,0.47494697470750563,1.0,0.0,0.9860442876815796,11984.46484375,1.5959976656938266
scale1.6,0,1.6,101681_00001,0,0.5638352725307237,,0.0,0.9580301642417908,1755.885986328125,1.3807451795586594
scale1.6,0,1.6,101697_00001,1,0.4960940178604396,1.0,0.7972892640589704,0.9906960725784302,5052.48095703125,1.7257971755894714
scale1.6,0,1.6,101700_00001,0,0.5295454545454545,,0.0,0.9343352913856506,2614.568359375,1.5403423980552549
scale1.6,0,1.6,101701_00001,0,0.5493117954323044,,0.0,0.9929746389389038,9508.591796875,1.662697238786899
scale1.6,0,1.6,101722_00001,0,0.4631595809438375,,0.0,0.9920772910118103,5365.7119140625,1.7201594381811502
scale1.6,0,1.6,101733_00001,1,0.5846175688341771,1.0,0.08299866131191433,0.9839090704917908,7555.28515625,1.615097561701486
scale1.6,0,1.6,101736_00001,0,0.5657327586206896,,0.0,0.9828562140464783,5570.3193359375,1.5239110340009991
scale1.6,0,1.6,101741_00001,0,0.5285285431184658,,0.0,0.9908567667007446,10585.7587890625,1.740281897838158
scale1.6,0,1.6,101748_00001,0,0.5309331406171298,,0.0,0.9902727007865906,4773.08056640625,1.5437394169213774
scale1.6,0,1.6,101750_00001,0,0.5025551390390232,,0.0,0.9910666346549988,6017.8056640625,1.662519300738309
scale1.6,0,1.6,101754_00001,0,0.5601337096520679,,0.0,0.9717254042625427,5668.595703125,1.5228858009703083
scale1.6,0,1.6,101759_00001,1,0.5328319428733032,1.0,0.3659450457951707,0.9939378499984741,6556.71923828125,1.648968695523689
scale1.6,0,1.6,101768_00001,0,0.5288316098163297,,0.0,0.9893062710762024,5502.24462890625,1.5534551249344732
scale1.6,0,1.6,101815_00001,1,0.47951613095577256,1.0,0.7004026209836584,0.9898499250411987,7495.97607421875,1.7477923154619037
scale1.6,0,1.6,101821_00001,0,0.456245521109207,,0.0,0.9859092831611633,5721.92822265625,1.6035042725514184
scale1.6,0,1.6,101837_00001,1,0.4990510625968685,1.0,0.4714927844807192,0.9940890073776245,6410.15380859375,1.6774615591758664
scale1.6,0,1.6,101838_00001,1,0.5288494135195606,1.0,0.6943601214251478,0.9933717250823975,8033.95556640625,1.7547946961376377
scale1.6,0,1.6,101848_00001,0,0.5558894230769231,,0.0,0.9887337684631348,9048.9375,1.7543196970402284
scale1.6,0,1.6,101872_00001,1,0.5089370111563651,1.0,0.5876156111318486,0.9897712469100952,16640.177734375,1.799302387423794
scale1.6,0,1.6,101931_00001,1,0.49965735762679536,1.0,0.6692940767358294,0.9924666285514832,6563.3681640625,1.6933810616545124
scale1.6,0,1.6,101940_00001,1,0.46846148948362587,1.0,0.06625482153943231,0.9926542043685913,92519.953125,2.0121392970567227
scale1.6,0,1.6,101949_00001,0,0.5300756585462468,,0.0,0.9845458269119263,6953.7099609375,1.7266022854539258
scale1.6,0,1.6,101955_00001,1,0.4661221962950617,1.0,0.5788623141564319,0.9933330416679382,4889.64990234375,1.6480112224446974
scale1.6,0,1.6,101963_00001,0,0.5939247448979592,,0.0,0.9690617918968201,2673.106201171875,1.6277136193200639
scale1.6,0,1.6,101969_00001,1,0.4376215291281014,1.0,0.6080186843129622,0.9865716695785522,5464.78369140625,1.7074011082080458
scale1.6,0,1.6,101976_00001,1,0.5072705133008617,1.0,0.6985091909104068,0.9926256537437439,3857.84912109375,1.698734242305753
scale1.6,0,1.6,102013_00001,1,0.47982957609750837,1.0,0.5130921749659452,0.9893062710762024,4227.4931640625,1.6954211510127233
scale1.6,0,1.6,102019_00001,0,0.440734970958124,,0.0,0.9905142784118652,898.6934204101562,1.472563365706684
scale1.6,0,1.6,102024_00001,1,0.4964774422633364,1.0,0.0,0.9885361194610596,3786.10986328125,1.6660770227138413
scale1.6,0,1.6,102026_00001,1,0.4681433452399441,1.0,0.15882055175904833,0.9896718263626099,13221.67578125,1.782781221122536
scale1.6,0,1.6,102035_00001,1,0.5526412969779155,1.0,0.0,0.9661240577697754,1276.976318359375,1.5148217567788531
scale1.6,0,1.6,102037_00001,1,0.48704231668642084,1.0,0.39311174891213774,0.9931893348693848,8582.953125,1.657280068865346
scale1.6,0,1.6,102047_00001,0,0.5130932896890343,,0.0,0.9884026646614075,1973.7613525390625,1.5527475332019864
scale1.6,0,1.6,102082_00001,1,0.5400034293552812,1.0,0.255093940195819,0.9892648458480835,4167.00634765625,1.584860365637154
scale1.6,0,1.6,102083_00001,1,0.48692787723785164,1.0,0.47092084006462037,0.991859495639801,4783.3984375,1.6678967125691317
scale1.6,0,1.6,102103_00001,1,0.5359741508006298,1.0,0.5819970486965076,0.9927951693534851,7934.87939453125,1.7313661404488958
scale1.6,0,1.6,102112_00001,1,0.4573012514449959,1.0,0.6020423264762469,0.9920312166213989,4245.79052734375,1.6533427265540557
scale1.6,0,1.6,102120_00001,0,0.44452871072589384,,0.0,0.9923341274261475,7539.31640625,1.6585748703331673
scale1.6,0,1.6,102128_00001,1,0.5328973185088293,1.0,0.19136522753792298,0.9893885254859924,4636.07666015625,1.53588488426473
scale1.6,0,1.6,102141_00001,1,0.5548466934983267,1.0,0.23894684550422254,0.9821169972419739,12915.2724609375,1.7744354967653586
scale1.6,0,1.6,102155_00001,0,0.5373609855542619,,0.0,0.9871540665626526,54722.2890625,1.7965029949557134
scale1.6,0,1.6,102163_00001,0,0.5028917522197558,,0.0,0.9925969839096069,3201.147216796875,1.5554728949355796
scale1.6,0,1.6,102171_00001,1,0.48770711920927956,1.0,0.6989405803777061,0.9908744096755981,13663.6259765625,1.8472239176387146
scale1.6,0,1.6,102172_00001,0,0.511391129032258,,0.0,0.9673178195953369,2175.68359375,1.538895930822109
scale1.6,0,1.6,102176_00001,0,0.5183466759919569,,0.0,0.9841545820236206,4236.443359375,1.5327044140219541
scale1.6,0,1.6,102205_00001,1,0.5576286672962784,1.0,0.24658378711599713,0.9907320141792297,11439.9482421875,1.6258444948871604
scale1.6,0,1.6,102215_00001,0,0.5367275593608314,,0.0,0.9878528118133545,16440.54296875,1.8237749610575782
scale1.6,0,1.6,102223_00001,0,0.497765267376859,,0.0,0.9886900782585144,8374.79296875,1.7860273652147207
