case,group,y,pred_vox,empty,dice_panc,dice_panc_lesion,lesion_vox,lesion_in_mask,centroid_offset_mm,crop_iou,lesion_in_crop
100003_00001,Toshiba,1,179843,False,0.5471000381441851,0.6328988131312181,16602,0.9600048186965426,5.5378745085475405,0.8480842060880761,1.0
100008_00001,Toshiba,0,393902,False,0.5001806725535807,0.5001806725535807,0,,24.243420262799606,0.5498192433977939,
100019_00001,Siemens,0,84255,False,0.4834609657519677,0.4834609657519677,0,,2.0556587801084403,0.9015736147576929,
100024_00001,Siemens,0,173590,False,0.6125401110375388,0.6125401110375388,0,,2.2251926130210453,0.8283190786500254,
100027_00001,Siemens,0,198971,False,0.5779318321262086,0.5779318321262086,0,,2.881059876446998,0.946111887562719,
100032_00001,Siemens,0,231383,False,0.6351869340592189,0.6351869340592189,0,,1.7311647652910416,0.871776901202359,
100045_00001,Toshiba,0,181202,False,0.5676611227019658,0.5676611227019658,0,,0.9911505970386533,0.854899501059349,
100057_00001,Siemens,0,189249,False,0.5785994105137484,0.5785994105137484,0,,2.8121854808100557,0.8681346497284558,
100078_00001,Toshiba,0,170506,False,0.6315444398247353,0.6315444398247353,0,,5.320318672812808,0.8743327178109787,
100081_00001,Siemens,0,205372,False,0.6335124451047509,0.6335124451047509,0,,3.2272914143816362,0.857075458981479,
100090_00001,Siemens,0,101094,False,0.5386950250791123,0.5386950250791123,0,,1.2389216994895762,0.8328291001196088,
100104_00001,Toshiba,0,770660,False,0.6007948734963853,0.6007948734963853,0,,3.318777389211371,0.7714925294151591,
100111_00001,Siemens,0,255612,False,0.5913483474540383,0.5913483474540383,0,,2.068311499716113,0.8883285379817873,
100112_00001,Other,0,184086,False,0.5763419130407954,0.5763419130407954,0,,0.6474093297014364,0.8839328537170263,
100113_00001,Siemens,1,256337,False,0.11951911524152806,0.27046375593570765,706499,0.1647504101208919,12.218610511580598,0.7578848223602022,0.9829794522002154
100115_00001,Toshiba,0,99258,False,0.5712533515887958,0.5712533515887958,0,,2.6152875006629075,0.8089041484173874,
100117_00001,Siemens,0,245310,False,0.6854878389340284,0.6854878389340284,0,,1.7291804344087622,0.9197944641774235,
100122_00001,Siemens,0,176082,False,0.5174586462454657,0.5174586462454657,0,,6.571857949606776,0.7892954811824456,
100124_00001,Philips,1,398291,False,0.6705723978598823,0.6935535070036948,10728,1.0,2.9326844231603744,0.9326467076492251,1.0
100141_00001,Toshiba,0,118137,False,0.5801600805195427,0.5801600805195427,0,,2.2603689710833472,0.8484086914663771,
100146_00001,Siemens,0,290154,False,0.6521042715021781,0.6521042715021781,0,,2.482110198929951,0.8689386144625992,
100154_00001,Toshiba,0,154241,False,0.6236064290219449,0.6236064290219449,0,,6.094282292767053,0.8525673411864813,
100169_00001,Toshiba,0,162988,False,0.5533036182485579,0.5533036182485579,0,,5.1981056748425845,0.8103155580687892,
100171_00001,Siemens,0,201813,False,0.5299464853919583,0.5299464853919583,0,,3.966401900932732,0.8561980176711167,
100172_00001,Toshiba,0,229161,False,0.6219057065160735,0.6219057065160735,0,,3.8440907011664565,0.8979379817053035,
100173_00001,Siemens,0,253159,False,0.6360534029397291,0.6360534029397291,0,,1.9811623794432847,0.9147875228544518,
100177_00001,Siemens,0,228854,False,0.5490563655873256,0.5490563655873256,0,,1.1764655200033858,0.8930495151023198,
100178_00001,Siemens,0,87260,False,0.572565097493716,0.572565097493716,0,,2.8152235982601033,0.8994665989331979,
100186_00001,Siemens,0,176875,False,0.5960381163259657,0.5960381163259657,0,,3.5731562607264715,0.8653160465475618,
100188_00001,Siemens,0,270536,False,0.642425202149665,0.642425202149665,0,,5.16493014202528,0.859510028422494,
100191_00001,Toshiba,0,118086,False,0.5807201485830688,0.5807201485830688,0,,1.2819988622599283,0.8899293186316087,
100195_00001,Siemens,0,249084,False,0.6044633534025016,0.6044633534025016,0,,3.062702188711714,0.87487074373883,
100203_00001,Other,0,73526,False,0.47754621644108036,0.47754621644108036,0,,9.409660323100054,0.7582409530275168,
100206_00001,Siemens,0,72823,False,0.5507646749013724,0.5507646749013724,0,,1.7441370077253284,0.8389004490198226,
100207_00001,Toshiba,0,219805,False,0.6593664592881995,0.6593664592881995,0,,2.545026169228588,0.9035090127136624,
100213_00001,Siemens,1,98505,False,0.5912923035609546,0.6140925365870615,2328,1.0,2.023697782910802,0.8730322949955923,1.0
100219_00001,Philips,1,132544,False,0.6143135587948659,0.629221664974411,2098,1.0,0.4149190625072007,0.7962423143815986,1.0
100227_00001,Philips,0,235599,False,0.6771410997422479,0.6771410997422479,0,,7.353684301729943,0.8713966466910222,
100234_00001,Philips,1,123270,False,0.5484726371615832,0.5820022624434389,4084,1.0,3.6364741240754053,0.8550369847376096,1.0
100236_00001,Siemens,0,138067,False,0.564294034762881,0.564294034762881,0,,2.581691946115886,0.8407903021442917,
100237_00001,Philips,0,702192,False,0.6972021571031124,0.6972021571031124,0,,2.347530544805547,0.8894749922420816,
100247_00001,Philips,1,169582,False,0.43156541764107326,0.6708915573730367,41501,0.9815185176260813,6.342396574541122,0.9191242539262359,1.0
100249_00001,Siemens,0,188712,False,0.5597697767921127,0.5597697767921127,0,,4.801573987474819,0.8529018171573461,
100250_00001,Siemens,0,200049,False,0.5786734502535,0.5786734502535,0,,3.052071161002247,0.9054944272335577,
100257_00001,Siemens,1,125505,False,0.5998159262382268,0.6099365115758558,1734,0.8344867358708189,2.577391546435102,0.9087513793396146,1.0
100266_00001,Siemens,1,91650,False,0.44390449675187715,0.5377718231474802,7609,1.0,2.5566847275447997,0.8034410581262228,1.0
100294_00001,Toshiba,0,427223,False,0.5797184431797684,0.5797184431797684,0,,0.8371095700748085,0.8830688273003665,
100298_00001,Toshiba,0,214872,False,0.652602442536797,0.652602442536797,0,,1.0700015348194414,0.8914486657026423,
100300_00001,Siemens,0,214097,False,0.5746588797275676,0.5746588797275676,0,,1.48098929841685,0.8645718633901794,
100309_00001,Siemens,0,150144,False,0.47978290093092807,0.47978290093092807,0,,8.861173595501368,0.8400559044319856,
100312_00001,Siemens,1,146120,False,0.6534378527987181,0.6992225397619769,8121,0.9688462012067479,1.742777601265367,0.8952470921576406,1.0
100318_00001,Siemens,0,268165,False,0.6448384542996699,0.6448384542996699,0,,4.634018615094458,0.9363733868969825,
100320_00001,Toshiba,0,207974,False,0.5494379285142519,0.5494379285142519,0,,2.7035413452346733,0.8583445755187852,
100333_00001,Siemens,0,236643,False,0.5754579776116494,0.5754579776116494,0,,4.93879385428598,0.8388188619159024,
100337_00001,Siemens,0,100505,False,0.6141475009206253,0.6141475009206253,0,,1.967608682210556,0.8547377509173322,
100339_00001,Other,1,250882,False,0.6619181307262395,0.6821555489035744,6883,0.9055644341130321,0.6605338358187245,0.9021094293628688,1.0
100348_00001,Toshiba,0,150045,False,0.47980844034472653,0.47980844034472653,0,,1.1219726098297402,0.8285398427877461,
100355_00001,Siemens,1,58932,False,0.5795333126529487,0.5870009942970776,460,1.0,9.87191186574589,0.8472887434498506,1.0
100369_00001,Philips,1,272237,False,0.6209833469428154,0.6317497729002479,3180,1.0,3.6932462050928194,0.8733088485062316,1.0
100372_00001,Philips,1,420017,False,0.6385815160320786,0.7201841587779982,39756,0.9982895663547641,7.523600804960033,0.8917719178801766,1.0
100373_00001,Philips,1,116949,False,0.5952553498595531,0.6673943657988949,9846,0.9453585212268941,3.210614690341878,0.8387896800494008,1.0
100376_00001,Siemens,0,68501,False,0.5728504342766904,0.5728504342766904,0,,0.7967637393922675,0.8476443802655941,
100380_00001,Toshiba,0,646554,False,0.6695936550972807,0.6695936550972807,0,,2.34377602559658,0.857334232794342,
100383_00001,Siemens,0,151378,False,0.5726151958833362,0.5726151958833362,0,,3.296777395127259,0.8529924214081858,
100405_00001,Philips,1,505882,False,0.44615351768143524,0.6639969039726742,116887,0.943030448210665,17.736165449830132,0.8090084914841357,1.0
100406_00001,Siemens,0,221699,False,0.5223685259493502,0.5223685259493502,0,,1.5019246038463185,0.846891022995518,
100411_00001,Siemens,0,233176,False,0.6239434554359621,0.6239434554359621,0,,1.3856141163970923,0.9003478299901394,
100419_00001,Toshiba,1,93915,False,0.5083258784939655,0.6248880803831559,13292,0.8712007222389407,8.726859623619763,0.7735104415678138,1.0
100420_00001,Siemens,0,176322,False,0.5873637548063173,0.5873637548063173,0,,3.4842339648203997,0.8681879387813177,
100425_00001,Siemens,0,364405,False,0.7310606618881285,0.7310606618881285,0,,4.151725288604818,0.8906342038091498,
100441_00001,Siemens,0,137836,False,0.5299684873398806,0.5299684873398806,0,,9.187607326750895,0.8416729867982256,
100442_00001,Siemens,0,210903,False,0.5721397597306468,0.5721397597306468,0,,6.3733030416062455,0.8700547839205438,
100445_00001,Siemens,0,234674,False,0.6304151350914325,0.6304151350914325,0,,4.303802992876771,0.8803434438859326,
100446_00001,Toshiba,0,196002,False,0.6762136693313568,0.6762136693313568,0,,1.3259210386349798,0.8657744799257984,
100456_00001,Toshiba,0,131863,False,0.630229763311199,0.630229763311199,0,,1.227337108406276,0.815987460815047,
100466_00001,Toshiba,0,190529,False,0.612748908904855,0.612748908904855,0,,3.18077118699475,0.8531185840143851,
100467_00001,Philips,1,242898,False,0.6470234218488503,0.6619231783183809,4052,1.0,3.300713541720385,0.9201769632167045,1.0
100477_00001,Philips,1,77691,False,0.5758985586571793,0.6396022339810267,6227,0.8805203147583106,3.6862204790898843,0.9403482587064677,1.0
100482_00001,Siemens,0,87274,False,0.5624959163672003,0.5624959163672003,0,,2.5112807150891374,0.914850054197278,
100483_00001,Toshiba,0,140372,False,0.5755511947362345,0.5755511947362345,0,,4.384356547124338,0.864935709949782,
100487_00001,Toshiba,0,225414,False,0.5964682414944903,0.5964682414944903,0,,10.819766327340826,0.8321334947227588,
100491_00001,Toshiba,0,443615,False,0.6697713573091291,0.6697713573091291,0,,5.454630075317323,0.8857009977209902,
100519_00001,Toshiba,0,109215,False,0.47481046286598183,0.47481046286598183,0,,2.8714181907235963,0.8429391635291523,
100522_00001,Toshiba,0,141960,False,0.5388720596905686,0.5388720596905686,0,,1.4427754222044569,0.8378817632646954,
100524_00001,Siemens,0,274366,False,0.6554128493215786,0.6554128493215786,0,,4.423415503261812,0.8976692699841557,
100526_00001,Philips,1,118201,False,0.450294144383985,0.567760495625082,13540,0.9519202363367799,11.004538006431511,0.8210900473933649,1.0
100540_00001,Siemens,0,191287,False,0.6400621596270423,0.6400621596270423,0,,0.9568104023678975,0.8992867427302301,
100544_00001,Philips,1,42128,False,0.4606391696257853,0.49014074444523825,1073,1.0,3.3605401264220895,0.8183175709308114,1.0
100546_00001,Siemens,0,102222,False,0.5803541528557077,0.5803541528557077,0,,3.0091935682234827,0.8537421087528836,
100549_00001,Siemens,0,166686,False,0.5757254099404726,0.5757254099404726,0,,1.7739059286468013,0.8902160159790231,
100550_00001,Siemens,0,59730,False,0.09794774634208474,0.09794774634208474,0,,9.58594031026987,0.4848111505856571,
100551_00001,Siemens,0,162801,False,0.5984331714872956,0.5984331714872956,0,,4.2048026544075645,0.8131494215402135,
100572_00001,Siemens,0,182008,False,0.6712214100048461,0.6712214100048461,0,,10.843353741277028,0.8795483575838334,
100574_00001,Toshiba,1,64692,False,0.727163877533839,0.7395207084695834,1048,1.0,5.076504482964106,0.9095963128592123,1.0
100576_00001,Toshiba,1,93914,False,0.4587351579221498,0.5918662522900735,11944,0.9807434695244475,11.829071407865891,0.8376212023270847,1.0
100586_00001,Toshiba,0,139543,False,0.6185976343864098,0.6185976343864098,0,,1.0583225376782068,0.9157287050225142,
100590_00001,Siemens,0,119246,False,0.508128131167451,0.508128131167451,0,,4.925667553804241,0.9173207866520703,
100594_00001,Siemens,0,304279,False,0.7204351140320155,0.7204351140320155,0,,4.405868401713732,0.9232496935520301,
100596_00001,Siemens,0,496447,False,0.5572756909992913,0.5572756909992913,0,,6.181777958602512,0.909494354592486,
100597_00001,Siemens,0,308201,False,0.44773315985569817,0.44773315985569817,0,,6.347751840561403,0.8663320001833171,
100611_00001,Siemens,1,274136,False,0.5863108869618918,0.6779842099817364,26949,1.0,4.397396640202397,0.9117654635855424,1.0
100618_00001,Siemens,0,172455,False,0.5517396558189924,0.5517396558189924,0,,0.8362470067035852,0.8478206631571069,
100621_00001,Toshiba,0,170461,False,0.5340999088157607,0.5340999088157607,0,,4.677847992325113,0.8687656547284651,
100622_00001,Siemens,0,135803,False,0.6036704255361917,0.6036704255361917,0,,2.6348853293924615,0.8684912438169874,
100639_00001,Toshiba,0,266144,False,0.6714460164547126,0.6714460164547126,0,,3.6886354238285275,0.8958106667831802,
100641_00001,Siemens,0,221279,False,0.6971342068173514,0.6971342068173514,0,,1.3516473550837989,0.8837731717389762,
100652_00001,Philips,1,151408,False,0.5641124938015065,0.5675221084669422,504,1.0,5.365807873722847,0.9142367998635063,1.0
100655_00001,Siemens,1,127002,False,0.5750944148494346,0.5798051715097828,599,1.0,5.118647330364694,0.8873334668181283,1.0
100671_00001,Siemens,0,114383,False,0.4682325811233734,0.4682325811233734,0,,8.247569587351428,0.8483328153443147,
100675_00001,Siemens,0,89890,False,0.44116433569377667,0.44116433569377667,0,,7.722879855043323,0.7850351552626808,
100676_00001,Siemens,0,117737,False,0.5432200573559639,0.5432200573559639,0,,1.0767620380647636,0.8887798623402756,
100690_00001,Philips,1,49992,False,0.4901199717713479,0.5388631998292666,2269,1.0,8.623534906799433,0.8562026326286398,1.0
100695_00001,Toshiba,1,802400,False,0.6134730048062403,0.6187327165370237,4413,1.0,2.59309602728265,0.8727723280579773,1.0
100697_00001,Siemens,0,56926,False,0.4987377721678763,0.4987377721678763,0,,2.347730857488783,0.7968035535426555,
100715_00001,Philips,1,293902,False,0.5680615540251353,0.5979995095203061,8781,1.0,2.8908069326561456,0.845531893342787,1.0
100726_00001,Philips,0,216561,False,0.645625671504605,0.645625671504605,0,,4.271176201369113,0.8749404141876026,
100734_00001,Philips,1,47193,False,0.5808537042916101,0.5959682485294957,746,1.0,6.986643306933751,0.8455010336198455,1.0
100737_00001,Toshiba,0,203177,False,0.6042024347708301,0.6042024347708301,0,,1.2559782885478348,0.879405494922356,
100742_00001,Siemens,0,107937,False,0.5968831101757286,0.5968831101757286,0,,0.7257377645881405,0.8927069703572654,
100744_00001,Siemens,0,166047,False,0.5431580055348207,0.5431580055348207,0,,2.3574459498102076,0.8731572213562958,
100745_00001,Philips,1,214281,False,0.4959977009560658,0.6052883021664099,22362,0.9999105625614882,7.91164492124593,0.8346646923586486,1.0
100746_00001,Toshiba,0,68885,False,0.5824055615191944,0.5824055615191944,0,,2.5217879276838673,0.8929576322724508,
100747_00001,Toshiba,1,83562,False,0.5687779910428663,0.6488539911625394,7040,1.0,1.0836652727459815,0.8798599824978123,1.0
100784_00001,Philips,0,54391,False,0.5233503088091884,0.5233503088091884,0,,3.038857994506192,0.8526277009982757,
100792_00001,Siemens,0,89839,False,0.5439395891028531,0.5439395891028531,0,,3.7902243696067166,0.8345853933646729,
100795_00001,Philips,1,310547,False,0.594662291520311,0.6231139216586723,9564,0.9742785445420327,8.43729291680191,0.8708982942430019,1.0
100801_00001,Siemens,0,177391,False,0.6006835291400295,0.6006835291400295,0,,1.2721632638129783,0.8729511516755326,
100802_00001,Philips,0,80646,False,0.553266480002147,0.553266480002147,0,,1.73319315869845,0.8639078498293515,
100807_00001,Siemens,0,147092,False,0.5262121560924956,0.5262121560924956,0,,2.321868005631185,0.8131720569558517,
100815_00001,Toshiba,1,388472,False,0.4806554020254554,0.536356698599134,19552,1.0,13.156027010872583,0.9198935855749335,1.0
100823_00001,Siemens,0,233540,False,0.5950373663457569,0.5950373663457569,0,,1.1783319246565858,0.8532982061344531,
100827_00001,Toshiba,0,689658,False,0.7045820599171646,0.7045820599171646,0,,0.80671483742147,0.9095963479977576,
100834_00001,Toshiba,0,196999,False,0.5693358216200473,0.5693358216200473,0,,6.4849722801082414,0.8874553479889058,
100838_00001,Toshiba,0,124291,False,0.5479301318136539,0.5479301318136539,0,,1.7118027082494356,0.8662727206542578,
100839_00001,Siemens,0,209234,False,0.47707476387388664,0.47707476387388664,0,,8.904938476131061,0.8104833330353447,
100857_00001,Toshiba,0,284061,False,0.6752848868089258,0.6752848868089258,0,,4.239106686332682,0.9271752856842184,
100867_00001,Siemens,0,242976,False,0.5535380435913364,0.5535380435913364,0,,2.6914397684481477,0.8600823868181091,
100871_00001,Philips,1,269306,False,0.6286396266049071,0.6916836288213196,19017,1.0,3.3042594380371217,0.9088820896470952,1.0
100880_00001,Siemens,0,169640,False,0.5533210540164643,0.5533210540164643,0,,4.827871810630864,0.8911195177484633,
100882_00001,Toshiba,1,58098,False,0.5737502122395518,0.5772185590708366,201,1.0,6.740744066393211,0.8393559928443649,1.0
100892_00001,Siemens,0,186314,False,0.5881277642020025,0.5881277642020025,0,,0.6610232286560573,0.7960503858504536,
100904_00001,Siemens,1,69634,False,0.498185098477201,0.5435135810698217,2898,1.0,5.373835837111683,0.821029526153715,1.0
100906_00001,Siemens,0,295545,False,0.6170656197838473,0.6170656197838473,0,,2.0026586585046964,0.905148573082828,
100907_00001,Siemens,0,950113,False,0.6656340324923443,0.6656340324923443,0,,3.7006946144058372,0.8990651358796172,
100908_00001,Philips,1,42397,False,0.40654909030087905,0.5566048852751545,5594,1.0,1.7640517435684224,0.8867461016013978,1.0
100909_00001,Toshiba,0,197393,False,0.6124250673610483,0.6124250673610483,0,,4.756153122103907,0.8030107260676361,
100910_00001,Toshiba,0,123696,False,0.5510793554271816,0.5510793554271816,0,,0.9871588936458274,0.8590044583162896,
100918_00001,Siemens,0,211857,False,0.6115568680019946,0.6115568680019946,0,,4.274264213620449,0.9436769515750809,
100922_00001,Siemens,0,256154,False,0.6716355435364434,0.6716355435364434,0,,8.533560642963424,0.8758747523647895,
100931_00001,Philips,1,74706,False,0.5368902822529924,0.5420957229357091,369,1.0,3.527530638860649,0.7626777019665997,1.0
100940_00001,Siemens,0,217098,False,0.5870052181118981,0.5870052181118981,0,,1.7101521502912842,0.8366863253045251,
100951_00001,Siemens,0,252656,False,0.6646402232409807,0.6646402232409807,0,,4.16892523387044,0.9102798086539878,
100953_00001,Toshiba,0,122510,False,0.5743017912192439,0.5743017912192439,0,,0.5299021766324657,0.8459821936403692,
100966_00001,Siemens,0,124126,False,0.6394506373790185,0.6394506373790185,0,,0.5396357398344923,0.8890712155647832,
100982_00001,Siemens,0,300951,False,0.6354694366582272,0.6354694366582272,0,,1.9005094093097845,0.8793356983588817,
100998_00001,Siemens,0,107312,False,0.5495226930162452,0.5495226930162452,0,,1.712407855284755,0.87556376449193,
101025_00001,Siemens,0,215244,False,0.6506792528994395,0.6506792528994395,0,,4.776230080999894,0.9094714265947142,
101030_00001,Siemens,0,175696,False,0.5458218459906644,0.5458218459906644,0,,4.325039613497192,0.8284788172886179,
101031_00001,Philips,1,311524,False,0.4680317633984972,0.6732174725928444,63041,1.0,12.144276525259828,0.8149992567266241,1.0
101040_00001,Siemens,0,150073,False,0.5752032142259259,0.5752032142259259,0,,3.045923814096422,0.8244254217170809,
101041_00001,Toshiba,0,146175,False,0.6341144747449476,0.6341144747449476,0,,0.4375197647279283,0.8824226106879122,
101046_00001,Siemens,1,390372,False,0.6289656805310613,0.6396091837668922,4494,1.0,8.239490824020265,0.8367009992608733,1.0
101047_00001,Toshiba,0,137607,False,0.5968804821530002,0.5968804821530002,0,,4.035430684333452,0.926599116404149,
101054_00001,Toshiba,1,104392,False,0.6382428940568475,0.6489936994617759,1238,1.0,1.5888182148787482,0.8590458645736401,1.0
101055_00001,Toshiba,0,186114,False,0.6191672358959669,0.6191672358959669,0,,2.531381760523763,0.89743854740878,
101062_00001,Philips,1,54901,False,0.5186952002771633,0.5551410857952404,1893,1.0,2.42390643053614,0.8105870239835262,1.0
101065_00001,Toshiba,0,616669,False,0.7047561650600733,0.7047561650600733,0,,2.3390174741941747,0.9058764836463348,
101066_00001,Siemens,0,178787,False,0.5222135555646783,0.5222135555646783,0,,2.8896191684522927,0.80467373752202,
101069_00001,Toshiba,0,184091,False,0.6609151854978964,0.6609151854978964,0,,2.1992016869447233,0.872031852173064,
101090_00001,Toshiba,0,94892,False,0.5406489550016335,0.5406489550016335,0,,5.437729161610149,0.8243183492999263,
101092_00001,Philips,1,165956,False,0.5758513150086488,0.641946967295027,11564,1.0,4.431704624114965,0.8848518950202966,1.0
101096_00001,Siemens,0,192751,False,0.6074249122794416,0.6074249122794416,0,,0.5987773240211754,0.874533432867655,
101098_00001,Toshiba,0,235188,False,0.5844220472818625,0.5844220472818625,0,,1.712486640350216,0.8750939810304743,
101104_00001,Other,0,181710,False,0.6087544338024746,0.6087544338024746,0,,2.4460107346248265,0.8666370312791994,
101112_00001,Toshiba,1,157135,False,0.4733569475994302,0.5951446982184886,19102,0.9599518375039263,4.479163734450083,0.8407332531497641,1.0
101118_00001,Philips,1,386869,False,0.5144639991461495,0.6742545143392664,64330,0.9887610757034043,6.2005545212382325,0.8284653771902225,1.0
101119_00001,Toshiba,0,79900,False,0.5021970429736079,0.5021970429736079,0,,7.35655141830172,0.8341504195522712,
101122_00001,Toshiba,1,214891,False,0.5962361652076665,0.6115067606265097,10100,0.540990099009901,3.386683604430386,0.8597522903541258,1.0
101124_00001,Philips,0,100761,False,0.5781620507671883,0.5781620507671883,0,,10.03057123265138,0.8514250972817204,
101132_00001,Philips,1,373211,False,0.5919096591751931,0.6305657110925248,15033,1.0,7.884121941098157,0.845338653838222,1.0
101137_00001,Toshiba,1,97392,False,0.4563946435419618,0.5681762083835465,9975,1.0,5.829149925768057,0.9208403479236813,1.0
101150_00001,Toshiba,0,439705,False,0.5589316265379295,0.5589316265379295,0,,7.2236754067099485,0.8317857729626622,
101152_00001,Toshiba,0,149775,False,0.5804867994528659,0.5804867994528659,0,,1.6208924904217688,0.8558842039018251,
101155_00001,Siemens,0,191680,False,0.5742564778572717,0.5742564778572717,0,,5.027036980536264,0.8598119381628625,
101161_00001,Toshiba,1,148125,False,0.578032353850333,0.6178636111288077,6240,0.9903846153846154,2.6564176150820384,0.8875238691968015,1.0
101182_00001,Siemens,0,212409,False,0.5920840171528403,0.5920840171528403,0,,1.7684624964527091,0.8856422263045336,
101187_00001,Siemens,0,125022,False,0.6011172486320733,0.6011172486320733,0,,17.246530581711077,0.8983174449499026,
101208_00001,Siemens,0,111550,False,0.47244405411109525,0.47244405411109525,0,,10.895287354239473,0.8361127018228917,
101218_00001,Siemens,0,200112,False,0.6391359007944605,0.6391359007944605,0,,8.195665869484845,0.8700001876074539,
101229_00001,Philips,1,71722,False,0.5407128135525059,0.6114624090000287,5068,1.0,8.01909828038258,0.8297831413444164,1.0
101231_00001,Toshiba,0,89864,False,0.6137735099437036,0.6137735099437036,0,,6.502737386736245,0.8905162249752641,
101236_00001,Philips,1,141311,False,0.5414505902366101,0.5853507324633769,6020,1.0,10.466369525095677,0.8805357686453577,1.0
101241_00001,Siemens,0,49259,False,0.5332864716047213,0.5332864716047213,0,,5.78279217115306,0.8397604039408529,
101243_00001,Siemens,0,174733,False,0.5959501882793118,0.5959501882793118,0,,0.3496746550185817,0.866847214061888,
101248_00001,Toshiba,0,147049,False,0.6719676160185052,0.6719676160185052,0,,2.794092474200501,0.9151220029986599,
101250_00001,Siemens,0,155727,False,0.5960160079140249,0.5960160079140249,0,,1.6907629109631748,0.8375408937624704,
101252_00001,Toshiba,0,73242,False,0.5453092473288016,0.5453092473288016,0,,4.801810866076788,0.8736157593431098,
101264_00001,Philips,1,388731,False,0.5661087203801937,0.6928343145782323,53389,0.9912154189065163,2.546203648176549,0.8458986135189825,1.0
101271_00001,Siemens,1,210281,False,0.6292366646724983,0.6481826966313634,4334,1.0,6.038723489826212,0.8886569411016466,1.0
101277_00001,Toshiba,0,149538,False,0.6084458727355719,0.6084458727355719,0,,3.0558546990702626,0.8340799673815884,
101285_00001,Siemens,0,275953,False,0.6437031782893011,0.6437031782893011,0,,0.7474730380402749,0.9049440847557386,
101290_00001,Siemens,1,138615,False,0.43960595606598407,0.547802140867714,137880,0.34475630983463884,8.568570102158507,0.9377082111114583,1.0
101305_00001,Siemens,0,65619,False,0.5331188345566467,0.5331188345566467,0,,1.0323367691161784,0.865546218487395,
101307_00001,Siemens,0,192737,False,0.5456284891049883,0.5456284891049883,0,,1.279915182398993,0.865851484795551,
101311_00001,Toshiba,0,187694,False,0.6301997247686382,0.6301997247686382,0,,1.3038359293547472,0.8732647758604618,
101313_00001,Philips,1,137491,False,0.6288916004681625,0.6443530715252985,2290,1.0,3.9929430320892183,0.8697314696415186,1.0
101314_00001,Philips,1,208231,False,0.3224968845042655,0.6914756679747057,70513,0.9986810942663055,13.759730334612879,0.8148511785630669,1.0
101336_00001,Philips,1,392297,False,0.6019312780495977,0.6326616288832914,12880,1.0,6.049748582474793,0.8651222400315473,1.0
101339_00001,Siemens,1,83282,False,0.5331796910735019,0.5520930111401505,1485,1.0,2.157996935591852,0.815973562391998,1.0
101344_00001,Toshiba,0,166276,False,0.6311801710297827,0.6311801710297827,0,,0.5451987571676384,0.9164695961583453,
101346_00001,Toshiba,0,166342,False,0.5828162793143338,0.5828162793143338,0,,2.9444516831355236,0.8919856691551508,
101357_00001,Siemens,0,254257,False,0.6249251354276614,0.6249251354276614,0,,3.847184698881107,0.9010670340358908,
101367_00001,Philips,1,130067,False,0.6057844183564568,0.6142659389966427,1147,1.0,0.4462113141112857,0.8555060382526959,1.0
101377_00001,Siemens,1,107295,False,0.5129689321720047,0.557324692434112,4483,1.0,2.9053084229235657,0.8765595600526516,1.0
101378_00001,Philips,1,374720,False,0.6186069540846248,0.6233406649810503,5976,0.5284471218206158,1.1995749939593077,0.8701287750811931,1.0
101382_00001,Siemens,0,273191,False,0.6396579185963881,0.6396579185963881,0,,2.8227880266814025,0.8671049186043208,
101388_00001,Toshiba,0,456732,False,0.5471551422468462,0.5471551422468462,0,,1.8486626891900664,0.8314975392547457,
101391_00001,Siemens,1,112479,False,0.5774641698003051,0.595690607053192,2818,0.8129879347054648,2.735746975711185,0.789422389708271,1.0
101392_00001,Siemens,1,101430,False,0.5407688219663419,0.5832766077408087,4312,0.9872448979591837,3.2312258058959666,0.7866565712455226,1.0
101396_00001,Toshiba,1,45173,False,0.6281083182559026,0.6468733423704839,991,0.9566094853683148,2.73384866333505,0.8367493833554243,1.0
101398_00001,Toshiba,0,160698,False,0.5990584944439232,0.5990584944439232,0,,5.343189677828787,0.9380522285489888,
101416_00001,Siemens,0,179452,False,0.5949239131279985,0.5949239131279985,0,,1.1626237011870852,0.8327946558008407,
101420_00001,Siemens,0,63903,False,0.44827293764159976,0.44827293764159976,0,,2.794416469471731,0.8182859506498878,
101429_00001,Toshiba,0,250688,False,0.5950319668314499,0.5950319668314499,0,,2.903765674013018,0.8483456743121138,
101431_00001,Siemens,0,64860,False,0.6058798911906257,0.6058798911906257,0,,1.5028977094886165,0.8962798794176372,
101447_00001,Siemens,0,178529,False,0.5655529253702697,0.5655529253702697,0,,3.3901082681010077,0.8430811835886939,
101458_00001,Toshiba,0,249576,False,0.6018552875695733,0.6018552875695733,0,,3.8405462769106715,0.9017696869334056,
101468_00001,Toshiba,0,294651,False,0.6468224316098343,0.6468224316098343,0,,1.5545322559614203,0.8966344584014276,
101476_00001,Siemens,0,72117,False,0.5473391985140654,0.5473391985140654,0,,2.453870125135379,0.80961202368827,
101477_00001,Philips,0,297862,False,0.623091981812933,0.623091981812933,0,,4.720091297696123,0.907248612856685,
101491_00001,Toshiba,0,192970,False,0.49185806034499546,0.49185806034499546,0,,6.590223473578114,0.7878051748737204,
101501_00001,Philips,1,476822,False,0.665506296994286,0.6694391527734662,2155,1.0,2.2904059693989804,0.8560059241584301,1.0
101512_00001,Toshiba,1,311707,False,0.5555458176886814,0.5639023092744737,2523,1.0,0.7137918680727066,0.8448216712946701,1.0
101513_00001,Siemens,0,212747,False,0.6307173094796257,0.6307173094796257,0,,6.3466875775859855,0.8388224223685979,
101515_00001,Toshiba,0,96671,False,0.5511387876383722,0.5511387876383722,0,,1.0629061807695357,0.8004415044372234,
101524_00001,Siemens,0,176823,False,0.6270318758989746,0.6270318758989746,0,,2.686164072100814,0.8335580815226207,
101528_00001,Toshiba,0,212882,False,0.5822391632649023,0.5822391632649023,0,,3.5136749406780945,0.8762125650271594,
101540_00001,Siemens,1,149957,False,0.5478810696013129,0.5662271065762446,2651,1.0,5.891501129418697,0.8192097488325724,1.0
101543_00001,Philips,1,389367,False,0.2769286568900428,0.7464923178763473,173246,0.9860198792468513,21.703861834065883,0.7839134023634635,1.0
101548_00001,Siemens,1,139602,False,0.5891002991282408,0.6099790747241116,3048,1.0,6.921013579108245,0.8663377313991654,1.0
101551_00001,Toshiba,0,492095,False,0.6324976483806035,0.6324976483806035,0,,0.9983100701339813,0.8864414795282248,
101559_00001,Toshiba,0,279315,False,0.6292840217895791,0.6292840217895791,0,,2.199075475624625,0.9085702891326022,
101560_00001,Philips,1,117906,False,0.5532825649358524,0.5988180382686235,7324,0.8121245221190606,5.679207915543273,0.8731142782144126,1.0
101561_00001,Philips,1,69336,False,0.5515887690950986,0.5800741160408288,2210,0.969683257918552,4.680901736535904,0.7919216424665967,1.0
101565_00001,Siemens,1,132807,False,0.6609489432155482,0.6663305006401985,1152,0.8029513888888888,1.3454149716626307,0.8706451402052422,1.0
101568_00001,Siemens,0,311514,False,0.6149709140396827,0.6149709140396827,0,,4.6876909795458905,0.8273486364445934,
101579_00001,Toshiba,0,157460,False,0.639965268319259,0.639965268319259,0,,6.331075596362536,0.850047232493998,
101589_00001,Philips,1,275209,False,0.6410924454034166,0.671143380022248,9244,1.0,2.4757114095406556,0.8755394179039219,1.0
101592_00001,Philips,1,39528,False,0.5197304074120178,0.5348939540614275,582,1.0,13.679032098596608,0.9400509084525586,1.0
101608_00001,Siemens,0,166692,False,0.630379829677926,0.630379829677926,0,,1.723682323722195,0.9075443462492749,
101611_00001,Toshiba,0,99320,False,0.5161132414130701,0.5161132414130701,0,,3.8409919857295933,0.7881872612684778,
101619_00001,Toshiba,0,165799,False,0.6324465698381835,0.6324465698381835,0,,0.92826387354121,0.9398496240601504,
101620_00001,Toshiba,0,112329,False,0.5592602223645738,0.5592602223645738,0,,3.3056357210208485,0.9041095890410958,
101622_00001,Philips,0,215303,False,0.619336027197549,0.619336027197549,0,,3.3714170386805953,0.8281487922290504,
101624_00001,Siemens,0,271535,False,0.6363972665056964,0.6363972665056964,0,,3.5833426721819692,0.9140088335476528,
101627_00001,Siemens,0,122182,False,0.6117639106384417,0.6117639106384417,0,,5.043904569751808,0.854181690586541,
101628_00001,Siemens,0,80250,False,0.5552751495911324,0.5552751495911324,0,,3.739359288014901,0.8139682528182032,
101637_00001,Toshiba,1,97494,False,0.4850446775016075,0.5863838238945133,9701,0.9998969178435213,16.33989207343944,0.8669950738916257,1.0
101645_00001,Toshiba,1,331707,False,0.50372975732402,0.6449968695317141,53661,0.9078101414435065,3.9934079785562835,0.871225777377197,1.0
101649_00001,Toshiba,0,138895,False,0.5370079735409052,0.5370079735409052,0,,2.749526058319609,0.8821157829120669,
101671_00001,Toshiba,0,144313,False,0.6117216807736535,0.6117216807736535,0,,4.00098684834619,0.8628955371319594,
101678_00001,Toshiba,0,88409,False,0.54051428947715,0.54051428947715,0,,1.5693009419653876,0.8419251029987497,
101689_00001,Siemens,1,134833,False,0.4523731924455804,0.503259841735928,5946,1.0,4.516709576793882,0.8075435203094777,1.0
101714_00001,Other,0,223999,False,0.6374755218721719,0.6374755218721719,0,,0.879754649173901,0.8854274477333886,
101717_00001,Toshiba,1,216854,False,0.34968503697392045,0.6223674976448943,53446,0.9818134191520413,19.1163373375436,0.8594695927352779,1.0
101723_00001,Toshiba,0,55058,False,0.38802737589881314,0.38802737589881314,0,,5.387914512978125,0.7676258380827914,
101731_00001,Toshiba,0,108447,False,0.5769938530206334,0.5769938530206334,0,,3.723078673753345,0.8829423868312757,
101749_00001,Toshiba,1,416737,False,0.5067515969025443,0.551336399467552,17249,1.0,7.0514160710219285,0.8546268198292278,1.0
101757_00001,Siemens,1,209527,False,0.5336957507833381,0.5514916498629854,3521,1.0,6.559317969229058,0.8019889552881944,1.0
101773_00001,Philips,1,164262,False,0.5053800449242809,0.5057190540155493,287,0.3832752613240418,6.680473226372463,0.7816314834995487,1.0
101779_00001,Siemens,0,183350,False,0.5685015029242946,0.5685015029242946,0,,0.35506284052498915,0.8959104458407497,
101790_00001,Siemens,0,346748,False,0.6475815217391304,0.6475815217391304,0,,3.3843892974154475,0.9238087427212335,
101804_00001,Toshiba,0,140660,False,0.6408576306427461,0.6408576306427461,0,,1.6097157547718222,0.87424578527063,
101806_00001,Siemens,1,81480,False,0.4590984353779465,0.468685001155535,673,1.0,6.864785058386506,0.8336592725037716,1.0
101816_00001,Philips,1,121365,False,0.5655520977139247,0.6549060909250483,11356,1.0,9.509126583054112,0.8329361955035027,1.0
101824_00001,Toshiba,0,179773,False,0.5924492284850734,0.5924492284850734,0,,3.5662516500004284,0.8117908963314487,
101826_00001,Toshiba,0,113085,False,0.5798117252306833,0.5798117252306833,0,,4.5622395294085925,0.8768482690095712,
101830_00001,Siemens,0,134703,False,0.6040770043553334,0.6040770043553334,0,,2.122705612154541,0.8505940687477137,
101836_00001,Philips,1,412428,False,0.42276558998097724,0.7030167479263952,115993,0.985930185442225,11.034670174121432,0.8865666725353113,1.0
101841_00001,Siemens,1,606670,False,0.33892384447727025,0.7338745355207175,352516,0.7848523187599995,14.761499316631088,0.8479249422156805,1.0
101842_00001,Toshiba,1,61437,False,0.47610711115494625,0.5510790186264052,4197,1.0,6.489864604251244,0.8266331169462837,1.0
101847_00001,Siemens,1,82083,False,0.4956664620273735,0.5264687235841082,2804,0.8716119828815977,3.2375123113317557,0.8516582398489472,1.0
101856_00001,Philips,1,202753,False,0.6367556908878724,0.6797399470262461,13279,0.8225016944046991,3.2216053284297077,0.8678996699864379,1.0
101865_00001,Siemens,0,300529,False,0.6181225637420922,0.6181225637420922,0,,2.1817702142020376,0.8837781970775277,
101871_00001,Toshiba,0,364098,False,0.6042834920514474,0.6042834920514474,0,,0.831702870646074,0.8987870000353644,
101874_00001,Siemens,0,206724,False,0.6020159279871714,0.6020159279871714,0,,7.07488171992683,0.8980895072016281,
101894_00001,Philips,0,136005,False,0.47358395428315314,0.47358395428315314,0,,13.453251536679018,0.8850894632206759,
101925_00001,Siemens,0,53346,False,0.5700187349922158,0.5700187349922158,0,,6.613273874937806,0.7900312998968199,
101933_00001,Toshiba,0,328044,False,0.6650740544454918,0.6650740544454918,0,,3.4598515082637133,0.8869313592757657,
101943_00001,Toshiba,0,95537,False,0.49395771574279035,0.49395771574279035,0,,1.452719699387666,0.8627323299038122,
101946_00001,Siemens,0,361584,False,0.6072507322139783,0.6072507322139783,0,,8.066265863367839,0.7882800426916415,
101951_00001,Toshiba,0,99203,False,0.4540458062808476,0.4540458062808476,0,,2.717561492508542,0.8389007117998715,
101979_00001,Siemens,0,427777,False,0.5597326537836301,0.5597326537836301,0,,7.552445012689229,0.8501702055616372,
101986_00001,Siemens,0,51447,False,0.4685956647357709,0.4685956647357709,0,,7.797028029483608,0.7752336241050332,
101987_00001,Siemens,1,142044,False,0.5786859684867566,0.6289897961144526,7415,0.9954146999325691,1.123527439814086,0.9158429630155988,1.0
101991_00001,Toshiba,0,197409,False,0.6215398929983718,0.6215398929983718,0,,3.8790558314888925,0.8805899705014749,
101993_00001,Siemens,0,88942,False,0.4715556158989851,0.4715556158989851,0,,3.474691360863916,0.8135188445784803,
102020_00001,Siemens,1,72183,False,0.4746588693957115,0.5355584943647238,4882,0.869315854158132,1.9040091530334144,0.8481294729993494,1.0
102021_00001,Siemens,0,201746,False,0.5929864992690687,0.5929864992690687,0,,3.1734282035114427,0.8757910191430598,
102022_00001,Siemens,0,227927,False,0.6207709685258355,0.6207709685258355,0,,3.9738633215658803,0.8011942980962251,
102023_00001,Siemens,1,257023,False,0.5679294060681618,0.6270169896695978,15465,1.0,8.063740181401206,0.8559777878355325,1.0
102027_00001,Toshiba,0,281839,False,0.6286391358392638,0.6286391358392638,0,,2.485822651332222,0.8911091462815601,
102031_00001,Siemens,0,168778,False,0.7360119047619048,0.7360119047619048,0,,2.0086679974848454,0.9620445600650966,
102032_00001,Siemens,0,252468,False,0.6348298238643888,0.6348298238643888,0,,5.5751827967524665,0.9189560767998469,
102039_00001,Toshiba,1,101599,False,0.47381900546270117,0.6471756876372816,17417,0.9959235229947753,3.746217816177935,0.8547685001978631,1.0
102051_00001,Philips,1,127665,False,0.3622086485381313,0.6163262120231224,61285,0.6326507301949906,25.834515104686314,0.754436692575006,1.0
102052_00001,Siemens,0,143391,False,0.6114186668459186,0.6114186668459186,0,,4.603932567484252,0.8620101699971865,
102064_00001,Siemens,0,102805,False,0.5935704681579269,0.5935704681579269,0,,1.8589968673737556,0.8824872571648957,
102065_00001,Philips,1,418552,False,0.38954634162254687,0.6300897170462388,93257,0.9871216101740352,4.0275327882109595,0.9009413406420324,1.0
102066_00001,Other,1,108456,False,0.579201262253951,0.5959165415215516,1841,1.0,2.9605397962976445,0.9302176285549207,1.0
102076_00001,Siemens,0,224751,False,0.5585001787629603,0.5585001787629603,0,,3.7612791081360544,0.8636357375649244,
102077_00001,Toshiba,0,194430,False,0.5845889153642928,0.5845889153642928,0,,2.2238407419590245,0.8818276613897051,
102080_00001,Toshiba,0,111989,False,0.562798886239059,0.562798886239059,0,,2.5617967847122585,0.8052850797282275,
102091_00001,Philips,1,91240,False,0.674158440169396,0.6934674082567174,2045,1.0,1.5808910114823729,0.8762298747763864,1.0
102092_00001,Toshiba,0,277162,False,0.6509668468364309,0.6509668468364309,0,,1.753508687677972,0.9096841563676384,
102093_00001,Philips,0,344371,False,0.6954627437300062,0.6954627437300062,0,,2.4440934582365657,0.9014169604937458,
102094_00001,Philips,1,62997,False,0.496840601067274,0.6569129190960296,11447,0.9547479689001485,13.660931550463275,0.872380250153894,1.0
102095_00001,Toshiba,0,128013,False,0.38194619376290995,0.38194619376290995,0,,9.928594435101836,0.7402667994026879,
102096_00001,Toshiba,0,276465,False,0.5793547264979564,0.5793547264979564,0,,1.487775992917036,0.845844021773134,
102106_00001,Toshiba,0,259877,False,0.5697511606770002,0.5697511606770002,0,,2.872015895687711,0.8641886703012367,
102107_00001,Siemens,1,183673,False,0.5280657677140312,0.590534485974549,11149,1.0,5.668828955278548,0.7428643785491417,1.0
102116_00001,Toshiba,0,155888,False,0.5918329778875294,0.5918329778875294,0,,1.6885183564532507,0.8382619230210411,
102124_00001,Toshiba,0,166602,False,0.5112113596604179,0.5112113596604179,0,,4.793387066092,0.782227678038634,
102127_00001,Siemens,0,41527,False,0.5083167910192348,0.5083167910192348,0,,4.687873674593937,0.7028685600114172,
102137_00001,Philips,1,119574,False,0.6198012092341517,0.6203225695676561,66,1.0,1.1561723849780894,0.9111424989287584,1.0
102138_00001,Philips,1,39988,False,0.4834607524033003,0.5754155186205671,3411,1.0,3.0173634957463045,0.8845822566752799,1.0
102165_00001,Philips,0,174388,False,0.5440222005922919,0.5440222005922919,0,,9.369463985481415,0.843502497647144,
102169_00001,Siemens,0,200625,False,0.5796944498162832,0.5796944498162832,0,,1.6395061158459145,0.8722016099138591,
102175_00001,Philips,0,355712,False,0.6553548975961404,0.6553548975961404,0,,1.8063022493880565,0.8851819515910315,
102179_00001,Philips,1,117994,False,0.5145324531080356,0.5566892805393379,4681,1.0,9.540832670227527,0.8433299157241093,1.0
102184_00001,Siemens,0,205754,False,0.5219571602550326,0.5219571602550326,0,,3.1050570881770994,0.8684904380432181,
102187_00001,Toshiba,0,141462,False,0.6049436082838842,0.6049436082838842,0,,0.7430557907279859,0.8957382320251193,
102193_00001,Siemens,1,91556,False,0.41485031174318543,0.6042238648363253,16138,0.9853141653240798,7.223016217033516,0.8523555530425899,1.0
102195_00001,Toshiba,1,64845,False,0.3186253547408934,0.4646481371969249,7381,0.9956645440997155,3.8882314592021077,0.8318286805850562,1.0
102197_00001,Toshiba,0,126193,False,0.5692263964822525,0.5692263964822525,0,,2.0866272043996497,0.9046559029149762,
102216_00001,Siemens,1,216816,False,0.5905590481195301,0.6278891306476011,8387,1.0,1.2485901254120542,0.8773817580192209,1.0
100000_00001,Toshiba,0,150394,False,0.6485660271107357,0.6485660271107357,0,,2.1795636834882925,0.8894372662285771,
100002_00001,Toshiba,1,395454,False,0.6099526689899232,0.6896467474941061,37468,0.9753122664673854,5.395674791563311,0.8642275059270158,1.0
100011_00001,Siemens,1,283914,False,0.6799082562437366,0.6939668990025737,4651,1.0,1.3579330033688752,0.8727619850109576,1.0
100021_00001,Siemens,1,107457,False,0.5108382098409296,0.6336910160810565,24853,0.676698990061562,12.726340080234625,0.8135221459962696,1.0
100022_00001,Toshiba,0,128614,False,0.5874847026189116,0.5874847026189116,0,,5.705323467755057,0.8043476617426935,
100026_00001,Toshiba,0,161845,False,0.5815609595508927,0.5815609595508927,0,,0.7888073138832702,0.8882932419751679,
100031_00001,Siemens,0,215847,False,0.6126133574144971,0.6126133574144971,0,,2.357024057324098,0.8675010008965526,
100044_00001,Toshiba,0,165387,False,0.6138698130053487,0.6138698130053487,0,,1.247115760699306,0.9401732492711693,
100050_00001,Toshiba,1,80859,False,0.42615396530359356,0.48989373560228877,4360,1.0,6.652194378110156,0.8148909769982354,1.0
100052_00001,Siemens,0,111219,False,0.6242701767471434,0.6242701767471434,0,,0.7799689271911496,0.891327429959119,
100055_00001,Toshiba,0,157849,False,0.5673496115825544,0.5673496115825544,0,,2.8505645122517063,0.8459707893545544,
100059_00001,Toshiba,0,162349,False,0.5928585281758432,0.5928585281758432,0,,3.5111153357173075,0.9107733149544996,
100064_00001,Toshiba,0,97825,False,0.5575316804407714,0.5575316804407714,0,,1.8794892977007678,0.7663639012401982,
100068_00001,Siemens,0,167773,False,0.5524900432310992,0.5524900432310992,0,,7.624423451148316,0.8820129231757619,
100069_00001,Siemens,0,574172,False,0.6298355298001816,0.6298355298001816,0,,5.109521793327608,0.9170576563201228,
100071_00001,Toshiba,0,158632,False,0.5665054739604868,0.5665054739604868,0,,1.3357960812227356,0.8767539236638269,
100075_00001,Toshiba,0,573301,False,0.6692180236572007,0.6692180236572007,0,,3.9407615231394977,0.9132670291727195,
100096_00001,Philips,1,460824,False,0.5839157675171203,0.6725126524039567,43515,1.0,2.757357172104051,0.8852484768035496,1.0
100109_00001,Toshiba,0,504366,False,0.637471114203497,0.637471114203497,0,,2.5627635895289544,0.9002141304757292,
100127_00001,Toshiba,1,563997,False,0.6139597010050897,0.6334560700620491,14866,0.8528185120408986,0.9026966271003587,0.9043249445627778,1.0
100131_00001,Siemens,0,252433,False,0.6759424378952179,0.6759424378952179,0,,2.7361815109796406,0.9012569217064152,
100136_00001,Philips,0,55284,False,0.595993548307662,0.595993548307662,0,,1.820783281846127,0.8554566016398077,
100143_00001,Philips,1,103901,False,0.5270789274523812,0.5625766997346789,4478,0.8416703885663243,3.009875316024453,0.8385600484017344,1.0
100160_00001,Siemens,0,524922,False,0.6987740482937272,0.6987740482937272,0,,1.6014925698211122,0.8734799838147271,
100161_00001,Philips,1,126081,False,0.5470499587705081,0.5621740231243143,1890,0.9846560846560847,3.8386184392231804,0.8369744470631137,1.0
100168_00001,Philips,1,408020,False,0.502620250966486,0.6026565413108037,39166,1.0,20.87458602841144,0.9103916326664653,1.0
100184_00001,Toshiba,0,446108,False,0.6170137652418434,0.6170137652418434,0,,4.731658174302953,0.8762525410456993,
100197_00001,Toshiba,1,168761,False,0.6111770536337049,0.6261837226286208,2678,1.0,1.6565869365946102,0.8303142835766937,1.0
100200_00001,Toshiba,1,192716,False,0.6367742829430512,0.6432862623177966,1449,0.9703243616287095,8.033070848366368,0.8461992182539123,1.0
100202_00001,Siemens,0,329036,False,0.6530463275039098,0.6530463275039098,0,,1.0949832004401756,0.9001771716188699,
100204_00001,Siemens,1,266551,False,0.6607681350016283,0.6725265518346024,3563,1.0,4.339442899056834,0.8804969321174008,1.0
100218_00001,Toshiba,0,176841,False,0.6424086747242069,0.6424086747242069,0,,5.165892678645237,0.8792071482554359,
100226_00001,Philips,1,86257,False,0.5632099031752221,0.5838423983709918,1756,1.0,2.5620311666836137,0.8526346265199768,1.0
100228_00001,Siemens,0,83889,False,0.5484777477064616,0.5484777477064616,0,,2.6893499924087005,0.8201474099077263,
100231_00001,Siemens,0,172591,False,0.6036139643329762,0.6036139643329762,0,,3.3171278904860113,0.8874089535364077,
100243_00001,Siemens,1,113272,False,0.560108822878112,0.5790778259919458,2110,1.0,2.238877397585653,0.8663634773482596,1.0
100248_00001,Siemens,1,183016,False,0.5917581107787424,0.6048839574453497,2447,1.0,2.43214659292908,0.851791318625555,1.0
100251_00001,Siemens,0,230776,False,0.5759679359701456,0.5759679359701456,0,,1.7359822888151206,0.8307701285667175,
100268_00001,Siemens,0,249679,False,0.6661725545420375,0.6661725545420375,0,,2.1371415060621604,0.9333860729331478,
100272_00001,Siemens,0,206288,False,0.5822352900953879,0.5822352900953879,0,,4.128985643092308,0.9117415935512188,
100279_00001,Toshiba,0,199683,False,0.49689887640449437,0.49689887640449437,0,,7.7779131993986175,0.8034906270200388,
100285_00001,Philips,1,279713,False,0.6189110483586304,0.6402994296577946,12848,0.6597135740971357,1.5054208713345207,0.910902887617415,1.0
100296_00001,Philips,1,291754,False,0.5444391144736875,0.6364148579996555,27169,0.9992270602524936,5.847815664294357,0.8947734550030179,1.0
100301_00001,Siemens,0,139149,False,0.5763693445637706,0.5763693445637706,0,,3.468158712693287,0.8953647622530962,
100303_00001,Toshiba,0,388645,False,0.5899215923342747,0.5899215923342747,0,,4.982011777609361,0.9174562682215743,
100317_00001,Toshiba,0,105258,False,0.5252150306790953,0.5252150306790953,0,,1.6815766321572707,0.9075176740017923,
100323_00001,Philips,1,78621,False,0.5253210700465482,0.5587173982551501,2479,1.0,4.8234107851369,0.8233334680025857,1.0
100343_00001,Siemens,0,236373,False,0.6132795419963037,0.6132795419963037,0,,2.009187073992421,0.9224389944693772,
100344_00001,Siemens,1,181969,False,0.5500908290430823,0.5956866481245294,8186,1.0,6.9864121752781445,0.8667269684711545,1.0
100345_00001,Philips,1,107706,False,0.5568121847757106,0.5792021255606561,2359,1.0,2.8771211139711523,0.8459165213959149,1.0
100352_00001,Siemens,0,140026,False,0.490473754875008,0.490473754875008,0,,1.9239062563806286,0.8293754277964603,
100360_00001,Siemens,0,246106,False,0.6944080719940231,0.6944080719940231,0,,2.3677638489690187,0.8804522852898231,
100384_00001,Siemens,0,48877,False,0.49399506277544714,0.49399506277544714,0,,2.7889924438267677,0.8004616303863197,
100385_00001,Philips,1,216362,False,0.5394546327992985,0.5677228492551376,5875,1.0,2.687557150796771,0.87721615521383,1.0
100413_00001,Siemens,1,456291,False,0.5929698576328838,0.5960183110585023,1435,1.0,11.544930493505985,0.7849275675427958,1.0
100426_00001,Philips,1,291095,False,0.6194966639353857,0.6295643847841446,3138,1.0,2.3446250781815725,0.8841467917696809,1.0
100431_00001,Philips,1,81804,False,0.5583618107227254,0.6124707492418034,4540,0.9845814977973568,3.5444980261990384,0.86641292818369,1.0
100435_00001,Toshiba,1,46710,False,0.5947540053877782,0.6208393232334403,1814,0.8175303197353914,2.314198113261685,0.8342849588928265,1.0
100443_00001,Siemens,0,583329,False,0.5400673167093848,0.5400673167093848,0,,6.326970240599817,0.8262176212106759,
100452_00001,Siemens,0,143196,False,0.45743734799052854,0.45743734799052854,0,,10.35198657827916,0.8563136892936137,
100454_00001,Siemens,0,150083,False,0.5614585020532218,0.5614585020532218,0,,1.2294764833363638,0.8734546982726644,
100464_00001,Siemens,1,250025,False,0.6610011306184269,0.6632944400835518,799,0.869837296620776,3.5401443010893368,0.9157291031116535,1.0
100471_00001,Toshiba,0,97254,False,0.5742581714113572,0.5742581714113572,0,,15.773959336569511,0.7782662246107809,
100472_00001,Siemens,0,219359,False,0.5892460470928913,0.5892460470928913,0,,6.938372326871791,0.8679990800588209,
100476_00001,Toshiba,0,133496,False,0.6711850725258283,0.6711850725258283,0,,1.6369633905247212,0.9107775341541575,
100481_00001,Toshiba,0,14483,False,0.04032985440020616,0.04032985440020616,0,,26.139752739031508,0.5356564182793315,
100500_00001,Siemens,0,153442,False,0.5214794048890165,0.5214794048890165,0,,11.668362755497032,0.7605235030046792,
100501_00001,Siemens,0,187198,False,0.5263484605018642,0.5263484605018642,0,,6.103775246298159,0.7695109261186265,
100502_00001,Toshiba,0,123478,False,0.6106171548117155,0.6106171548117155,0,,5.887290455614727,0.9215297287805932,
100503_00001,Siemens,1,257171,False,0.4646927590356925,0.5646824804283368,28545,0.8891925030653355,4.426736026406103,0.8685517383489978,1.0
100510_00001,Toshiba,0,227098,False,0.5851905193115405,0.5851905193115405,0,,4.433320145463224,0.8784412014391397,
100512_00001,Philips,1,109485,False,0.29646151344067284,0.7209797410651271,43739,0.9871053293399483,19.249945048414624,0.8448343566262931,1.0
100513_00001,Siemens,0,75237,False,0.5810000188044153,0.5810000188044153,0,,1.93710697146132,0.86504557186962,
100520_00001,Philips,1,240337,False,0.5733070425506357,0.6999207050575222,33240,1.0,6.271440051830907,0.933620601210629,1.0
100525_00001,Toshiba,0,96280,False,0.4840863219996895,0.4840863219996895,0,,2.693048621391423,0.8649207786328655,
100528_00001,Siemens,1,85412,False,0.5304226581011607,0.6367253941757711,9500,0.972421052631579,5.157398814063973,0.8701972293493548,1.0
100555_00001,Philips,1,179345,False,0.5426433794058347,0.6063299027329976,11359,0.9955982040672594,2.944931273817423,0.8687609776641924,1.0
100562_00001,Siemens,0,216555,False,0.5882207599677495,0.5882207599677495,0,,3.300115269112297,0.8862946975441871,
100565_00001,Siemens,1,124367,False,0.5588765020993195,0.5668690033287644,963,1.0,3.0927709693991976,0.8771034207582621,1.0
100571_00001,Siemens,0,92029,False,0.5507441641861194,0.5507441641861194,0,,4.825882852241626,0.8636609888737641,
100573_00001,Siemens,0,284854,False,0.6530759591175084,0.6530759591175084,0,,0.837333115084972,0.8362330538682252,
100591_00001,Siemens,0,309344,False,0.6019029962403563,0.6019029962403563,0,,1.811087806709511,0.8217835170035832,
100606_00001,Toshiba,0,250627,False,0.6436672662451666,0.6436672662451666,0,,0.5550819220210248,0.8961778928926436,
100610_00001,Toshiba,0,222161,False,0.6043812736289711,0.6043812736289711,0,,2.6799979707436457,0.893452380952381,
100614_00001,Toshiba,0,230944,False,0.58949853011137,0.58949853011137,0,,1.6442631126631493,0.895387511095426,
100615_00001,Toshiba,0,476633,False,0.5560673908754477,0.5560673908754477,0,,1.7661420631975502,0.8620535926013754,
100619_00001,Siemens,1,214250,False,0.5399864590385918,0.5557055070910705,3215,1.0,1.7593454142862195,0.8645003927939457,1.0
100638_00001,Siemens,0,214470,False,0.6695322553817332,0.6695322553817332,0,,1.7243196911343748,0.8845931667349118,
100642_00001,Philips,1,366089,False,0.6237383947289608,0.6373738384613389,5346,1.0,1.8909257322231756,0.8743829588297787,1.0
100651_00001,Philips,0,379066,False,0.6366973165965526,0.6366973165965526,0,,1.1257176010538348,0.8676953970760536,
100657_00001,Siemens,0,134904,False,0.6123265687529201,0.6123265687529201,0,,0.3130278090007852,0.8615382222567851,
100659_00001,Siemens,0,194745,False,0.663700183163901,0.663700183163901,0,,1.1747789808446845,0.8796661098482359,
100660_00001,Siemens,0,309833,False,0.6638045558918029,0.6638045558918029,0,,2.2942604134046833,0.8453865029920233,
100661_00001,Siemens,0,266479,False,0.6653961610801788,0.6653961610801788,0,,2.4464642677172916,0.9145856379790904,
100665_00001,Philips,1,94167,False,0.5476556022968035,0.5953061542687862,4419,1.0,3.888184008164121,0.8414032634032634,1.0
100669_00001,Philips,0,62787,False,0.6078922677851979,0.6078922677851979,0,,1.6080962011443833,0.8662420382165605,
100670_00001,Siemens,0,67371,False,0.5008364037916971,0.5008364037916971,0,,5.239872310259834,0.8247815474652787,
100674_00001,Siemens,0,751720,False,0.6337052477804478,0.6337052477804478,0,,1.611661456797734,0.8993801631730283,
100678_00001,Toshiba,0,72323,False,0.5771875603631447,0.5771875603631447,0,,3.7745870106101322,0.9126769891523587,
100680_00001,Toshiba,0,182381,False,0.5949075400965298,0.5949075400965298,0,,1.9883527706335649,0.8729159549026306,
100684_00001,Other,1,118981,False,0.49498483788196873,0.49841175989583664,362,1.0,10.787443888991334,0.8240561288295164,1.0
100699_00001,Siemens,0,91200,False,0.5683068638545284,0.5683068638545284,0,,1.5877172515432787,0.7403913923536949,
100701_00001,Siemens,0,201932,False,0.5792254506774157,0.5792254506774157,0,,3.3799029837333276,0.8587921661274951,
100705_00001,Siemens,1,199249,False,0.5299313701344293,0.3132472694542739,197922,0.00771010802235224,4.298997774380452,0.8680751465060342,0.5962702478754257
100712_00001,Toshiba,1,72854,False,0.6386032484284728,0.6248516727768627,2842,0.04609429978888107,4.553413951208623,0.7555377093322626,1.0
100714_00001,Philips,1,114551,False,0.4455436139608099,0.543044085884894,10036,0.9874451972897569,4.987394519164166,0.8686813186813187,1.0
100723_00001,Toshiba,0,247245,False,0.5508231340932691,0.5508231340932691,0,,1.8717907066247095,0.8656176258421059,
100738_00001,Philips,0,84177,False,0.5875592230922516,0.5875592230922516,0,,8.788045230768798,0.9294059057886103,
100743_00001,Toshiba,1,111594,False,0.45371538250616944,0.6042001440682662,16543,0.9656047875234238,8.576140803667327,0.8954704779501671,1.0
100752_00001,Philips,0,139682,False,0.5886579548643124,0.5886579548643124,0,,1.205483946358364,0.8748556853863865,
100753_00001,Siemens,0,59648,False,0.5414717710092456,0.5414717710092456,0,,5.326195386907944,0.7955552422765537,
100754_00001,Siemens,0,177534,False,0.5671936997238202,0.5671936997238202,0,,3.0046241028049514,0.8473496347824783,
100757_00001,Siemens,1,192606,False,0.5584683837628541,0.6336975676063887,15293,0.9812986333616688,2.607697019388186,0.8597487780548423,1.0
100760_00001,Toshiba,0,105316,False,0.6032866125144589,0.6032866125144589,0,,0.9619031709675399,0.8476364275710708,
100771_00001,Siemens,0,83549,False,0.43714007927604515,0.43714007927604515,0,,7.899464753825743,0.7479845268327492,
100774_00001,Toshiba,0,93089,False,0.5226350790349746,0.5226350790349746,0,,4.489300935831303,0.8856164735944024,
100788_00001,Toshiba,0,68089,False,0.5111607383672633,0.5111607383672633,0,,6.015107396715334,0.8623734768576298,
100789_00001,Siemens,1,201573,False,0.5145682538652125,0.5275997106582525,3356,0.8021454112038141,5.250349145846302,0.7654882119974288,1.0
100794_00001,Siemens,0,145866,False,0.6126756898680582,0.6126756898680582,0,,3.042973993708045,0.8910791003285318,
100800_00001,Siemens,0,260212,False,0.6623922153019245,0.6623922153019245,0,,4.25440440393769,0.8731567830384186,
100804_00001,Siemens,0,109436,False,0.6004665237674947,0.6004665237674947,0,,1.9642549421338569,0.8937496016335973,
100808_00001,Toshiba,0,228708,False,0.6187394493405746,0.6187394493405746,0,,2.53685962585151,0.8909294397457863,
100819_00001,Siemens,0,244910,False,0.5496997724436614,0.5496997724436614,0,,2.4203381749782507,0.8619846536054593,
100820_00001,Siemens,1,90753,False,0.5328734710246641,0.5624278047132226,2584,0.9941950464396285,1.8770810219339784,0.8556413584769802,1.0
100853_00001,Siemens,0,135335,False,0.6634822021646544,0.6634822021646544,0,,2.0653413951873256,0.8946936517449634,
100864_00001,Toshiba,0,70664,False,0.4811125526736219,0.4811125526736219,0,,6.793953108661293,0.8213323372410799,
100883_00001,Toshiba,0,132714,False,0.5889491839138482,0.5889491839138482,0,,4.304457582972382,0.9157517141109692,
100885_00001,Siemens,0,71632,False,0.5417979949976615,0.5417979949976615,0,,2.7003486313830214,0.9091505112202894,
100890_00001,Toshiba,0,104266,False,0.39505284117016387,0.39505284117016387,0,,11.919273402836719,0.811026582900176,
100893_00001,Siemens,0,296298,False,0.634363543530559,0.634363543530559,0,,1.5578982511573511,0.9122241569287167,
100894_00001,Siemens,0,241203,False,0.6688963762181415,0.6688963762181415,0,,0.1878699416423763,0.9131073317424142,
100896_00001,Siemens,0,126957,False,0.5240318179179004,0.5240318179179004,0,,6.8522364002173894,0.7563892915048845,
100897_00001,Siemens,0,147962,False,0.6682610271689639,0.6682610271689639,0,,2.3717143464397594,0.9476707083599234,
100902_00001,Siemens,0,264237,False,0.6353939671980732,0.6353939671980732,0,,1.0685961717316685,0.8950900455818639,
100912_00001,Siemens,1,284997,False,0.538262495325938,0.5486820285622355,2880,1.0,4.292362345903758,0.8211571931909836,1.0
100914_00001,Philips,0,187169,False,0.6680964312509732,0.6680964312509732,0,,0.4104953875043453,0.8557352798739093,
100919_00001,Siemens,1,100103,False,0.40358780084044316,0.4627776159894548,4838,1.0,12.646242802069294,0.8652488978865911,1.0
100921_00001,Toshiba,0,168343,False,0.5437172390566576,0.5437172390566576,0,,2.832036949022842,0.8146608821394714,
100944_00001,Toshiba,0,151778,False,0.5159500287695413,0.5159500287695413,0,,2.2224627953763707,0.8351448687583142,
100945_00001,Siemens,0,287883,False,0.5810567618598065,0.5810567618598065,0,,5.8668264289884835,0.8391061226535632,
100946_00001,Siemens,0,156075,False,0.5604600559527511,0.5604600559527511,0,,1.2068484342148744,0.8870327891898193,
100950_00001,Siemens,1,101651,False,0.540554874683753,0.599080877294367,5829,1.0,2.4452867731531622,0.849515095216721,1.0
100952_00001,Siemens,0,217045,False,0.4924386992209965,0.4924386992209965,0,,2.8051641020299076,0.928954999066502,
100959_00001,Toshiba,1,658771,False,0.6307583302563693,0.6840242621343916,50764,0.867740918761327,4.653203271919379,0.8850363054768362,1.0
100962_00001,Siemens,0,174430,False,0.597578966674907,0.597578966674907,0,,2.736394217784592,0.8649006463104938,
100969_00001,Philips,0,511545,False,0.3028098373321882,0.3028098373321882,0,,35.19575014558795,0.7352866776820361,
100971_00001,Siemens,0,50961,False,0.4907571039860866,0.4907571039860866,0,,9.422960967237906,0.7254331483124583,
100978_00001,Toshiba,1,131179,False,0.4347366796833272,0.5800960420345407,17250,1.0,10.199428269624784,0.9102107327312399,1.0
100981_00001,Siemens,1,298502,False,0.6467784467337828,0.6567895525507232,6483,0.670677155637822,0.3461908720261601,0.88509763265865,1.0
100986_00001,Philips,0,119928,False,0.6117276897725772,0.6117276897725772,0,,1.6629562348961873,0.8961756253426859,
100987_00001,Philips,0,86670,False,0.5746862815766194,0.5746862815766194,0,,3.617835053568471,0.8945154385741836,
101008_00001,Siemens,0,215738,False,0.6514890284557501,0.6514890284557501,0,,1.967907000304958,0.8329183171829889,
101014_00001,Philips,1,88272,False,0.6142648066263935,0.6353749108997402,2015,0.9905707196029777,1.8131169954666784,0.8665500245969351,1.0
101018_00001,Siemens,0,293487,False,0.6996499550067875,0.6996499550067875,0,,1.5720853475782628,0.90715667311412,
101024_00001,Other,1,124837,False,0.516505683840805,0.5459240046988219,3410,1.0,1.8564771177748165,0.8661369522549329,1.0
101033_00001,Siemens,0,31271,False,0.334700181062946,0.334700181062946,0,,5.084689435993835,0.6346260772866278,
101039_00001,Toshiba,0,194723,False,0.6731369383911757,0.6731369383911757,0,,1.533181048231508,0.8901649847829569,
101044_00001,Philips,1,152307,False,0.5484440898210419,0.6410905827045953,14502,0.9931043993931872,6.588761390084929,0.8704975347377858,1.0
101057_00001,Siemens,0,797009,False,0.568503091386162,0.568503091386162,0,,7.924510369847186,0.9201004130209532,
101058_00001,Siemens,0,43155,False,0.49696077256305327,0.49696077256305327,0,,2.698804853925857,0.8576834669507204,
101075_00001,Toshiba,0,136868,False,0.5921271787092509,0.5921271787092509,0,,0.9247439398908048,0.8838228776397129,
101079_00001,Siemens,0,148358,False,0.5621292643640468,0.5621292643640468,0,,1.3181377804320067,0.8949035204006481,
101083_00001,Philips,1,156673,False,0.6198975332401817,0.6326702203887556,13851,0.4212692224388131,0.7586843716764401,0.8851118929594413,1.0
101088_00001,Siemens,0,140979,False,0.6401687492314532,0.6401687492314532,0,,5.795064402143886,0.8678719653420405,
101091_00001,Siemens,1,93267,False,0.47975687400267825,0.5485197179540182,5908,1.0,2.12249845300248,0.8235867446393762,1.0
101095_00001,Siemens,0,181800,False,0.5538905925412998,0.5538905925412998,0,,7.2236595203579315,0.8863161057120159,
101097_00001,Philips,1,100920,False,0.5650855014391332,0.6173193661756409,5355,1.0,6.462557905714118,0.8376464960140297,1.0
101102_00001,Toshiba,1,156854,False,0.5330336911011853,0.6691241907252368,22617,0.9798381748242473,7.405506854722759,0.8545135845749343,1.0
101103_00001,Philips,1,233858,False,0.5754616525751522,0.6534243551110869,19150,0.9977023498694517,4.371512500985016,0.8561437527896589,1.0
101107_00001,Siemens,0,166337,False,0.5738133436009326,0.5738133436009326,0,,3.0531308890085764,0.8733749732823521,
101113_00001,Toshiba,0,225768,False,0.5644778869195534,0.5644778869195534,0,,1.2796412440134775,0.8713775307661771,
101120_00001,Philips,1,83592,False,0.47965622771302957,0.5677960336088717,6817,1.0,0.9299734397761784,0.7667678378987233,1.0
101125_00001,Siemens,0,209997,False,0.6288483246959824,0.6288483246959824,0,,8.187999957364811,0.8633603856480352,
101140_00001,Siemens,0,610302,False,0.6262777451635021,0.6262777451635021,0,,2.2565163506599824,0.8908329468467796,
101144_00001,Philips,1,80757,False,0.5445122898223759,0.5459915474111907,229,0.6681222707423581,9.808491181626696,0.8265593608255242,1.0
101153_00001,Siemens,0,123000,False,0.6593079404950087,0.6593079404950087,0,,2.112020253432196,0.8547421708928173,
101160_00001,Philips,1,60739,False,0.4536189499537899,0.5724337022708944,6574,1.0,14.979956792251253,0.8724540486835569,1.0
101166_00001,Toshiba,0,142478,False,0.5815180117726584,0.5815180117726584,0,,1.3032375576723862,0.9541014907835793,
101170_00001,Toshiba,0,116866,False,0.5229189493785806,0.5229189493785806,0,,7.617467379727555,0.8784441057709521,
101179_00001,Siemens,0,185176,False,0.6647708358418268,0.6647708358418268,0,,3.746461572397054,0.9550731399401707,
101181_00001,Siemens,0,181103,False,0.6185431464409853,0.6185431464409853,0,,2.854790738967963,0.8885095782347446,
101186_00001,Toshiba,0,189114,False,0.6731303190472715,0.6731303190472715,0,,0.5345772638116608,0.8879609790936243,
101189_00001,Siemens,0,444451,False,0.5791136833297412,0.5791136833297412,0,,2.4942496707932382,0.8830508534073302,
101193_00001,Toshiba,0,180774,False,0.6307157695939566,0.6307157695939566,0,,4.198304580955311,0.8654033234935385,
101211_00001,Siemens,0,149529,False,0.5589858620079857,0.5589858620079857,0,,3.4449887759542865,0.838946881036437,
101214_00001,Siemens,0,79546,False,0.5982972069726883,0.5982972069726883,0,,8.018953776068612,0.8962041243297415,
101215_00001,Siemens,1,82314,False,0.5416200304934474,0.5422623924169948,50,1.0,0.9637946495434342,0.8595731275104356,1.0
101216_00001,Siemens,0,204601,False,0.5517197609435326,0.5517197609435326,0,,3.134374505869808,0.8692439651135151,
101217_00001,Siemens,1,218521,False,0.6280550742225864,0.6318593400560818,889,1.0,1.0744572430015675,0.909655460410388,1.0
101224_00001,Siemens,0,150740,False,0.6092354017724326,0.6092354017724326,0,,2.1176814536634474,0.9384506164046061,
101225_00001,Siemens,0,202008,False,0.5874855834610022,0.5874855834610022,0,,1.6596557595931118,0.8720186538483601,
101232_00001,Toshiba,1,311182,False,0.6426494207336659,0.6497164549842995,2444,1.0,1.5248628510097704,0.9242255962807034,1.0
101247_00001,Siemens,1,100571,False,0.5169587897374194,0.5454414621860834,2669,1.0,4.471000484846923,0.8412274953233166,1.0
101249_00001,Siemens,1,162645,False,0.4546586674369161,0.5527771002860247,14318,1.0,10.041307886844622,0.8361418896125801,1.0
101253_00001,Siemens,1,184770,False,0.4787544784930203,0.5047042713900791,4248,1.0,8.208958354682599,0.8503903668208856,1.0
101258_00001,Siemens,1,267499,False,0.5874662653103592,0.6722071256775151,24594,1.0,9.314786405550585,0.9061750405343084,1.0
101273_00001,Siemens,0,124842,False,0.5584171321095568,0.5584171321095568,0,,2.0515639791725033,0.866076083492166,
101279_00001,Philips,0,62145,False,0.6487131728701236,0.6487131728701236,0,,3.841021083328245,0.8490903929470632,
101284_00001,Philips,1,124260,False,0.555721318812472,0.6108710409112733,6919,1.0,1.9334612980234527,0.9232104673658487,1.0
101300_00001,Siemens,0,170769,False,0.5587657595648597,0.5587657595648597,0,,0.8685308573064641,0.8739161918532388,
101304_00001,Siemens,0,213743,False,0.6041443871995319,0.6041443871995319,0,,3.8010715758841687,0.8919515153724673,
101310_00001,Siemens,0,221990,False,0.653117369510177,0.653117369510177,0,,3.7948579541480276,0.903331890375471,
101316_00001,Philips,1,93095,False,0.5612151368338353,0.5809872529208892,1809,1.0,2.7212839165519687,0.8794986425473259,1.0
101318_00001,Siemens,0,230839,False,0.5963353023706728,0.5963353023706728,0,,4.768810238671995,0.8711240769194323,
101328_00001,Siemens,0,667568,False,0.5700237014763911,0.5700237014763911,0,,3.294662272704104,0.899025918947311,
101329_00001,Siemens,0,244081,False,0.659814654238023,0.659814654238023,0,,1.8925274160646899,0.8944984163698003,
101330_00001,Siemens,0,210130,False,0.5933701915226165,0.5933701915226165,0,,3.307514071263502,0.8841422562352795,
101345_00001,Toshiba,1,158772,False,0.4499376797466451,0.6595722413165155,32680,0.991126070991432,10.172984036575679,0.8813963328631876,1.0
101356_00001,Siemens,0,51322,False,0.5055112015709433,0.5055112015709433,0,,5.286748672817915,0.8456270909101098,
101361_00002,Siemens,0,131439,False,0.5777141662512262,0.5777141662512262,0,,2.344342725185641,0.9222125013459674,
101364_00001,Siemens,0,223577,False,0.6262708964708182,0.6262708964708182,0,,1.189014036852167,0.8509515336128117,
101366_00001,Siemens,0,563535,False,0.6125686767764107,0.6125686767764107,0,,4.217137153030221,0.8367526628309613,
101372_00001,Siemens,1,134484,False,0.4905790799830535,0.5044021961269511,1658,1.0,2.4782952976961483,0.83731894172017,1.0
101375_00001,Siemens,1,120437,False,0.5672403105351713,0.6380074753347625,8801,1.0,7.6474757365861485,0.8769254437365275,1.0
101383_00001,Toshiba,0,154630,False,0.5781572786117615,0.5781572786117615,0,,2.770555839434746,0.8617800616166129,
101384_00001,Siemens,0,146645,False,0.6705699886616586,0.6705699886616586,0,,9.215924135971349,0.7338062370150744,
101387_00001,Toshiba,0,130566,False,0.6068424954983582,0.6068424954983582,0,,0.7257640453386487,0.8568274005092692,
101389_00001,Siemens,0,214596,False,0.6315154658825661,0.6315154658825661,0,,3.63114015423804,0.8971085212707368,
101395_00001,Siemens,0,181294,False,0.5258374722603826,0.5258374722603826,0,,0.9720133024456425,0.8394097314483877,
101402_00001,Siemens,0,66957,False,0.5345311254952899,0.5345311254952899,0,,4.158322308092425,0.9059092355306164,
101409_00001,Philips,1,161161,False,0.6115107913669064,0.6215513548589581,1705,1.0,4.4793532683433925,0.9000971841989925,1.0
101426_00001,Philips,0,99765,False,0.47069366995526685,0.47069366995526685,0,,4.411467977095384,0.8455762498051055,
101430_00001,Siemens,0,158409,False,0.5612548920018321,0.5612548920018321,0,,3.139309227691228,0.8607284319690693,
101436_00001,Philips,1,45212,False,0.45622792719369737,0.4779362528458551,840,1.0,5.6272349074696955,0.7962309488405495,1.0
101442_00001,Toshiba,0,148135,False,0.5497061252246563,0.5497061252246563,0,,3.1136055818278217,0.8369737537431742,
101445_00001,Siemens,0,219775,False,0.6805720956008064,0.6805720956008064,0,,2.1985477953540635,0.9205070383358335,
101446_00001,Philips,1,122703,False,0.5649379024839006,0.5988862317132047,4214,1.0,2.2975019249893873,0.8649392773016752,1.0
101448_00001,Toshiba,0,243220,False,0.5924333073210208,0.5924333073210208,0,,2.090873318012901,0.8933072519368481,
101452_00001,Toshiba,0,187957,False,0.5807344770171927,0.5807344770171927,0,,1.9303949155172875,0.8532299736400799,
101453_00001,Siemens,0,229236,False,0.5754773888000396,0.5754773888000396,0,,1.2730835212988314,0.8755837493056754,
101467_00001,Toshiba,0,306697,False,0.5232397606994937,0.5232397606994937,0,,2.915477889713251,0.8492188871335791,
101474_00001,Siemens,0,80985,False,0.5070757324488667,0.5070757324488667,0,,9.326185005658704,0.9033777969018932,
101492_00001,Siemens,0,208467,False,0.6063515115984704,0.6063515115984704,0,,2.0277202440625337,0.8222784271728151,
101495_00001,Toshiba,0,175206,False,0.5747048903878583,0.5747048903878583,0,,4.2924114301494,0.9029180279180279,
101499_00001,Siemens,0,223219,False,0.6486578514272743,0.6486578514272743,0,,2.979910178319563,0.8636995827538247,
101505_00001,Philips,1,117816,False,0.5886677350363703,0.5961279770546788,892,1.0,4.100797214139465,0.9256731451873856,1.0
101509_00001,Siemens,1,63504,False,0.4412605358858658,0.6149194845294509,11055,0.9532338308457712,4.866476083692279,0.8834758467765607,1.0
101519_00001,Siemens,0,218041,False,0.6165290457546082,0.6165290457546082,0,,1.7184514317953987,0.9263674731959998,
101529_00001,Siemens,0,153839,False,0.5237562189054726,0.5237562189054726,0,,2.2228709267334232,0.8957126116296925,
101545_00001,Philips,1,265875,False,0.5109730642250663,0.5603577070336555,12743,0.9792042690104371,8.373589500628283,0.8092195617125455,1.0
101549_00001,Toshiba,0,212002,False,0.6145612434115878,0.6145612434115878,0,,1.0163987548311455,0.9117458663050738,
101552_00001,Siemens,0,222251,False,0.6331370930878234,0.6331370930878234,0,,2.2712148958018674,0.9324963609898108,
101569_00001,Philips,1,230944,False,0.4633169129720854,0.5332902857751852,14527,1.0,2.0499963043028093,0.8406121443510174,1.0
101574_00001,Philips,1,153063,False,0.39694552823871676,0.6383523655600597,35001,0.9794291591668809,14.297599127210281,0.8799900973606716,1.0
101590_00001,Siemens,0,222347,False,0.5747571206364587,0.5747571206364587,0,,1.7626955269282285,0.8266325344724691,
101600_00001,Philips,1,154098,False,0.5736405546932929,0.6025581698348017,5452,0.8771093176815847,2.9553654885999814,0.8632280627025128,1.0
101621_00001,Siemens,0,43950,False,0.15744270811512842,0.15744270811512842,0,,28.181352970983532,0.5606087198918015,
101623_00001,Siemens,0,208671,False,0.6400462738559177,0.6400462738559177,0,,2.8257823501072963,0.8664742381113694,
101625_00001,Philips,1,78215,False,0.522752466208978,0.5679351261536238,3387,1.0,3.0251485038990933,0.8305775247550155,1.0
101629_00001,Siemens,0,85080,False,0.5826183890012799,0.5826183890012799,0,,2.7027460619524026,0.8517318547713685,
101630_00001,Siemens,0,197154,False,0.5918375262239304,0.5918375262239304,0,,5.12726027530071,0.9390113987429424,
101632_00001,Siemens,0,135559,False,0.5837329417684085,0.5837329417684085,0,,5.219585144320096,0.9168059039424946,
101647_00001,Siemens,0,265395,False,0.6406548187022901,0.6406548187022901,0,,7.747313242833963,0.8685616851498759,
101651_00001,Siemens,0,98283,False,0.5749063146708429,0.5749063146708429,0,,6.552417530562478,0.8781216510245835,
101657_00001,Toshiba,0,633260,False,0.6699764257724072,0.6699764257724072,0,,6.310013510069061,0.8873371897742116,
101667_00001,Toshiba,0,102733,False,0.5810240132486889,0.5810240132486889,0,,5.257798322748757,0.8534644164565425,
101669_00001,Philips,1,308199,False,0.5665127242329144,0.6364252597365917,22448,1.0,3.701205686472125,0.715783049934021,1.0
101675_00001,Siemens,0,83729,False,0.5254163014899211,0.5254163014899211,0,,1.3979650733165214,0.8699792121573039,
101677_00001,Toshiba,0,138962,False,0.5812796329339791,0.5812796329339791,0,,1.049612298642984,0.869666975474182,
101684_00001,Siemens,0,202456,False,0.5501636655425707,0.5501636655425707,0,,3.075164986906624,0.8760378547599618,
101693_00001,Philips,0,492909,False,0.6726293019701307,0.6726293019701307,0,,4.381531451377802,0.8674464604625985,
101706_00001,Siemens,0,228820,False,0.6095890616242721,0.6095890616242721,0,,4.547717601972662,0.9094618166029091,
101709_00001,Toshiba,0,99291,False,0.4744703551287913,0.4744703551287913,0,,3.774259095844654,0.8355580035391593,
101711_00001,Siemens,0,187188,False,0.5901698484101099,0.5901698484101099,0,,5.411731691705011,0.8670219492367447,
101719_00001,Toshiba,0,117755,False,0.5072992931677097,0.5072992931677097,0,,2.5962811888764277,0.8979198767334361,
101728_00001,Siemens,1,397559,False,0.5645204443877817,0.6269569324573833,25324,1.0,1.2183531430020655,0.9056784818209986,1.0
101732_00001,Siemens,0,216377,False,0.6228809021324849,0.6228809021324849,0,,1.0552636279897678,0.8498746181856984,
101735_00001,Philips,1,243438,False,0.6365385251413893,0.6427519074649715,1661,1.0,7.369685355577017,0.9374967177345035,1.0
101743_00001,Toshiba,0,221324,False,0.6802731034079446,0.6802731034079446,0,,4.780072928477326,0.8970824854813952,
101744_00001,Philips,1,275091,False,0.5848282164206572,0.6192116701546692,9810,1.0,1.4925013760088899,0.8713753210852276,1.0
101751_00001,Philips,1,149967,False,0.5267252207904322,0.6526587949865632,19682,0.9859770348541815,3.3830672040140994,0.8809084511189569,1.0
101752_00001,Toshiba,1,50569,False,0.45212361089968034,0.4594950304827315,413,0.8159806295399515,7.200643385299379,0.8164377218706591,1.0
101753_00001,Toshiba,0,386172,False,0.5832854502534448,0.5832854502534448,0,,0.6397112717325892,0.8810605820970536,
101761_00001,Toshiba,0,161823,False,0.5478712450194744,0.5478712450194744,0,,3.191320313111124,0.8828250401284109,
101769_00001,Siemens,0,259466,False,0.6703969546173779,0.6703969546173779,0,,6.5604994060836725,0.8861767567397922,
101777_00001,Siemens,0,222697,False,0.610129962832599,0.610129962832599,0,,1.6468521749815466,0.8549014299426546,
101785_00001,Siemens,0,217627,False,0.595213886848613,0.595213886848613,0,,1.8647863001615945,0.93184969120798,
101787_00001,Toshiba,1,83282,False,0.5199066782336245,0.5229063320688649,1216,0.40789473684210525,3.114204255115182,0.8537467352020371,1.0
101793_00001,Siemens,0,216169,False,0.5780239226609865,0.5780239226609865,0,,2.568717649099017,0.8093602404465435,
101796_00001,Toshiba,1,115555,False,0.509664319128155,0.5213322112564711,1228,1.0,4.924707551897709,0.8240268721596522,1.0
101799_00001,Siemens,0,55355,False,0.534462442864727,0.534462442864727,0,,3.834119686213547,0.7168814235690968,
101829_00001,Siemens,1,74691,False,0.4055450024544853,0.4347598344769787,1749,1.0,2.321055014661871,0.839000108802089,1.0
101831_00001,Toshiba,0,132945,False,0.6025038468382653,0.6025038468382653,0,,0.9610843263048175,0.8561716791227821,
101849_00001,Toshiba,0,178492,False,0.6573789968872489,0.6573789968872489,0,,1.637018143851629,0.8709073895360658,
101850_00001,Philips,0,119217,False,0.6307719472116375,0.6307719472116375,0,,1.9048027732521462,0.8543873454719519,
101860_00001,Siemens,0,236672,False,0.6960559636389492,0.6960559636389492,0,,1.2672646497216307,0.898617259245784,
101862_00001,Philips,0,98276,False,0.6203433572710951,0.6203433572710951,0,,0.9724659209421208,0.9323102545800619,
101863_00001,Siemens,1,53052,False,0.4247795375773264,0.4600691962370972,1567,1.0,2.4993701385324885,0.9021994587964307,1.0
101864_00001,Toshiba,0,199796,False,0.601749566775595,0.601749566775595,0,,1.1507108302570028,0.9431879069710672,
101866_00001,Siemens,0,186078,False,0.5288391701139988,0.5288391701139988,0,,3.932660549948951,0.8624669658915112,
101873_00001,Toshiba,0,134113,False,0.614236539120561,0.614236539120561,0,,1.782670257795746,0.8727425248092016,
101888_00001,Siemens,0,209087,False,0.6039074724347453,0.6039074724347453,0,,4.315798518415216,0.9455258063607059,
101898_00001,Philips,1,272068,False,0.6635926174382869,0.6718972998861615,2582,1.0,3.8057261736726553,0.8985735306912191,1.0
101902_00001,Philips,0,75336,False,0.5398182064848731,0.5398182064848731,0,,0.7801406209369554,0.8748826211406396,
101904_00001,Toshiba,0,338339,False,0.6002978378946198,0.6002978378946198,0,,0.8592363109453574,0.8677254372633806,
101906_00001,Toshiba,1,131953,False,0.5148263644390795,0.621419908573561,14004,0.9917166523850328,4.61382072777677,0.8890444315917053,1.0
101928_00001,Siemens,0,226927,False,0.6586890938561729,0.6586890938561729,0,,1.6382781145398535,0.8891598028504675,
101941_00001,Toshiba,0,73323,False,0.4665535895299939,0.4665535895299939,0,,2.921105857874988,0.8291528632276385,
101942_00001,Toshiba,0,125488,False,0.581089437292709,0.581089437292709,0,,1.9403798180451608,0.8481770993783502,
101952_00001,Siemens,1,135664,False,0.565731189710611,0.5704455019075358,641,1.0,7.69198208984842,0.8401641459281561,1.0
101953_00001,Siemens,0,202627,False,0.5204942989349017,0.5204942989349017,0,,3.8058259433498485,0.8636430122363411,
101959_00001,Siemens,0,248273,False,0.5920275359070774,0.5920275359070774,0,,7.936562908205947,0.868005204237229,
101970_00001,Siemens,0,134392,False,0.5903995310717314,0.5903995310717314,0,,4.92671250520857,0.8370562592953484,
101977_00001,Siemens,1,275045,False,0.6107723092450646,0.6214051339035456,3072,1.0,5.185890810417568,0.8832437807941667,1.0
101978_00001,Siemens,0,80771,False,0.5603742100404744,0.5603742100404744,0,,2.402061890429468,0.8463263532643737,
101981_00001,Siemens,0,181254,False,0.5489434672417154,0.5489434672417154,0,,3.0834219000689798,0.8651551312649165,
101983_00001,Siemens,1,144717,False,0.43730785298812036,0.5706143593710982,17523,0.9954916395594362,3.696435554527028,0.8529142456310422,1.0
101990_00001,Toshiba,0,210705,False,0.5856035891768847,0.5856035891768847,0,,2.8125695067784195,0.9014138058693455,
101998_00001,Philips,1,112449,False,0.41737847113450144,0.5916702500153572,19141,0.9498458805705031,1.4686222744130226,0.7818178576284182,1.0
101999_00001,Philips,0,155837,False,0.43842744349728846,0.43842744349728846,0,,14.593905469273308,0.7697385674109041,
102002_00001,Philips,1,238945,False,0.6245648018935237,0.6575697706587379,8872,0.9779080252479712,2.519970524792311,0.8856120104717636,1.0
102012_00001,Siemens,0,214132,False,0.596149130464635,0.596149130464635,0,,2.1709037645198834,0.8651184686369872,
102015_00001,Toshiba,0,478146,False,0.6227348319761441,0.6227348319761441,0,,1.5863958038851702,0.8959596002866387,
102018_00001,Siemens,0,237982,False,0.6848836857715387,0.6848836857715387,0,,3.7468425521244275,0.9308631847598213,
102028_00001,Siemens,0,180510,False,0.5712297491712016,0.5712297491712016,0,,4.021831753368469,0.8907814718071738,
102042_00001,Siemens,0,245895,False,0.612723422372987,0.612723422372987,0,,4.906084071044834,0.8315915148153061,
102045_00001,Siemens,1,169706,False,0.4364308915409884,0.48760168752336364,7354,1.0,3.39297359744835,0.78035194886486,1.0
102048_00001,Toshiba,1,75954,False,0.7123240220699211,0.7275311238701608,1886,0.8525980911983033,1.1932263500295817,0.8767795692350691,1.0
102050_00001,Toshiba,1,103854,False,0.4659823593129417,0.5020758531864526,3270,1.0,7.592120380016142,0.8052943879379529,1.0
102060_00001,Siemens,0,172741,False,0.6176922009161395,0.6176922009161395,0,,1.7482275920470933,0.8516160703760018,
102067_00001,Toshiba,0,147647,False,0.4896486795461751,0.4896486795461751,0,,16.567977080242525,0.8051144528139559,
102071_00001,Siemens,0,184333,False,0.5267719687172856,0.5267719687172856,0,,4.522569835478234,0.8885718289849897,
102072_00001,Toshiba,1,217106,False,0.5789202256244964,0.5845682658722006,1238,1.0,2.842770968908537,0.8975000111560162,1.0
102089_00001,Siemens,0,247282,False,0.6323186943408055,0.6323186943408055,0,,3.0535354786883295,0.8733954000537694,
102098_00001,Toshiba,0,113420,False,0.4504189376067681,0.4504189376067681,0,,7.487520289225284,0.8408209897825236,
102105_00001,Siemens,1,117479,False,0.4727718935675536,0.6079083539862602,15031,1.0,9.265674832537341,0.8184307398744598,1.0
102111_00001,Philips,1,120720,False,0.35090000406322375,0.5195605785189283,16823,1.0,6.996343596612386,0.7752654109226287,1.0
102125_00001,Other,0,130853,False,0.5583173366971974,0.5583173366971974,0,,3.722289821659067,0.8441354382925336,
102126_00001,Siemens,0,214683,False,0.6148785118297411,0.6148785118297411,0,,2.142496953114425,0.8534903630743151,
102153_00001,Siemens,0,87714,False,0.5733674383326206,0.5733674383326206,0,,1.9697963620420593,0.8739824902245285,
102154_00001,Toshiba,0,197566,False,0.5994207234254225,0.5994207234254225,0,,5.009200939415971,0.8821274346562599,
102162_00001,Siemens,0,196065,False,0.6120233476634861,0.6120233476634861,0,,2.376535187622955,0.9104172151988899,
102166_00001,Philips,1,288178,False,0.5525756578371032,0.56377345744628,3115,1.0,4.139068335148221,0.8542115216139002,1.0
102167_00001,Siemens,1,116862,False,0.4776138666253662,0.4964468493272914,1941,1.0,8.339940081480023,0.7721511825428968,1.0
102180_00001,Siemens,0,219284,False,0.6438736826608105,0.6438736826608105,0,,0.9731870998841273,0.8722799738650749,
102182_00001,Toshiba,0,91024,False,0.5097837449366261,0.5097837449366261,0,,0.7279411764319709,0.8448271297718007,
102190_00001,Philips,1,122664,False,0.5801577666411586,0.5964622909794107,2019,1.0,1.8845287454585402,0.894239395104447,1.0
102206_00001,Philips,1,97445,False,0.372826266292691,0.6238170672911357,23970,0.946558197747184,11.702854627675794,0.7237740182177304,1.0
102209_00001,Philips,0,224786,False,0.5767010516276385,0.5767010516276385,0,,4.260448853914064,0.7425825640910173,
102210_00001,Siemens,0,215421,False,0.5082913638668244,0.5082913638668244,0,,7.83134551336589,0.8408460095431357,
100004_00001,Siemens,0,163247,False,0.4072624124498499,0.4072624124498499,0,,9.930268334545223,0.7930061887288461,
100006_00001,Philips,0,156410,False,0.5317790678140107,0.5317790678140107,0,,4.009842947109292,0.872332274557598,
100007_00001,Siemens,0,197663,False,0.5850652040393652,0.5850652040393652,0,,3.1611358983836637,0.895670768307323,
100010_00001,Toshiba,0,170405,False,0.5685277076461707,0.5685277076461707,0,,1.4025025210530428,0.9071887480465358,
100016_00001,Toshiba,1,159972,False,0.6167935505032196,0.6186178420267743,306,1.0,1.9131030754801066,0.8757937649646214,1.0
100028_00001,Toshiba,1,94048,False,0.5418139534883721,0.6400861757348795,9322,1.0,2.4890127099944688,0.906198717948718,1.0
100035_00001,Philips,0,319922,False,0.630067769924529,0.630067769924529,0,,0.9628761083557921,0.8861981465136805,
100039_00001,Toshiba,0,349744,False,0.6047513044576535,0.6047513044576535,0,,2.518509619541509,0.9242725161800306,
100041_00001,Siemens,0,127995,False,0.5363348820485738,0.5363348820485738,0,,7.520455998298904,0.8853884545853757,
100051_00001,Siemens,0,135126,False,0.5937687812810917,0.5937687812810917,0,,6.172766792885866,0.8975701782077562,
100053_00001,Toshiba,0,91285,False,0.5694326969550507,0.5694326969550507,0,,1.878050130098149,0.8628860155661562,
100054_00001,Siemens,0,301678,False,0.629599069542891,0.629599069542891,0,,16.92401801217198,0.8208128122705858,
100060_00001,Toshiba,1,309716,False,0.5600062815666043,0.5698584390682483,2983,1.0,3.122240127317589,0.8879837459089682,1.0
100061_00001,Siemens,0,244254,False,0.6003711714067282,0.6003711714067282,0,,4.032664132834562,0.8780878421493842,
100063_00001,Siemens,0,62495,False,0.47700940908980966,0.47700940908980966,0,,4.246342298325487,0.8336134453781513,
100080_00001,Siemens,0,152678,False,0.5598382911407043,0.5598382911407043,0,,6.9915756794719846,0.8698633590480512,
100100_00001,Other,1,89870,False,0.4895626201193081,0.5339847377558848,3642,1.0,5.334699765038749,0.8435243123802423,1.0
100119_00001,Toshiba,0,150271,False,0.5786170639130537,0.5786170639130537,0,,0.34078528550057474,0.9107695768592666,
100130_00001,Philips,1,96855,False,0.6266677887758867,0.6298187915135101,599,0.7212020033388982,7.792457485636784,0.8264260173001144,1.0
100132_00001,Siemens,0,181027,False,0.5871447850395218,0.5871447850395218,0,,3.9547660840456698,0.8369840990730739,
100137_00001,Toshiba,0,144144,False,0.6358125426199825,0.6358125426199825,0,,1.2703870076521717,0.9148407499435284,
100139_00001,Siemens,0,222043,False,0.6168590680506354,0.6168590680506354,0,,2.149329922292736,0.8862270599499625,
100145_00001,Siemens,0,810358,False,0.6930805273355046,0.6930805273355046,0,,1.849057568496754,0.9149140156965266,
100149_00001,Siemens,0,124968,False,0.49684865837793524,0.49684865837793524,0,,6.597158562749446,0.8292175486205337,
100150_00001,Philips,1,313278,False,0.6014421610598704,0.6207679354352871,6294,1.0,2.471732393911164,0.8841801202407585,1.0
100151_00001,Siemens,0,169423,False,0.5047170212584962,0.5047170212584962,0,,4.914693300977983,0.8423371405836059,
100166_00001,Siemens,1,212107,False,0.5170384117333408,0.6116209906942535,23892,0.877490373346727,5.835677198856787,0.929679014462928,1.0
100175_00001,Siemens,0,85724,False,0.586249498858625,0.586249498858625,0,,2.6611574987309043,0.8949569354127103,
100180_00001,Philips,1,513125,False,0.6668200804007955,0.6882444590905762,14165,0.9323685139428168,1.4616421659355874,0.9005236093953093,1.0
100182_00001,Toshiba,0,119238,False,0.5799558663413895,0.5799558663413895,0,,1.725778722289935,0.8085870369966554,
100192_00001,Toshiba,0,258737,False,0.6337136809899517,0.6337136809899517,0,,2.1916289738420534,0.8667851885297174,
100193_00001,Toshiba,0,162073,False,0.6018274543136422,0.6018274543136422,0,,1.875016181627061,0.8954979336326934,
100209_00001,Toshiba,0,154769,False,0.6049112940059644,0.6049112940059644,0,,1.9155291756586865,0.894786064998831,
100210_00001,Siemens,0,236675,False,0.5818474998880213,0.5818474998880213,0,,2.656332691577031,0.8998613379348597,
100211_00001,Siemens,0,64784,False,0.5168855961092678,0.5168855961092678,0,,3.3040492796235092,0.7824322801217267,
100222_00001,Siemens,0,179158,False,0.5567643270183831,0.5567643270183831,0,,2.892411596941379,0.8347372900623182,
100224_00001,Toshiba,0,147763,False,0.621680456823214,0.621680456823214,0,,2.5476337990158577,0.8789486375693272,
100225_00001,Philips,0,107534,False,0.5579023353429492,0.5579023353429492,0,,1.198334369244203,0.8187319806518562,
100232_00001,Toshiba,0,165807,False,0.6091868872270069,0.6091868872270069,0,,1.8832779254241319,0.8073541809681329,
100244_00001,Toshiba,1,369249,False,0.46252235987809726,0.6425811310270199,64070,1.0,9.556250837062146,0.8774288983496377,1.0
100263_00001,Toshiba,0,163572,False,0.5700318237666663,0.5700318237666663,0,,6.332484262982709,0.8864429416737108,
100265_00001,Toshiba,1,97407,False,0.6043810551239571,0.6213219470538002,3624,0.6443156732891833,2.266953773542628,0.8860844396533758,1.0
100269_00001,Toshiba,0,130241,False,0.6567221169933228,0.6567221169933228,0,,4.606641037725541,0.8944774934623445,
100270_00001,Siemens,0,230184,False,0.6917837185566952,0.6917837185566952,0,,0.8386867908179896,0.9163789114054437,
100273_00001,Siemens,0,120199,False,0.5633693418096649,0.5633693418096649,0,,0.9500689853860895,0.876483503441728,
100274_00001,Siemens,0,131894,False,0.5605005249329844,0.5605005249329844,0,,4.309065144811012,0.8359261397265679,
100275_00001,Siemens,1,155036,False,0.6143550960013152,0.6397173329843617,4196,1.0,2.453006897536026,0.873507162847405,1.0
100289_00001,Siemens,0,252214,False,0.5773048688633323,0.5773048688633323,0,,1.8662920449741778,0.8755778734257931,
100291_00001,Siemens,0,130857,False,0.5552276721433538,0.5552276721433538,0,,2.0431199383078256,0.8415870662501072,
100307_00001,Siemens,0,84251,False,0.4797488169566547,0.4797488169566547,0,,13.209198481793957,0.8465197501979292,
100311_00001,Toshiba,0,154377,False,0.602273597700269,0.602273597700269,0,,0.6801454513800463,0.8901074026954887,
100315_00001,Siemens,0,75236,False,0.19065135918201864,0.19065135918201864,0,,20.950795432981895,0.6794405824102197,
100322_00001,Siemens,0,204773,False,0.603846206155562,0.603846206155562,0,,2.646033988062468,0.8672641912078531,
100335_00001,Siemens,1,205510,False,0.45804021513033377,0.5954163551385916,26096,1.0,15.133361312560087,0.8435926358619023,1.0
100347_00001,Siemens,1,220361,False,0.5648444493099873,0.5697397934134907,1063,1.0,1.7013255614312706,0.8628552107053714,1.0
100350_00001,Siemens,0,224897,False,0.6006151775844668,0.6006151775844668,0,,6.818465750040498,0.8713481390579105,
100354_00001,Toshiba,0,114886,False,0.5354275081212351,0.5354275081212351,0,,9.811695529268372,0.8714212007269737,
100363_00001,Siemens,0,238696,False,0.6233541956752336,0.6233541956752336,0,,1.37653523535113,0.8495691664854427,
100366_00001,Toshiba,0,387372,False,0.5951578091840881,0.5951578091840881,0,,2.557091794066822,0.8544789612078258,
100371_00001,Toshiba,0,163061,False,0.6146502847473893,0.6146502847473893,0,,2.4698379765293983,0.9113279055599073,
100375_00001,Toshiba,0,194853,False,0.621632677320896,0.621632677320896,0,,1.2165069324564262,0.8911979039487282,
100377_00001,Siemens,0,326019,False,0.6572241094588116,0.6572241094588116,0,,1.7585095195169913,0.872303814029883,
100388_00001,Philips,0,341527,False,0.5964961784299052,0.5964961784299052,0,,1.1174638982449128,0.9206828106391425,
100392_00001,Toshiba,0,104339,False,0.5544757385054506,0.5544757385054506,0,,1.1793988077974256,0.8476168966159618,
100395_00001,Siemens,0,227189,False,0.6130099763797218,0.6130099763797218,0,,3.348030855385136,0.8518403918731642,
100399_00001,Toshiba,0,146025,False,0.5966181176993368,0.5966181176993368,0,,2.934015353719335,0.8625163759094644,
100407_00001,Philips,1,63622,False,0.40798409184707163,0.48180614691044404,3888,1.0,2.7086188924741403,0.7971872864799536,1.0
100416_00002,Siemens,1,121124,False,0.5108648518429294,0.5534264788206755,5448,0.9252936857562408,10.550280315488074,0.8968388429752067,1.0
100417_00002,Toshiba,0,50871,False,0.44521707582537184,0.44521707582537184,0,,4.5658603281448515,0.659923063309768,
100427_00001,Toshiba,1,103255,False,0.5064739492891985,0.5711020385682518,6462,0.9795728876508821,7.056100560048665,0.881917992381806,1.0
100430_00001,Siemens,1,111702,False,0.5336974966866089,0.566579887388751,3704,1.0,14.309819266391473,0.8138259506309722,1.0
100437_00001,Toshiba,0,130724,False,0.501498206132695,0.501498206132695,0,,2.8872084888747347,0.8987353679323021,
100456_00002,Toshiba,0,160477,False,0.5796710986703989,0.5796710986703989,0,,1.9689755233742057,0.8819140455032605,
100459_00001,Toshiba,0,123459,False,0.6142294600547287,0.6142294600547287,0,,1.9315864812519403,0.9058612422968381,
100460_00001,Toshiba,0,206664,False,0.6566753042091203,0.6566753042091203,0,,2.2064039157716904,0.8713724525642951,
100465_00001,Siemens,0,172105,False,0.5848716421207949,0.5848716421207949,0,,10.714703021970042,0.6890867498847053,
100468_00001,Toshiba,0,215840,False,0.5981424268544255,0.5981424268544255,0,,4.357062232068968,0.8939328344362669,
100469_00001,Toshiba,0,234135,False,0.5691997711196873,0.5691997711196873,0,,3.3311625211085545,0.8653318573422535,
100478_00001,Toshiba,0,76287,False,0.5021476444400959,0.5021476444400959,0,,9.399054650721425,0.8705042708306352,
100486_00001,Toshiba,0,138395,False,0.5956738602400967,0.5956738602400967,0,,4.522799721810623,0.8658298390931635,
100492_00001,Philips,1,111201,False,0.5673189046502389,0.5906518258940389,2584,1.0,4.04519958107767,0.906914427345823,1.0
100511_00001,Siemens,0,608757,False,0.6014716985022953,0.6014716985022953,0,,4.214679439413675,0.8643865617320562,
100517_00001,Toshiba,0,151966,False,0.6533373944826386,0.6533373944826386,0,,4.0181175448822986,0.8721653057790213,
100530_00001,Philips,1,142000,False,0.570209371884347,0.5840092814297352,1955,1.0,2.5560774927989254,0.9316687954943238,1.0
100531_00001,Siemens,0,222289,False,0.6184497086055651,0.6184497086055651,0,,9.02064314316045,0.8753202440842184,
100533_00001,Toshiba,1,388226,False,0.5579608517174229,0.6708911745423964,46468,1.0,2.2174453310665916,0.9177278835948348,1.0
100534_00001,Siemens,0,188037,False,0.6315747627411439,0.6315747627411439,0,,1.1937361934480337,0.8786717690381813,
100541_00001,Philips,0,127656,False,0.547733012357206,0.547733012357206,0,,6.9109278094754965,0.8409518465955972,
100552_00001,Siemens,0,218368,False,0.6701259843447224,0.6701259843447224,0,,5.917322350455724,0.8754820642631479,
100566_00001,Toshiba,0,168037,False,0.617560265831787,0.617560265831787,0,,2.343349650596027,0.862172901686069,
100570_00001,Toshiba,0,138867,False,0.614074184123211,0.614074184123211,0,,0.8250124859176506,0.8698740613054206,
100580_00001,Toshiba,0,183840,False,0.6031624768827554,0.6031624768827554,0,,4.296849485571064,0.9125895455332339,
100581_00001,Siemens,0,184752,False,0.6507314750692521,0.6507314750692521,0,,1.630015242195951,0.8998236662806106,
100585_00001,Siemens,0,228034,False,0.5729503143878684,0.5729503143878684,0,,10.36007562062098,0.8135139299345086,
100608_00001,Philips,1,97362,False,0.5562860157454752,0.6040963666326611,4642,1.0,5.735693747953162,0.8642072130473742,1.0
100609_00001,Siemens,0,178506,False,0.5511862347878258,0.5511862347878258,0,,14.391915584749574,0.8045641967318921,
100617_00001,Philips,1,108928,False,0.6188164786587254,0.6643650020203941,6766,0.8758498374224062,4.150726538769582,0.8374894596352508,1.0
100620_00001,Siemens,0,312306,False,0.6127241992491932,0.6127241992491932,0,,5.100137465159321,0.8801429457219626,
100625_00001,Siemens,0,225089,False,0.6739513652972834,0.6739513652972834,0,,1.411178909820944,0.8746290461585006,
100627_00001,Toshiba,0,178759,False,0.609157673688292,0.609157673688292,0,,2.2541381567470937,0.8082060259437326,
100628_00001,Siemens,0,258096,False,0.6470269989075587,0.6470269989075587,0,,1.9782228941817348,0.8660363085629701,
100650_00001,Siemens,0,122108,False,0.5543839324766825,0.5543839324766825,0,,0.9533405936294602,0.8731786062378167,
100662_00001,Siemens,0,41278,False,0.5408903769443955,0.5408903769443955,0,,4.846897063052604,0.7892882311486963,
100667_00001,Philips,0,243734,False,0.592467090904914,0.592467090904914,0,,4.49536996367067,0.8995465801603909,
100683_00001,Toshiba,0,191233,False,0.6035406026232348,0.6035406026232348,0,,1.5689899846401887,0.8866022860652669,
100703_00001,Siemens,1,146250,False,0.5093207877063636,0.5609111455628818,16257,0.5944516208402534,14.74163413812832,0.9097067549234462,1.0
100713_00001,Philips,1,110357,False,0.6438309084660327,0.6469229380978163,379,1.0,0.27837224764839114,0.8927199140992814,1.0
100718_00001,Siemens,0,265371,False,0.6078410613811072,0.6078410613811072,0,,3.4062885643748193,0.8310460598523514,
100719_00001,Siemens,0,165149,False,0.5978183043423325,0.5978183043423325,0,,3.6512467462155604,0.8692770611107046,
100728_00001,Philips,1,155681,False,0.634636295261631,0.6643936113411727,5184,1.0,3.7605724322376095,0.8788444158316682,1.0
100729_00001,Toshiba,0,98607,False,0.4151179232385729,0.4151179232385729,0,,5.727923909340327,0.8843830518927338,
100732_00001,Philips,1,99513,False,0.4530902249313581,0.6173940268438104,16173,0.9728559945588326,13.650887465794012,0.8010203994437707,1.0
100735_00001,Siemens,0,156263,False,0.6074819021197277,0.6074819021197277,0,,3.010008946818275,0.8454877481904509,
100741_00001,Siemens,0,255186,False,0.6121840737672287,0.6121840737672287,0,,4.888576270127059,0.8796938731224303,
100749_00001,Toshiba,0,191559,False,0.6170122184852485,0.6170122184852485,0,,2.5351840848410157,0.8923345621730746,
100756_00001,Siemens,1,126889,False,0.5289800980741183,0.5974048727073639,8496,1.0,6.181692171399955,0.9076931897089203,1.0
100763_00001,Toshiba,0,391955,False,0.6248087414533382,0.6248087414533382,0,,1.4404717075352944,0.9093276167381186,
100766_00001,Toshiba,0,214875,False,0.6942051892237475,0.6942051892237475,0,,4.869109248468126,0.9257416668284025,
100769_00001,Toshiba,0,101037,False,0.6372851129673096,0.6372851129673096,0,,4.594990268775075,0.9320722316791239,
100779_00001,Toshiba,0,238663,False,0.6086056337618606,0.6086056337618606,0,,2.137592948490702,0.937932989041441,
100782_00001,Siemens,0,219479,False,0.6278444545166678,0.6278444545166678,0,,1.6893355845871787,0.8430474604496253,
100785_00001,Siemens,0,150474,False,0.6062592952422173,0.6062592952422173,0,,1.431880061078809,0.8620860784621539,
100790_00001,Philips,1,172932,False,0.5821589793122401,0.6659670096507039,15545,1.0,11.911869510078722,0.8622930982616367,1.0
100791_00001,Siemens,0,336914,False,0.5950316367661247,0.5950316367661247,0,,5.503702418595579,0.7587285044293903,
100811_00001,Siemens,0,222695,False,0.5411816126896318,0.5411816126896318,0,,2.5749520403879136,0.856379739572247,
100812_00001,Toshiba,0,581545,False,0.5973171567323841,0.5973171567323841,0,,2.4530085068450425,0.8630880180130243,
100817_00001,Toshiba,0,150640,False,0.5605914190916405,0.5605914190916405,0,,2.646053005502516,0.9074656750572082,
100821_00001,Siemens,0,180962,False,0.5577309373482273,0.5577309373482273,0,,4.326218352591581,0.8678443947179322,
100826_00001,Other,1,32844,False,0.35401691848809347,0.3668956841494097,434,0.7903225806451613,3.4053939531097406,0.7557489421663787,1.0
100836_00001,Toshiba,0,180855,False,0.5722857266269541,0.5722857266269541,0,,4.005325199106205,0.8819495202774733,
100842_00001,Philips,1,276565,False,0.5053050151439137,0.5469127091258641,14433,0.8164622739555186,3.2638341521884358,0.8394959934204694,1.0
100851_00001,Siemens,0,152421,False,0.5541980172671285,0.5541980172671285,0,,3.2101871548304186,0.8327695002769766,
100859_00001,Toshiba,0,166430,False,0.63983878896712,0.63983878896712,0,,1.8847662140522103,0.8745088043790865,
100861_00001,Toshiba,0,308645,False,0.5912347813460028,0.5912347813460028,0,,1.6846568792176793,0.8933660933660934,
100873_00001,Siemens,0,83440,False,0.4886414896880244,0.4886414896880244,0,,1.4841045863863933,0.7797265876768686,
100874_00001,Siemens,0,228312,False,0.6360582705929523,0.6360582705929523,0,,2.6855162720158954,0.8471409439901476,
100881_00001,Toshiba,0,404941,False,0.5665574249572078,0.5665574249572078,0,,6.543101177968158,0.893235746821762,
100888_00001,Siemens,0,233668,False,0.6019457361110284,0.6019457361110284,0,,2.2248743071307002,0.8924648259083293,
100901_00001,Siemens,0,171650,False,0.661709151419425,0.661709151419425,0,,0.8651953164881093,0.9100245522928511,
100920_00001,Toshiba,0,133647,False,0.5510357835567691,0.5510357835567691,0,,2.218368874208535,0.8829437885983459,
100926_00001,Philips,1,163198,False,0.38617688994722993,0.6657492971446873,48804,0.9174452913695599,4.795175190698605,0.8180102105734689,1.0
100928_00001,Toshiba,1,250167,False,0.5195264243620737,0.6288713336795779,27468,0.9879132080966944,1.1388782897632188,0.8988679735651278,1.0
100932_00001,Philips,1,346530,False,0.560023176169931,0.6066087471892901,16174,0.9992580685050081,3.4971158736689123,0.8638580024997102,1.0
100941_00001,Other,1,134454,False,0.5624678768939784,0.5749799029234887,1982,0.9016145307769929,2.3239906601840676,0.8119963518417582,1.0
100942_00001,Siemens,1,145404,False,0.5036148032850677,0.5327114534016799,3873,1.0,2.8786352918424787,0.8585056620602993,1.0
100947_00001,Siemens,0,233562,False,0.5041013215014097,0.5041013215014097,0,,8.554225257592433,0.8445542079767672,
100963_00001,Siemens,0,84578,False,0.5986355416735164,0.5986355416735164,0,,1.2660320550312594,0.8560510336285202,
100972_00001,Toshiba,0,253161,False,0.4038399316260187,0.4038399316260187,0,,17.003338285163085,0.822989455531804,
100973_00001,Siemens,0,387451,False,0.6053741133561171,0.6053741133561171,0,,4.7082755966638965,0.8395026132574566,
100977_00001,Siemens,0,170735,False,0.5160169436858968,0.5160169436858968,0,,1.8610130978380568,0.7470569047830857,
100979_00001,Toshiba,0,161699,False,0.5824244299291034,0.5824244299291034,0,,1.6642653317908989,0.8662868363119686,
101010_00001,Siemens,0,172127,False,0.586136292400565,0.586136292400565,0,,3.4643828728618526,0.9040579165672452,
101012_00001,Toshiba,0,127793,False,0.517071421133621,0.517071421133621,0,,2.821398120106509,0.8980476012101433,
101013_00001,Philips,1,100309,False,0.6197839960726559,0.6385537306807635,2022,1.0,3.18870833577436,0.9439432989690721,1.0
101026_00001,Philips,1,142490,False,0.5313527507434784,0.5894485506437539,8674,0.9557297671201291,2.9462147104111804,0.8917398003617606,1.0
101028_00001,Siemens,0,233288,False,0.6191310653211675,0.6191310653211675,0,,2.0590216270615014,0.8081643348017021,
101032_00001,Siemens,0,230005,False,0.6138825786847623,0.6138825786847623,0,,8.71415101548403,0.9138849826067649,
101035_00001,Siemens,0,219558,False,0.5539657362494159,0.5539657362494159,0,,0.7168309548863165,0.8767961239001019,
101036_00001,Siemens,0,422793,False,0.6530469029041125,0.6530469029041125,0,,2.8902312781626716,0.9146533744198012,
101042_00001,Toshiba,0,239469,False,0.563381365893231,0.563381365893231,0,,5.4574640380524855,0.8729262119713163,
101043_00001,Philips,1,72078,False,0.5406933611372887,0.5761239582110577,2482,1.0,2.9094683243500024,0.8404742937478564,1.0
101053_00001,Siemens,0,250379,False,0.679190584781526,0.679190584781526,0,,1.4267908382169532,0.8717208534257584,
101059_00001,Toshiba,0,159687,False,0.6462520680616272,0.6462520680616272,0,,8.079501635455204,0.8772456489393844,
101073_00001,Siemens,0,209575,False,0.5953128710420784,0.5953128710420784,0,,3.551395381439008,0.8920226890661842,
101076_00001,Siemens,0,213522,False,0.6224816732455016,0.6224816732455016,0,,2.329828873513656,0.8700370713288154,
101085_00001,Philips,1,120858,False,0.44871024308029767,0.6844881584055907,31788,0.9407638102428589,10.22677074230449,0.8409529268570292,1.0
101087_00001,Siemens,0,268824,False,0.577826197938459,0.577826197938459,0,,0.9111556227728371,0.8693540185043225,
101089_00001,Toshiba,0,148988,False,0.5912352387772583,0.5912352387772583,0,,1.728323510693889,0.8667578266424504,
101093_00001,Toshiba,1,90113,False,0.5557139723623602,0.5579056051812337,194,1.0,2.8962656422526214,0.8592318710236168,1.0
101099_00001,Siemens,0,120302,False,0.5933878290365567,0.5933878290365567,0,,5.107329563982793,0.8805688022119581,
101108_00001,Toshiba,0,401163,False,0.6347560389203927,0.6347560389203927,0,,0.7369860846506856,0.8738070492668089,
101114_00001,Toshiba,0,152501,False,0.5998131679931129,0.5998131679931129,0,,1.5693380803919865,0.8737433371356162,
101117_00001,Philips,0,316131,False,0.6102044841869946,0.6102044841869946,0,,0.7922578416290764,0.8569252402156081,
101128_00001,Philips,1,170539,False,0.5925366677821399,0.6022282835569858,1699,1.0,4.733627645764206,0.9086353576722823,1.0
101130_00001,Siemens,0,287292,False,0.6312814708571888,0.6312814708571888,0,,0.7406350416350866,0.8735558083532244,
101131_00001,Siemens,0,127724,False,0.5495586466677256,0.5495586466677256,0,,1.3299154735442746,0.886182171999693,
101134_00001,Siemens,0,96024,False,0.5922706926196505,0.5922706926196505,0,,2.253211444595493,0.8722644037516748,
101142_00001,Philips,1,362693,False,0.5334910847927329,0.664070173182901,56240,0.9168385490753912,4.371855352045322,0.8296258124247351,1.0
101143_00001,Siemens,0,174702,False,0.5858610840739736,0.5858610840739736,0,,4.452749279249909,0.8785366153268084,
101151_00001,Philips,1,570745,False,0.51267425308952,0.7046580079544582,117478,0.9803282316689083,16.347042266705497,0.751150513044891,1.0
101157_00001,Toshiba,0,134452,False,0.6308494613499311,0.6308494613499311,0,,9.674576231822646,0.8223111366245694,
101176_00001,Siemens,0,185137,False,0.6047052576074314,0.6047052576074314,0,,4.5698241850102574,0.9331938679281253,
101190_00001,Toshiba,0,228908,False,0.633187110589005,0.633187110589005,0,,2.4898521661575232,0.8973836464520948,
101195_00001,Siemens,0,149545,False,0.6084881681329602,0.6084881681329602,0,,5.718526964389185,0.7989986800180896,
101200_00001,Siemens,0,122239,False,0.478372572447394,0.478372572447394,0,,0.9860890381923981,0.8586362990548999,
101202_00001,Toshiba,0,135607,False,0.5722174666471804,0.5722174666471804,0,,3.808211185468362,0.8679916730858601,
101204_00001,Siemens,0,220931,False,0.5843645005326559,0.5843645005326559,0,,5.250066780433301,0.8621004176438882,
101206_00001,Toshiba,0,75622,False,0.5786102252571019,0.5786102252571019,0,,1.7901993319163114,0.8561362254854913,
101207_00001,Siemens,0,100832,False,0.5004976750404825,0.5004976750404825,0,,1.6785533467062317,0.8402689699447804,
101221_00001,Philips,1,70341,False,0.40314747102037185,0.5168669226640241,6899,1.0,13.094419189248281,0.7451289771575809,1.0
101226_00001,Toshiba,0,150894,False,0.5450102967084135,0.5450102967084135,0,,0.7785561063839488,0.828302965928589,
101240_00001,Philips,0,228365,False,0.6381155052876711,0.6381155052876711,0,,3.1394381582466786,0.9120577983395652,
101255_00001,Siemens,0,202912,False,0.5643432432337914,0.5643432432337914,0,,7.581077941656131,0.8419686633627335,
101256_00001,Siemens,0,272434,False,0.6207778799058183,0.6207778799058183,0,,2.930331292047629,0.8937872757695364,
101261_00001,Toshiba,1,67421,False,0.4997284566361873,0.5367693954101763,2284,1.0,2.422362721741992,0.8511310074197695,1.0
101263_00001,Toshiba,0,172768,False,0.6264636724223928,0.6264636724223928,0,,1.0142023502622806,0.8625276987543563,
101282_00001,Toshiba,0,66773,False,0.5401867129830655,0.5401867129830655,0,,2.055162512292602,0.8194358069876742,
101283_00001,Toshiba,0,388231,False,0.6046849626921573,0.6046849626921573,0,,6.97291576291236,0.8929889197720208,
101292_00001,Toshiba,0,98170,False,0.5929162472245425,0.5929162472245425,0,,3.4467352174403323,0.8093833201410376,
101306_00001,Philips,1,136827,False,0.449037439470887,0.6181621394104295,21762,1.0,6.140635100504846,0.8701005440121286,1.0
101312_00001,Siemens,0,196658,False,0.6753014247997233,0.6753014247997233,0,,6.694860112954299,0.8736503511433709,
101325_00001,Siemens,0,223659,False,0.5595338230920041,0.5595338230920041,0,,3.4836414807753178,0.8626780510310753,
101333_00001,Toshiba,0,85974,False,0.5524755274998544,0.5524755274998544,0,,2.8026675562260666,0.8437343571938271,
101335_00001,Siemens,0,375917,False,0.6654225888481854,0.6654225888481854,0,,1.4395345796221084,0.915504033974758,
101337_00001,Toshiba,0,83699,False,0.5431534056712466,0.5431534056712466,0,,3.502432013915083,0.8296745889066649,
101338_00001,Siemens,1,160330,False,0.5701284772946945,0.5875459408556444,2794,1.0,2.7618931720042275,0.8912230770854643,1.0
101352_00001,Philips,1,89631,False,0.42438557517539316,0.5564261809756725,10417,1.0,5.05826112665834,0.8216827997021593,1.0
101369_00001,Philips,1,116786,False,0.5591259488366053,0.5886005689308264,3538,1.0,4.867384811835726,0.8507749974673285,1.0
101371_00001,Philips,0,150879,False,0.6389391898521896,0.6389391898521896,0,,2.4867859803407253,0.86523694370593,
101373_00001,Toshiba,0,107981,False,0.566194134262559,0.566194134262559,0,,1.8481654048795428,0.8887504172693891,
101376_00001,Siemens,1,174558,False,0.5464475022755261,0.6566688108768551,19922,1.0,2.3654699484697086,0.8820612089348714,1.0
101379_00001,Siemens,0,81730,False,0.5381122888697367,0.5381122888697367,0,,1.975091663481133,0.870465866587693,
101380_00001,Siemens,0,214696,False,0.635091362384437,0.635091362384437,0,,5.531717444488874,0.8574458230622625,
101386_00001,Siemens,0,225896,False,0.6133564603456226,0.6133564603456226,0,,2.1389866347813533,0.7987411274893582,
101397_00001,Toshiba,0,145479,False,0.5902466448515951,0.5902466448515951,0,,3.7406241497745327,0.8095438353453394,
101411_00001,Siemens,0,181776,False,0.5744149181236774,0.5744149181236774,0,,6.572462220882645,0.8156293054756413,
101418_00001,Siemens,1,110081,False,0.5861183173101379,0.5929506622181782,984,0.842479674796748,1.6392330140495397,0.8446973856698666,1.0
101422_00001,Siemens,0,113637,False,0.5097827571184269,0.5097827571184269,0,,1.677854911616392,0.8953742306928727,
101424_00001,Siemens,0,228491,False,0.6423450083182427,0.6423450083182427,0,,1.3713918882723568,0.8901086943506792,
101432_00001,Siemens,0,186785,False,0.5811799923110516,0.5811799923110516,0,,4.88312307506968,0.8556485754936323,
101459_00001,Toshiba,0,149756,False,0.6134350076439926,0.6134350076439926,0,,2.593572840957449,0.9175348865400665,
101466_00001,Siemens,0,157265,False,0.5368455164112772,0.5368455164112772,0,,1.2040554026186665,0.861697501761067,
101479_00001,Siemens,0,255670,False,0.6385397409748321,0.6385397409748321,0,,2.104529685249348,0.8936817625862283,
101483_00001,Philips,1,47464,False,0.5674857445182528,0.590395242503296,3254,0.5347264904732637,5.178123168707217,0.8061047664780675,1.0
101486_00001,Toshiba,0,203941,False,0.632484997874493,0.632484997874493,0,,1.3984842957823969,0.8714779649711567,
101490_00001,Toshiba,0,246918,False,0.5890337144931482,0.5890337144931482,0,,3.3421584450788266,0.8528798710345389,
101498_00001,Siemens,0,166005,False,0.5685948454960501,0.5685948454960501,0,,3.4627078776766838,0.9243757216958624,
101506_00001,Siemens,0,131769,False,0.6191319705981663,0.6191319705981663,0,,1.6356586515889913,0.8608694094036697,
101520_00001,Siemens,0,230160,False,0.5506068819600504,0.5506068819600504,0,,8.422025331734387,0.8358148468522466,
101521_00001,Siemens,1,270510,False,0.5125318966412222,0.6372659091929761,34780,0.9749856239217941,7.137686480845239,0.8762330076416739,1.0
101527_00001,Toshiba,0,194942,False,0.5515203797154355,0.5515203797154355,0,,2.443322679092352,0.862372520038448,
101530_00001,Philips,1,77562,False,0.504556883932661,0.5440116490717146,2899,1.0,1.7192196476841635,0.9241555509343157,1.0
101534_00001,Toshiba,1,144824,False,0.6016312902456475,0.6079656606712123,954,1.0,2.0812858648993577,0.8549630200338975,1.0
101537_00001,Toshiba,1,498401,False,0.6649914155561816,0.6677832279760934,1577,1.0,3.7888717468156363,0.894635431679349,1.0
101539_00001,Siemens,0,69254,False,0.5664713835060838,0.5664713835060838,0,,2.8799175279068128,0.8363555677252749,
101541_00001,Philips,1,140181,False,0.5836746987951807,0.6339484145237276,7331,1.0,12.765211643323964,0.8701149972024657,1.0
101542_00001,Toshiba,0,238597,False,0.6331101152441483,0.6331101152441483,0,,1.8801660865495824,0.8131833451063744,
101546_00001,Siemens,0,583567,False,0.5767629865992099,0.5767629865992099,0,,4.838710352148026,0.8854927706704788,
101572_00001,Toshiba,0,549425,False,0.6596396245614162,0.6596396245614162,0,,0.872840398480502,0.8769214779316562,
101595_00001,Siemens,0,202701,False,0.6524476583749893,0.6524476583749893,0,,3.0522454996294854,0.9038383949530516,
101595_00002,Siemens,0,273881,False,0.7043632149710526,0.7043632149710526,0,,3.8156848752375945,0.888138942332692,
101599_00001,Siemens,0,154884,False,0.5537102161602178,0.5537102161602178,0,,4.328167855192187,0.8624828030325206,
101602_00001,Philips,1,272256,False,0.43118788966289695,0.5534941803179354,29592,1.0,10.060747257966604,0.8522235193828294,1.0
101618_00001,Siemens,0,169281,False,0.42248293534810977,0.42248293534810977,0,,16.394246742615643,0.5678544148005955,
101633_00001,Siemens,0,251190,False,0.6512400146750468,0.6512400146750468,0,,2.316531001797134,0.9028319673346356,
101642_00001,Siemens,0,146461,False,0.5598481595690699,0.5598481595690699,0,,4.927612128355223,0.8661813608371627,
101659_00001,Toshiba,1,171618,False,0.5837271031416668,0.6116958075053267,4903,1.0,1.7500618316615149,0.8777740036231884,1.0
101664_00001,Toshiba,0,196697,False,0.5467115824740185,0.5467115824740185,0,,1.3981248049436032,0.8705979359840746,
101673_00001,Siemens,0,147312,False,0.542599132376521,0.542599132376521,0,,2.802899115268053,0.8758859536082474,
101676_00001,Siemens,0,77532,False,0.5115067968600421,0.5115067968600421,0,,3.5907416776533845,0.8458231803573308,
101685_00001,Siemens,0,115491,False,0.5341673317618526,0.5341673317618526,0,,7.657822332446139,0.8749390794404097,
101688_00001,Toshiba,0,83961,False,0.6113718322383046,0.6113718322383046,0,,2.95973523010633,0.9147478295871413,
101694_00001,Siemens,1,331579,False,0.31460040827518965,0.6817270642559631,118972,0.948542514205023,11.682733419058932,0.8249940303785378,1.0
101698_00001,Siemens,1,359993,False,0.5969417753640007,0.6242678109895194,10325,0.996319612590799,4.4527819850064025,0.8676357809844776,1.0
101699_00001,Siemens,0,222888,False,0.628826690949004,0.628826690949004,0,,4.8770213101012345,0.8507397751675625,
101703_00001,Siemens,0,768089,False,0.6832319874749876,0.6832319874749876,0,,6.5959808524493635,0.9105844866553279,
101705_00001,Siemens,0,188293,False,0.593813710618219,0.593813710618219,0,,1.571019033627039,0.8985467451770042,
101707_00001,Philips,0,86677,False,0.5942974701854769,0.5942974701854769,0,,2.3176032371289845,0.856283531133149,
101724_00001,Toshiba,0,222562,False,0.544059977684543,0.544059977684543,0,,4.922915713830181,0.9102098745466595,
101727_00001,Toshiba,0,171500,False,0.5835649099728686,0.5835649099728686,0,,1.3757303160419267,0.846636112714065,
101730_00001,Siemens,0,96750,False,0.6032522541262885,0.6032522541262885,0,,3.658374295921527,0.9027842659999559,
101734_00001,Siemens,0,93880,False,0.46112592526198637,0.46112592526198637,0,,5.431148764168074,0.715051443454771,
101739_00001,Siemens,0,177491,False,0.5793434581492518,0.5793434581492518,0,,1.2862851949253686,0.8765049879600963,
101745_00001,Siemens,0,44039,False,0.5746244105713346,0.5746244105713346,0,,2.318897722355891,0.7875875611275797,
101756_00001,Siemens,0,309037,False,0.6467573737717656,0.6467573737717656,0,,1.3840018047950604,0.8671032440727052,
101758_00001,Siemens,0,155270,False,0.6078231475022804,0.6078231475022804,0,,1.7426154874445445,0.8430467376384662,
101762_00001,Siemens,0,263135,False,0.5986635417464852,0.5986635417464852,0,,5.178408235112229,0.9184416731045139,
101764_00001,Toshiba,0,217858,False,0.6937002431234209,0.6937002431234209,0,,1.4862450972474626,0.9230324074074074,
101766_00001,Toshiba,0,141044,False,0.6080797353845254,0.6080797353845254,0,,2.2598297477416067,0.8732780541735765,
101770_00001,Siemens,0,359812,False,0.5020599667872484,0.5020599667872484,0,,8.4348329506158,0.8318845386254518,
101772_00001,Toshiba,0,209547,False,0.6848785683983662,0.6848785683983662,0,,2.654854506758493,0.8308038978109853,
101782_00001,Siemens,0,189714,False,0.4917177792726841,0.4917177792726841,0,,6.589824943913489,0.692807029537471,
101786_00001,Toshiba,0,120637,False,0.5544378065726807,0.5544378065726807,0,,3.5736538235883883,0.9157000883728725,
101797_00001,Toshiba,0,371177,False,0.5832679077565902,0.5832679077565902,0,,4.732457574254253,0.9091965173416291,
101800_00001,Siemens,1,82968,False,0.4891893117996643,0.5493721337011478,4698,0.980630055342699,4.208669699207714,0.8273025289234628,1.0
101801_00001,Other,1,435709,False,0.5338984185647906,0.6361879730506149,44809,1.0,5.816171585299552,0.9008551949077866,1.0
101802_00001,Siemens,0,229805,False,0.6393895563361572,0.6393895563361572,0,,4.722668382068001,0.8500601472389706,
101810_00001,Philips,0,110781,False,0.550358728629279,0.550358728629279,0,,4.326803643474582,0.8584560076255279,
101812_00001,Siemens,0,272560,False,0.6379554615476714,0.6379554615476714,0,,5.799240048947041,0.9397794325110099,
101823_00001,Siemens,0,158755,False,0.6125635848418937,0.6125635848418937,0,,1.4380908687821639,0.928624859194593,
101835_00001,Siemens,1,111582,False,0.5790212595266747,0.5870798070571226,910,1.0,2.327433355247317,0.882756182648628,1.0
101840_00001,Siemens,0,134316,False,0.6356461290942759,0.6356461290942759,0,,3.1584251734958197,0.883699966033216,
101845_00001,Philips,1,415825,False,0.6890479759213819,0.6896696498959444,314,1.0,4.83872296838146,0.8348289605277571,1.0
101870_00001,Siemens,0,147732,False,0.5112328739553301,0.5112328739553301,0,,3.6937027487433975,0.822636059072884,
101875_00001,Toshiba,0,196038,False,0.593154538032919,0.593154538032919,0,,3.435216672028528,0.8776879313358673,
101886_00001,Siemens,1,575285,False,0.669189885834862,0.7132359392091864,29884,0.9981930129835364,1.1747066664079902,0.8916641198325349,1.0
101890_00001,Siemens,0,242494,False,0.6004291611250111,0.6004291611250111,0,,3.2807545509230907,0.8072727272727273,
101896_00001,Siemens,0,212541,False,0.6594816587890792,0.6594816587890792,0,,4.438001939536889,0.9118733004412747,
101903_00001,Siemens,0,97933,False,0.569472564927971,0.569472564927971,0,,3.6624024725258852,0.8862685028636388,
101907_00001,Siemens,0,106904,False,0.5877864603888757,0.5877864603888757,0,,4.743160480132403,0.9216608072384378,
101910_00001,Philips,0,373301,False,0.6229191208735186,0.6229191208735186,0,,4.566420704344559,0.8765340261956514,
101917_00001,Philips,1,74670,False,0.5095871413850555,0.5763306866637259,4979,0.9841333601124724,8.046072017647814,0.7608984827859413,1.0
101918_00001,Philips,1,155239,False,0.5884494872982122,0.5891598258454985,112,1.0,6.9122718651922295,0.8030433344359907,1.0
101920_00001,Siemens,0,171139,False,0.5436900616296875,0.5436900616296875,0,,2.737750550557419,0.9102089651910181,
101921_00001,Toshiba,0,158098,False,0.6047498140822263,0.6047498140822263,0,,4.123049940979819,0.865543075448728,
101923_00001,Toshiba,0,389397,False,0.5763465247973513,0.5763465247973513,0,,2.1138075144628483,0.9018599551453989,
101924_00001,Siemens,0,234181,False,0.604848932555219,0.604848932555219,0,,5.3729544800249345,0.9191987398756416,
101926_00001,Toshiba,0,96019,False,0.5663143513995902,0.5663143513995902,0,,2.495435797607543,0.855001122158958,
101929_00001,Siemens,0,148794,False,0.5734603951405549,0.5734603951405549,0,,2.18021835610934,0.8332125255483811,
101936_00001,Siemens,0,172417,False,0.5212801055757176,0.5212801055757176,0,,6.6793967123324025,0.768358028142764,
101937_00001,Toshiba,0,238386,False,0.6290088914447491,0.6290088914447491,0,,4.356210761446306,0.876154229742231,
101939_00001,Siemens,0,154804,False,0.5298076695045889,0.5298076695045889,0,,0.7650109696474211,0.8347559511755508,
101944_00001,Siemens,0,188033,False,0.6611338718680555,0.6611338718680555,0,,1.1256250187399959,0.8936628823997781,
101948_00001,Toshiba,0,197000,False,0.6643024725999148,0.6643024725999148,0,,0.9016334867842577,0.8887542269620515,
101950_00001,Siemens,0,254607,False,0.634526006334368,0.634526006334368,0,,2.7967399335264664,0.8245971076901383,
101964_00001,Philips,1,329150,False,0.5582342482377435,0.6363199664973744,26495,0.9969428193998868,7.997135264310973,0.8806259490467353,1.0
101966_00001,Toshiba,0,275385,False,0.6103631376299167,0.6103631376299167,0,,1.36414407761286,0.8291909683542387,
101970_00002,Siemens,0,118939,False,0.5258919282785631,0.5258919282785631,0,,6.494647485697505,0.8583746935129218,
101971_00001,Philips,1,348822,False,0.4725687390762638,0.6590778130974505,65811,0.9789396909331267,17.622488203544776,0.9184928225797532,1.0
101975_00001,Siemens,0,201005,False,0.459163190474916,0.459163190474916,0,,3.2628904553379074,0.8002400777833586,
101982_00001,Siemens,0,183597,False,0.5027695695650708,0.5027695695650708,0,,12.868918455826751,0.8292395330849766,
101989_00001,Siemens,0,270474,False,0.6128881101784696,0.6128881101784696,0,,6.055729436182396,0.9264959060641607,
102006_00001,Philips,1,259178,False,0.5699840705392712,0.6795294069991468,30258,1.0,2.496268321580096,0.8788854957154092,1.0
102010_00001,Siemens,0,247145,False,0.6191001893723461,0.6191001893723461,0,,5.084521704923134,0.8571780058684508,
102043_00001,Siemens,0,174652,False,0.6074365814772136,0.6074365814772136,0,,1.6001269183921538,0.9243234312830139,
102053_00001,Siemens,1,109422,False,0.4797581911369028,0.5847326870162265,10971,0.9840488560751071,4.115825407182471,0.8569727312342353,1.0
102054_00001,Siemens,1,269692,False,0.5007062655447662,0.6531293228683765,42324,0.9767035251866554,8.124233350948957,0.8408531180374212,1.0
102057_00001,Toshiba,1,81950,False,0.622055924898941,0.6570944845998568,3124,1.0,1.1523002735587422,0.8126972327552009,1.0
102059_00001,Siemens,0,175546,False,0.608062306759031,0.608062306759031,0,,3.0767224402782727,0.8673579505466148,
102063_00001,Philips,1,255583,False,0.40599495020510973,0.6621586791394394,68600,0.9418804664723032,10.718510332513215,0.8226564589888284,1.0
102065_00002,Other,1,102601,False,0.3579018114318633,0.637870987780781,26335,0.9832921966964117,9.040904821496872,0.8906375896700144,1.0
102097_00001,Siemens,0,163144,False,0.5701364175563464,0.5701364175563464,0,,4.848552868589922,0.8559897562148402,
102100_00001,Toshiba,0,243621,False,0.694560691662841,0.694560691662841,0,,2.789598626350196,0.9190988748074862,
102101_00001,Philips,0,69384,False,0.6029507693488354,0.6029507693488354,0,,4.458555007205818,0.8493785376496202,
102108_00001,Toshiba,0,642108,False,0.6756300351061278,0.6756300351061278,0,,1.712638991782789,0.917293465062004,
102109_00001,Philips,1,167126,False,0.5881372121862117,0.5988732979939715,1829,1.0,3.7014831935034103,0.8759045228274639,1.0
102119_00001,Siemens,0,237455,False,0.6083528310715957,0.6083528310715957,0,,1.7043000085087554,0.9239738061012618,
102122_00001,Toshiba,0,145724,False,0.6287283672629589,0.6287283672629589,0,,1.3762076706375836,0.8115495113439773,
102134_00001,Toshiba,1,343053,False,0.5797871039783518,0.5877869091616417,2780,1.0,6.2212800034765685,0.8505445540344807,1.0
102139_00001,Siemens,1,493140,False,0.2013659011875742,0.75550071249624,360769,0.8002322815984744,45.283911571862596,0.5767933095134928,1.0
102140_00001,Philips,1,69576,False,0.4059448756173612,0.5043084578176887,5779,1.0,11.37188143438552,0.5959182715962498,1.0
102148_00001,Toshiba,0,137462,False,0.5864942248083932,0.5864942248083932,0,,2.8909982234841003,0.8727979197609202,
102157_00001,Siemens,0,234016,False,0.6504033895010092,0.6504033895010092,0,,2.9412635191747327,0.8916792179038975,
102158_00001,Siemens,0,240714,False,0.6423681755647641,0.6423681755647641,0,,1.5381202170432076,0.9133622904948177,
102159_00001,Toshiba,1,245267,False,0.6019860485118599,0.6252883284637859,6070,1.0,5.828897077929504,0.8535636410278336,1.0
102161_00001,Siemens,0,245673,False,0.573070132275898,0.573070132275898,0,,6.875439452626364,0.8470372991813677,
102174_00001,Toshiba,0,137256,False,0.5662875748650229,0.5662875748650229,0,,2.5276324201856224,0.8609591012140255,
102183_00001,Siemens,0,238556,False,0.6231493943472409,0.6231493943472409,0,,3.680570139780753,0.8581189322730695,
102194_00001,Toshiba,0,122118,False,0.5813794096472282,0.5813794096472282,0,,4.148496275240499,0.8563460585027268,
102198_00001,Toshiba,0,147709,False,0.6182152462694378,0.6182152462694378,0,,5.964801970179936,0.8288189127105666,
102203_00001,Philips,1,148866,False,0.41480969960957215,0.7246853338934579,59309,0.8541368089160161,26.457432249336282,0.7913033300030204,1.0
102213_00001,Siemens,0,100811,False,0.4966319023842586,0.4966319023842586,0,,4.276376202314667,0.8751633271128971,
102214_00001,Siemens,0,182143,False,0.4579751248190493,0.4579751248190493,0,,17.391277707006214,0.7080006337135615,
102220_00001,Siemens,0,124837,False,0.5899095868884389,0.5899095868884389,0,,1.582446489597694,0.8828250401284109,
102221_00001,Siemens,0,172372,False,0.5508939383146948,0.5508939383146948,0,,3.0558036140009146,0.8735910679704784,
102222_00001,Toshiba,0,251009,False,0.6566475463433046,0.6566475463433046,0,,0.9453191321669973,0.9352996141789245,
100012_00001,Siemens,0,258244,False,0.740470545321904,0.740470545321904,0,,4.924619210546712,0.8943702843876958,
100014_00001,Toshiba,0,79421,False,0.6919616537041973,0.6919616537041973,0,,1.9716679069139937,0.8771721380552785,
100020_00001,Siemens,0,173788,False,0.4057320297092023,0.4057320297092023,0,,20.976866237254917,0.8570924932638312,
100023_00001,Siemens,0,256263,False,0.6058112152615371,0.6058112152615371,0,,2.0971129677959404,0.8614045352078005,
100033_00001,Siemens,1,357053,False,0.6803067278466215,0.6890709034032763,3660,1.0,5.198038595304238,0.9339911161660838,1.0
100042_00001,Siemens,0,315525,False,0.565508130634925,0.565508130634925,0,,1.5186301284884458,0.8721346257202495,
100047_00004,Siemens,0,135360,False,0.5675094363494507,0.5675094363494507,0,,0.6730251038092047,0.8679203887580059,
100048_00001,Siemens,0,174256,False,0.5845329369425755,0.5845329369425755,0,,4.334896306332739,0.8560701134220322,
100065_00001,Philips,1,141342,False,0.6211586293496897,0.6288333214599511,3500,0.5414285714285715,3.4679794719924626,0.8343022779254892,1.0
100070_00001,Toshiba,0,139955,False,0.6041201657526619,0.6041201657526619,0,,1.0013945529427546,0.8391585047976875,
100079_00001,Toshiba,0,204019,False,0.6251016100382355,0.6251016100382355,0,,2.343483052937782,0.8497245310805688,
100092_00001,Siemens,0,220570,False,0.5821916070431826,0.5821916070431826,0,,7.144971600000205,0.863451763495078,
100094_00001,Siemens,0,232325,False,0.6451573954290643,0.6451573954290643,0,,1.8453446012921544,0.8727519903694695,
100102_00001,Philips,1,264416,False,0.5106239064447786,0.638383065544504,34322,0.9850824544024241,6.449995230328318,0.8749631921096827,1.0
100114_00001,Siemens,0,85521,False,0.5840165780700964,0.5840165780700964,0,,0.48766493225819296,0.8142493638676844,
100123_00001,Siemens,0,206195,False,0.504313430569315,0.504313430569315,0,,5.300109544502157,0.8089852954073727,
100125_00001,Philips,0,97755,False,0.543703007518797,0.543703007518797,0,,3.4764412793762225,0.8556407889313299,
100126_00001,Siemens,1,89724,False,0.5288157627462929,0.6128399601624148,7455,1.0,3.1550122180829234,0.8651144593879883,1.0
100133_00001,Siemens,0,139739,False,0.5515442888938233,0.5515442888938233,0,,1.9577789042147025,0.8668401575207163,
100138_00001,Siemens,1,111760,False,0.37778132574712975,0.5193222314958335,13172,1.0,8.008642320746844,0.8423721320497668,1.0
100156_00001,Siemens,0,217713,False,0.5830915671301462,0.5830915671301462,0,,5.4909386090306365,0.8957066829340121,
100181_00001,Toshiba,0,215736,False,0.606648632939125,0.606648632939125,0,,5.838873228117005,0.8878994883964076,
100183_00001,Philips,1,158389,False,0.6339933363044078,0.6483698779140821,2506,1.0,2.9841903495193374,0.8614472736455215,1.0
100189_00001,Siemens,0,61920,False,0.5011711281070745,0.5011711281070745,0,,1.758900231550908,0.8430388383344376,
100217_00001,Siemens,1,189802,False,0.6047934318171875,0.6166153356757617,2344,1.0,2.385974870435537,0.8919219782681752,1.0
100220_00001,Siemens,1,56721,False,0.5591283235625037,0.626307484220018,4285,0.9750291715285881,6.492382120552384,0.8656504785537044,1.0
100230_00001,Siemens,0,195946,False,0.578445563020732,0.578445563020732,0,,3.718538810573674,0.8313918433889123,
100233_00001,Toshiba,0,186843,False,0.5872800980768218,0.5872800980768218,0,,0.8555465348675684,0.8707487922705314,
100241_00001,Toshiba,0,168002,False,0.6063104788685799,0.6063104788685799,0,,3.990906105927152,0.8158767625140441,
100245_00001,Siemens,1,283144,False,0.6271810302410961,0.6741371924071586,23105,0.7666305994373512,5.831152955325086,0.8708133971291866,1.0
100260_00001,Toshiba,0,220691,False,0.5320840544537058,0.5320840544537058,0,,5.143547996236804,0.8505279361364129,
100262_00001,Siemens,1,91158,False,0.31140622157540476,0.6151459323184331,24129,0.9995441170375896,16.751457006670297,0.8138292121642702,1.0
100268_00002,Siemens,0,226416,False,0.2538823402600802,0.2538823402600802,0,,29.5566796452717,0.40285005628993964,
100277_00001,Siemens,0,81186,False,0.5178518123185194,0.5178518123185194,0,,1.3475628081131652,0.8380266808536565,
100283_00001,Toshiba,0,150810,False,0.6015240051632962,0.6015240051632962,0,,5.634519802124099,0.903848443969834,
100284_00001,Toshiba,0,78049,False,0.46727798493265355,0.46727798493265355,0,,5.673034200803669,0.8459439513676235,
100287_00001,Siemens,0,219063,False,0.6135536820670731,0.6135536820670731,0,,6.936810679246082,0.8867521680427136,
100288_00001,Siemens,0,760766,False,0.6486085935451509,0.6486085935451509,0,,3.315695867270528,0.8974849881708908,
100305_00001,Siemens,0,299029,False,0.671792171473579,0.671792171473579,0,,2.5310738500186787,0.8951892748086776,
100306_00001,Toshiba,0,124168,False,0.46849328545427715,0.46849328545427715,0,,3.6269239494439014,0.8421968671436859,
100313_00001,Siemens,0,276172,False,0.6296116552447621,0.6296116552447621,0,,5.554398590208391,0.8642913361037653,
100321_00001,Toshiba,0,181115,False,0.5988566846939917,0.5988566846939917,0,,2.3865940384085156,0.8929689543390215,
100326_00001,Siemens,0,101637,False,0.5813473369173641,0.5813473369173641,0,,2.597546376023105,0.8430462482059331,
100328_00001,Philips,1,344697,False,0.6322359067869947,0.6335371843091999,493,1.0,3.853778021730528,0.8960358757162686,1.0
100330_00001,Toshiba,0,411341,False,0.613318343337817,0.613318343337817,0,,1.7483685350629534,0.8597329656957806,
100334_00001,Toshiba,0,228236,False,0.6077000472767387,0.6077000472767387,0,,1.008844879811187,0.8559657386425469,
100338_00001,Toshiba,0,126062,False,0.5546049665264564,0.5546049665264564,0,,1.1234964730144863,0.8435910394665161,
100351_00001,Toshiba,1,96297,False,0.5026010713017706,0.5540896314919053,5279,0.9088842583822694,2.2434772859931917,0.7965791814703844,1.0
100356_00001,Toshiba,1,162738,False,0.5687467866606318,0.5967273573281173,4539,0.9997796871557612,1.2253086911552145,0.8675439930025404,1.0
100358_00001,Toshiba,0,148580,False,0.5704339509862523,0.5704339509862523,0,,1.4033154908823386,0.9500497207985925,
100362_00001,Siemens,0,261833,False,0.5753083343714962,0.5753083343714962,0,,2.0978210411348557,0.8704872266501349,
100367_00001,Siemens,0,171308,False,0.5548265853709465,0.5548265853709465,0,,7.560581585478244,0.874204825372602,
100374_00001,Siemens,0,402883,False,0.540258946188459,0.540258946188459,0,,4.81529593545273,0.8442112260039601,
100379_00001,Other,1,101877,False,0.4329965036308449,0.5989671803477751,16454,0.9558162149021514,14.126503567457963,0.8700959281840094,1.0
100386_00001,Other,1,153315,False,0.6392871048038182,0.6544852079196785,2582,1.0,2.6158909858963773,0.8716447557565145,1.0
100387_00001,Toshiba,0,225792,False,0.6580260275057414,0.6580260275057414,0,,3.101864050672974,0.8917207106124037,
100394_00001,Siemens,1,110223,False,0.5976501884282864,0.6441518677281077,5415,1.0,2.0725412324354777,0.9052621031712897,1.0
100397_00001,Siemens,1,121573,False,0.3653544667876409,0.6536398353567023,39873,0.9125222581696888,15.078480200899808,0.8113591897801818,1.0
100398_00001,Siemens,0,224207,False,0.46477530872632244,0.46477530872632244,0,,6.0987641389162235,0.8743904279494976,
100402_00001,Toshiba,1,240752,False,0.5929955520388186,0.6167846367237213,5912,1.0,3.6707500054054623,0.8933051998356527,1.0
100404_00001,Toshiba,1,92679,False,0.6015461721080292,0.607686143527653,652,1.0,6.972001015127161,0.8805270149375118,1.0
100415_00001,Siemens,0,279450,False,0.6336895788436973,0.6336895788436973,0,,5.060002833297209,0.8840070015245255,
100416_00001,Toshiba,1,37013,False,0.5097382776344552,0.5301424634136873,743,0.9623149394347241,5.506604650141406,0.8604778497234461,1.0
100417_00001,Toshiba,0,34212,False,0.6642523408327548,0.6642523408327548,0,,3.6551734457013407,0.8518410612645049,
100423_00001,Siemens,0,112773,False,0.5789707770852257,0.5789707770852257,0,,6.434233298577837,0.9098321389341862,
100428_00001,Siemens,0,249441,False,0.5523602570622775,0.5523602570622775,0,,2.755057830906092,0.8920355056257693,
100436_00001,Siemens,1,319582,False,0.4607794818039972,0.6386440620302071,54344,1.0,8.028805929937294,0.8117866237898781,1.0
100447_00001,Siemens,0,175706,False,0.638628069570691,0.638628069570691,0,,2.1579884873973394,0.8624300687052145,
100475_00001,Toshiba,0,437897,False,0.6561448448506724,0.6561448448506724,0,,4.132228560678426,0.9022825702941358,
100479_00001,Philips,1,123882,False,0.5967506019487387,0.5967036057827529,14,0.0,0.8599199809727432,0.8947560087399854,1.0
100484_00001,Toshiba,0,133650,False,0.593319927103626,0.593319927103626,0,,1.3514896016787648,0.8736974945584217,
100490_00001,Toshiba,0,153165,False,0.6038392522181694,0.6038392522181694,0,,1.4925753640747585,0.8697148926965295,
100494_00001,Philips,0,73092,False,0.5889084084516507,0.5889084084516507,0,,3.171025337011949,0.798792522930454,
100495_00001,Toshiba,0,107003,False,0.5396926973061658,0.5396926973061658,0,,4.711729486575246,0.8499821128814772,
100497_00001,Toshiba,0,221431,False,0.49932884095216895,0.49932884095216895,0,,5.158081225561774,0.837931037951447,
100498_00001,Siemens,1,94702,False,0.5094019752702388,0.5962532772838457,7956,1.0,2.9404861946439578,0.8541164586981703,1.0
100508_00001,Toshiba,1,178491,False,0.496545642851498,0.5180411420798833,3660,0.9650273224043716,4.836454794888603,0.9318165246373608,1.0
100516_00001,Toshiba,0,190505,False,0.6226460698519218,0.6226460698519218,0,,7.04671372948505,0.87302313755403,
100518_00001,Siemens,0,146020,False,0.579941629844747,0.579941629844747,0,,3.245212510124234,0.849425419117873,
100527_00001,Toshiba,0,136289,False,0.5514858474292902,0.5514858474292902,0,,2.3875440746378684,0.9003864724180186,
100529_00001,Toshiba,0,201195,False,0.5670953858828042,0.5670953858828042,0,,2.049447607040594,0.877011752376675,
100535_00001,Toshiba,0,212962,False,0.6228690677737297,0.6228690677737297,0,,2.664719190301996,0.880758459311125,
100536_00001,Siemens,0,194636,False,0.6077031289965044,0.6077031289965044,0,,0.7035509232258463,0.8770385094335584,
100538_00001,Toshiba,0,192228,False,0.6411521229822357,0.6411521229822357,0,,3.0409998307270643,0.8712905828227547,
100561_00001,Toshiba,0,184267,False,0.6265374594389995,0.6265374594389995,0,,1.3955536041759433,0.9100580943817973,
100567_00001,Toshiba,0,186951,False,0.6117360899969596,0.6117360899969596,0,,1.3424450268498282,0.8613235511701351,
100569_00001,Toshiba,0,222109,False,0.5911446066886481,0.5911446066886481,0,,2.48761446066947,0.8740450538687561,
100582_00001,Siemens,0,210651,False,0.5067522981103446,0.5067522981103446,0,,11.677857609449903,0.7740384615384616,
100592_00001,Toshiba,0,143120,False,0.5697613473566512,0.5697613473566512,0,,4.752966965728615,0.8206459818234811,
100595_00001,Toshiba,0,145813,False,0.6241032593345761,0.6241032593345761,0,,0.40315633629249337,0.9045912271718723,
100599_00001,Other,1,78316,False,0.5389431640308738,0.5404400538841491,188,0.7127659574468085,7.285063453426345,0.7774334839387321,1.0
100600_00001,Siemens,0,83667,False,0.5131555681295753,0.5131555681295753,0,,7.849654055593722,0.7556654520215166,
100603_00001,Siemens,0,251690,False,0.6301794096425589,0.6301794096425589,0,,2.5076178319790214,0.8899952224659201,
100613_00001,Siemens,1,135018,False,0.5570611865686218,0.5492426708058984,10278,0.2025685931115003,7.136421589980973,0.9297491893953843,1.0
100623_00001,Philips,1,73305,False,0.4559936280366388,0.536736716891356,5462,0.9736360307579641,2.3009886225637888,0.8592567641456068,1.0
100624_00001,Siemens,0,270068,False,0.6403471475377035,0.6403471475377035,0,,2.5197756240711353,0.8996597075324198,
100631_00001,Siemens,0,407421,False,0.5917638965514893,0.5917638965514893,0,,6.740455382717891,0.8193971874850305,
100633_00001,Siemens,0,263936,False,0.6467638749889152,0.6467638749889152,0,,2.5283303295037904,0.8892766489352184,
100635_00001,Toshiba,0,168173,False,0.5825327109443235,0.5825327109443235,0,,2.652588650556899,0.845126306044174,
100640_00001,Toshiba,0,155845,False,0.5795194224788582,0.5795194224788582,0,,2.1062238614955744,0.8962491034133581,
100643_00001,Toshiba,0,354942,False,0.5702777333119897,0.5702777333119897,0,,1.3781034159334675,0.8959267621315684,
100646_00001,Siemens,0,69165,False,0.48621285342546633,0.48621285342546633,0,,3.1529085337375724,0.8066014013462847,
100649_00001,Other,1,217393,False,0.5400459481348032,0.5475694056208523,1567,1.0,2.641927366826582,0.8936922527600304,1.0
100653_00001,Toshiba,0,325523,False,0.5523198486007508,0.5523198486007508,0,,3.822466116809605,0.8008230990331853,
100654_00001,Siemens,0,142649,False,0.5445042681593785,0.5445042681593785,0,,2.456415891192383,0.8806360772866574,
100656_00001,Toshiba,0,125832,False,0.6059681266560533,0.6059681266560533,0,,1.6690698759493665,0.8998855835240275,
100658_00001,Siemens,1,111075,False,0.4162890777821247,0.6723611523611523,27765,0.9844768593553035,12.07159243385086,0.8689060402684564,1.0
100672_00001,Siemens,0,112703,False,0.4796799353615388,0.4796799353615388,0,,12.277405906285798,0.7956047882794354,
100673_00001,Philips,1,110940,False,0.522177367514335,0.6185936138896398,10891,0.997888164539528,9.16399092364076,0.7893390040472841,1.0
100681_00001,Toshiba,0,103690,False,0.5527908447230001,0.5527908447230001,0,,4.279858766472623,0.8635017450014678,
100685_00001,Siemens,0,210948,False,0.5691648836745524,0.5691648836745524,0,,1.0790828426298633,0.8609277090514036,
100688_00001,Siemens,0,180740,False,0.5607507603460314,0.5607507603460314,0,,1.9344458506397368,0.8256933582066405,
100692_00001,Siemens,0,205858,False,0.6653734301008853,0.6653734301008853,0,,2.691216017723715,0.8569309887099194,
100694_00001,Siemens,0,181910,False,0.5275700915704309,0.5275700915704309,0,,2.951541144748418,0.7811485824815273,
100704_00001,Siemens,0,182127,False,0.5498752573189645,0.5498752573189645,0,,1.5576976900605395,0.8798964330901732,
100710_00001,Toshiba,0,130526,False,0.6185267590878208,0.6185267590878208,0,,1.7294434352561492,0.8597264804161356,
100717_00001,Siemens,0,266415,False,0.7019064629482227,0.7019064629482227,0,,1.6395860915319946,0.9039406950363937,
100721_00001,Siemens,0,158409,False,0.5466123118267325,0.5466123118267325,0,,3.193107369452303,0.9046651626645248,
100724_00001,Siemens,0,253477,False,0.6008940723107742,0.6008940723107742,0,,22.771466082629825,0.8826293573764258,
100730_00001,Philips,0,489765,False,0.5632281213289907,0.5632281213289907,0,,3.449531788709235,0.8410169454201121,
100739_00001,Siemens,0,184727,False,0.5893365278150425,0.5893365278150425,0,,7.165929802932426,0.848150206509291,
100748_00001,Toshiba,0,134507,False,0.5424604073007967,0.5424604073007967,0,,1.4105716284351835,0.8758525821058062,
100750_00001,Philips,0,174676,False,0.5880729454994745,0.5880729454994745,0,,5.603947048832516,0.9329428596977555,
100761_00001,Siemens,0,206949,False,0.614450899730962,0.614450899730962,0,,1.4246435871963452,0.8854802388955973,
100777_00001,Siemens,0,185826,False,0.5956551363275324,0.5956551363275324,0,,1.126925334316864,0.8867052713385831,
100805_00001,Toshiba,0,116057,False,0.48990526729306605,0.48990526729306605,0,,5.3161081233683705,0.8596485056801241,
100818_00001,Siemens,0,240612,False,0.6533920947527889,0.6533920947527889,0,,4.61230904437156,0.8353245789222531,
100830_00001,Toshiba,0,184016,False,0.622719486160597,0.622719486160597,0,,2.7934720660690853,0.8618879861959882,
100831_00001,Siemens,1,167220,False,0.5769085899774427,0.5794156414762741,417,1.0,2.2381929079095757,0.8877833476197852,1.0
100841_00001,Philips,0,122504,False,0.6044126856324924,0.6044126856324924,0,,3.69389201262195,0.8679910038179361,
100844_00001,Siemens,0,271121,False,0.6010228015534279,0.6010228015534279,0,,0.9620218804128772,0.914219647430319,
100845_00001,Siemens,0,239518,False,0.646125,0.646125,0,,6.4375207233594605,0.8786258942788581,
100848_00001,Toshiba,0,161072,False,0.5685824503149568,0.5685824503149568,0,,1.9775807022970695,0.8630260128640258,
100872_00001,Siemens,0,98502,False,0.5888763542708755,0.5888763542708755,0,,1.655160253040839,0.9129170634686533,
100876_00001,Siemens,1,201792,False,0.5892359339144804,0.6111450981732429,4544,1.0,7.072895302268223,0.8669704861111112,1.0
100878_00001,Siemens,0,126199,False,0.5384426149788607,0.5384426149788607,0,,3.331122948596162,0.8620035625916584,
100886_00001,Toshiba,0,141827,False,0.5759389495735449,0.5759389495735449,0,,4.481161652441747,0.8935228297646233,
100898_00001,Siemens,0,202545,False,0.6027643467643468,0.6027643467643468,0,,3.8739231614493437,0.8684871534978008,
100899_00001,Siemens,0,163938,False,0.5453338643302801,0.5453338643302801,0,,5.02844812351689,0.8537597234226447,
100916_00001,Siemens,0,77713,False,0.5485363222468048,0.5485363222468048,0,,6.308799223294415,0.8866549384267404,
100917_00001,Toshiba,0,368311,False,0.6685017709647304,0.6685017709647304,0,,5.950900738416541,0.9057332667165495,
100923_00001,Siemens,0,164056,False,0.5385286446224631,0.5385286446224631,0,,2.269224307367183,0.8186488742664931,
100925_00001,Toshiba,0,138411,False,0.5777739397233553,0.5777739397233553,0,,2.657010401056266,0.9229407937540663,
100933_00001,Philips,1,126075,False,0.539809099878393,0.6701989382304886,17235,0.994545982013345,9.652087180256002,0.9103997473825477,1.0
100954_00001,Toshiba,0,133124,False,0.6127114908106958,0.6127114908106958,0,,3.337466567869911,0.9005733659588586,
100958_00001,Philips,1,149752,False,0.525966062607795,0.57310826597551,6762,1.0,10.672138444871091,0.8787036686360652,1.0
100961_00001,Toshiba,0,188029,False,0.6151659811985899,0.6151659811985899,0,,3.4794207162703605,0.8694182881338844,
100968_00001,Siemens,0,414876,False,0.6700534494941359,0.6700534494941359,0,,3.0835533462621623,0.8976412555768208,
100970_00001,Siemens,0,121623,False,0.4621400907658605,0.4621400907658605,0,,6.738973587141607,0.7573896432491011,
100974_00001,Siemens,1,92736,False,0.562429869191632,0.6131237487951361,4756,1.0,7.679963252379451,0.8416144827451669,1.0
100983_00001,Siemens,1,134999,False,0.4833005234665116,0.5220414725196871,4687,1.0,3.3752312008851635,0.811214953271028,1.0
100988_00001,Other,1,119819,False,0.4212807312460601,0.6464168310322157,30232,0.8902487430537179,9.004052322406796,0.8638286306419556,1.0
100989_00001,Siemens,0,136273,False,0.5127772118386001,0.5127772118386001,0,,2.9306501761336796,0.8207261131513258,
100992_00001,Toshiba,0,164023,False,0.5985405167451153,0.5985405167451153,0,,4.650924039605287,0.8725448224509548,
101003_00001,Siemens,1,227682,False,0.26885472736672444,0.5311908472996641,48101,0.9829525373692855,4.816841596607782,0.663176004188795,1.0
101006_00001,Siemens,0,222598,False,0.5724970664088711,0.5724970664088711,0,,8.393016192429828,0.8664235134523175,
101009_00001,Toshiba,0,197513,False,0.5925083602561922,0.5925083602561922,0,,3.1354553595435837,0.8633379640979543,
101011_00001,Toshiba,0,170490,False,0.5574179802586681,0.5574179802586681,0,,2.503161832625554,0.920664611641671,
101015_00001,Siemens,1,74422,False,0.5158436560910056,0.5388415872519918,1587,1.0,1.9745859567582238,0.8647504832999975,1.0
101017_00001,Siemens,0,73545,False,0.5275228444586013,0.5275228444586013,0,,1.347164152361222,0.8666616130988478,
101019_00001,Philips,1,178543,False,0.6198413031613418,0.6389473327637408,3678,1.0,1.5271768177857334,0.8535484179222911,1.0
101020_00001,Siemens,0,70104,False,0.5402829886411791,0.5402829886411791,0,,2.3506065210111116,0.8062798417065955,
101027_00001,Siemens,0,181261,False,0.5523838852829235,0.5523838852829235,0,,4.181044360024449,0.8612018961544151,
101034_00001,Toshiba,0,131637,False,0.6071211390467404,0.6071211390467404,0,,1.442495005558757,0.8260519786516253,
101037_00001,Siemens,0,227159,False,0.6133146452603285,0.6133146452603285,0,,1.954034851929618,0.8799045331218758,
101038_00001,Philips,1,47385,False,0.5541239398327373,0.5806535833949784,1265,1.0,3.8154830632031644,0.8504935923320511,1.0
101048_00001,Siemens,1,136914,False,0.5404104786793295,0.6026817721866562,8393,0.9997617061837245,2.5635925036804728,0.8846153846153846,1.0
101051_00001,Toshiba,0,105576,False,0.5494030310287024,0.5494030310287024,0,,0.8737802198057923,0.8595686341441695,
101070_00001,Siemens,0,167219,False,0.5385095254090887,0.5385095254090887,0,,1.3117483988473482,0.8479338842975207,
101077_00001,Toshiba,0,214005,False,0.636542384772314,0.636542384772314,0,,4.812889117192421,0.9407761747847035,
101082_00001,Siemens,0,69328,False,0.46642627852776924,0.46642627852776924,0,,5.022138266531144,0.9099035356110827,
101084_00001,Siemens,0,182573,False,0.627232051229424,0.627232051229424,0,,1.5043783286593306,0.8541959596142856,
101105_00001,Siemens,0,806139,False,0.6193338768240165,0.6193338768240165,0,,11.04445648276101,0.8486720346974964,
101106_00001,Toshiba,1,273943,False,0.6215788652787784,0.6286474304503639,2082,1.0,3.2781479513154914,0.8661851513485563,1.0
101115_00001,Siemens,0,57625,False,0.40669571320734726,0.40669571320734726,0,,4.61640321791195,0.8639201808137962,
101136_00001,Toshiba,0,133229,False,0.5954942092703217,0.5954942092703217,0,,2.452892134955017,0.8917130044474686,
101141_00001,Siemens,0,224201,False,0.6075087009108188,0.6075087009108188,0,,3.8196017820526174,0.8404248446241909,
101149_00001,Siemens,1,334070,False,0.65507858474033,0.6575989952396706,946,1.0,1.8681268982558186,0.8961289877406445,1.0
101156_00001,Siemens,0,180321,False,0.6288011289850395,0.6288011289850395,0,,1.8783254797501976,0.7960371501328715,
101158_00001,Toshiba,0,177509,False,0.5611879366821035,0.5611879366821035,0,,0.830044008887281,0.9172164290274526,
101159_00001,Other,1,155502,False,0.6040920534732811,0.6411636024732161,6155,1.0,1.8208852075819777,0.8487740476031788,1.0
101167_00001,Toshiba,0,321998,False,0.6317066198047607,0.6317066198047607,0,,3.1152829752835594,0.8720751564975554,
101171_00001,Philips,0,94344,False,0.6102468815717454,0.6102468815717454,0,,5.765670707844427,0.8434670407787704,
101175_00001,Philips,1,116271,False,0.5690674262382259,0.6153245601064616,5474,0.9989039093898429,0.931400513932335,0.8578381862080243,1.0
101177_00001,Toshiba,0,149572,False,0.5904363601113404,0.5904363601113404,0,,1.3433072039059641,0.6834728955925913,
101178_00001,Philips,1,66838,False,0.5336537416001566,0.5829305199445168,3198,1.0,3.9911407647642454,0.811491650155675,1.0
101180_00001,Siemens,1,74316,False,0.5327262055777496,0.5554540709812108,1662,1.0,6.4039736834072345,0.8640349098432754,1.0
101183_00001,Siemens,0,340229,False,0.71877134379607,0.71877134379607,0,,5.500134253397771,0.9252876113260698,
101196_00001,Other,1,73635,False,0.5738751064379407,0.6077876469874004,2546,1.0,1.9054969783750022,0.8815280035466233,1.0
101199_00001,Siemens,0,448895,False,0.6339912670009293,0.6339912670009293,0,,4.822170631498817,0.8994360199927557,
101201_00001,Siemens,0,566491,False,0.6305227831021001,0.6305227831021001,0,,2.0294447824065345,0.8835540155921296,
101203_00001,Toshiba,1,396828,False,0.6503350048530706,0.6777838203061914,12341,1.0,3.5853172975453997,0.9161549360603862,1.0
101212_00001,Siemens,0,164638,False,0.5269982832043879,0.5269982832043879,0,,3.6791810367688886,0.824490175459701,
101228_00001,Siemens,0,235847,False,0.6055243179574029,0.6055243179574029,0,,1.221040994999942,0.8708044252765798,
101230_00001,Toshiba,0,237218,False,0.6586034737360242,0.6586034737360242,0,,2.7337706404510316,0.9064423001585111,
101233_00001,Toshiba,0,141612,False,0.5571554422970679,0.5571554422970679,0,,9.229198808161335,0.8490239481671408,
101269_00001,Siemens,0,227373,False,0.6274282210853073,0.6274282210853073,0,,6.13970286154977,0.892029119910971,
101270_00001,Toshiba,0,136474,False,0.6331097306845019,0.6331097306845019,0,,1.1495986981546078,0.9095612385892586,
101275_00001,Toshiba,0,236009,False,0.6054768105632602,0.6054768105632602,0,,1.074286593343989,0.9005468908243873,
101278_00001,Toshiba,0,138000,False,0.572873039336454,0.572873039336454,0,,1.7285403114360909,0.8930446905150123,
101287_00001,Siemens,0,214923,False,0.6514708892320861,0.6514708892320861,0,,3.6340474376643903,0.8775507978991338,
101291_00001,Philips,0,87150,False,0.4319438098565682,0.4319438098565682,0,,10.691066124107804,0.7710433984494509,
101297_00001,Siemens,0,63190,False,0.5569047268776806,0.5569047268776806,0,,5.240556180028332,0.9397734424166142,
101298_00001,Siemens,0,184511,False,0.5811449388298792,0.5811449388298792,0,,1.2738993175975508,0.8666063552996737,
101299_00001,Toshiba,0,57793,False,0.46951283121218446,0.46951283121218446,0,,7.197031164169942,0.824367213753075,
101315_00001,Toshiba,0,402373,False,0.6470422248306515,0.6470422248306515,0,,1.2168466154501467,0.874420698154819,
101317_00001,Siemens,0,79827,False,0.18079750823946977,0.18079750823946977,0,,37.83061406699661,0.7010486941950548,
101320_00001,Siemens,0,215028,False,0.5334110913702141,0.5334110913702141,0,,5.69450821178397,0.8499015514243606,
101327_00001,Philips,0,433815,False,0.6599099202575283,0.6599099202575283,0,,5.655676366700538,0.9336242512681164,
101332_00001,Siemens,0,117823,False,0.5257043456652067,0.5257043456652067,0,,1.968678442415533,0.8415879102619856,
101343_00001,Siemens,0,178700,False,0.5784458089072875,0.5784458089072875,0,,1.6700523342760105,0.911720004726219,
101350_00001,Siemens,0,57975,False,0.4476974369660346,0.4476974369660346,0,,4.998267375018772,0.9063220482951099,
101353_00001,Other,0,799130,False,0.19792035148988904,0.19792035148988904,0,,48.18595740065539,0.5890817619801153,
101354_00001,Siemens,0,248252,False,0.6489224604721681,0.6489224604721681,0,,4.836101180771695,0.8625756206372709,
101355_00001,Siemens,1,218911,False,0.5708844068955413,0.5921564099603587,4641,1.0,5.221128433260706,0.8891458780769866,1.0
101358_00001,Siemens,0,180142,False,0.6327444210274576,0.6327444210274576,0,,1.1269150932567815,0.9000483090556363,
101360_00001,Siemens,1,154968,False,0.4487428424243625,0.6145946678203262,26953,0.9284309724334954,15.018820084119024,0.7692190538672415,1.0
101361_00001,Siemens,0,127488,False,0.596566805160726,0.596566805160726,0,,2.2223329409921986,0.9028841621830925,
101362_00001,Toshiba,0,321317,False,0.584520342346542,0.584520342346542,0,,1.340557460450697,0.8924258226494624,
101363_00001,Philips,0,400606,False,0.6262150160984864,0.6262150160984864,0,,1.7433468797924134,0.9171300130131315,
101365_00001,Siemens,0,111022,False,0.6066283052301373,0.6066283052301373,0,,0.5101406199383938,0.8780781206451854,
101385_00001,Siemens,0,198957,False,0.48254292364600515,0.48254292364600515,0,,3.071695975066789,0.8170380877331231,
101390_00001,Toshiba,0,135775,False,0.5523900573613767,0.5523900573613767,0,,2.727654356442579,0.8410275615739474,
101401_00001,Other,0,223190,False,0.5914397613411185,0.5914397613411185,0,,4.0439206319746654,0.8820852026794029,
101403_00001,Philips,1,373661,False,0.6381659459900465,0.6623427966961929,9969,1.0,1.8491219785901745,0.9143817840978034,1.0
101405_00001,Siemens,0,178701,False,0.6036050047045467,0.6036050047045467,0,,0.9160670558157927,0.8833284283733862,
101408_00001,Toshiba,1,237371,False,0.573448377818993,0.6001646582462432,6486,0.9896700585877274,2.227108595534796,0.8650212762984132,1.0
101410_00001,Philips,1,184458,False,0.5766333389474974,0.6363282969047969,11436,1.0,4.717564435037464,0.864967238300349,1.0
101419_00001,Other,1,181021,False,0.49853568669891324,0.5607959899590602,10473,1.0,1.8875425194609017,0.885338688716456,1.0
101425_00001,Siemens,1,146220,False,0.4469307274747145,0.6204596135364864,24423,0.984973181017893,11.828961159479059,0.8420638636119807,1.0
101438_00001,Siemens,0,113613,False,0.6081931049570655,0.6081931049570655,0,,2.336374279210969,0.8536980073755589,
101439_00001,Toshiba,0,207531,False,0.6373737175332116,0.6373737175332116,0,,2.6811062209953684,0.916820401519262,
101464_00001,Siemens,0,192179,False,0.5959473394622445,0.5959473394622445,0,,1.557443586006208,0.8482487011898776,
101470_00001,Toshiba,0,116528,False,0.5329049439876858,0.5329049439876858,0,,3.5458512917821725,0.7148780411336845,
101471_00001,Toshiba,0,181567,False,0.6227535018527626,0.6227535018527626,0,,1.587571379799914,0.8884261669987723,
101473_00001,Siemens,0,133435,False,0.5831802889269102,0.5831802889269102,0,,1.7466916320554131,0.8782373911416919,
101475_00001,Philips,1,232440,False,0.5659120970256094,0.6241046367383338,19471,0.8057624159005701,7.9135464274013465,0.8767596332584582,1.0
101482_00001,Philips,1,493267,False,0.45316047665301096,0.5947154822073808,66288,0.9942825247405261,18.66853090038642,0.8987367477401838,1.0
101500_00001,Siemens,0,259968,False,0.5918744104930227,0.5918744104930227,0,,2.8884513392678084,0.8414789580404282,
101504_00001,Siemens,0,190698,False,0.6168030275725356,0.6168030275725356,0,,1.262793003882974,0.8713141298789842,
101507_00001,Siemens,0,187988,False,0.6373653387318343,0.6373653387318343,0,,0.38184600594329776,0.9030202689143086,
101511_00001,Toshiba,0,194894,False,0.5994140856047374,0.5994140856047374,0,,4.751972402293218,0.8448102538326213,
101518_00001,Siemens,0,221955,False,0.6593993151880224,0.6593993151880224,0,,1.0220601746653157,0.9248802505526897,
101522_00001,Siemens,0,178007,False,0.5954441717263058,0.5954441717263058,0,,1.4336778207527956,0.8572294764692913,
101525_00001,Siemens,0,91770,False,0.6212943938949222,0.6212943938949222,0,,5.872348327912726,0.8702807357212003,
101532_00001,Siemens,1,108825,False,0.5584323777937805,0.5929040329133188,3711,0.9994610617084344,4.513613374798115,0.8499584213832688,1.0
101535_00001,Siemens,0,291791,False,0.6822477997144251,0.6822477997144251,0,,6.0772108947425565,0.8987162394623923,
101550_00001,Philips,1,328081,False,0.4589789417885172,0.6114170050750696,46952,0.9978062702334299,8.8286040305153,0.6995997988181182,1.0
101553_00001,Siemens,0,209939,False,0.593317028005562,0.593317028005562,0,,3.949577366359671,0.8953768437626426,
101554_00001,Siemens,0,119103,False,0.5578704120524595,0.5578704120524595,0,,2.9263997094019896,0.882611827104029,
101558_00001,Toshiba,0,181298,False,0.6246520398694962,0.6246520398694962,0,,3.609406037277043,0.8851490429656781,
101564_00001,Siemens,1,89988,False,0.2877257710805952,0.6647125993701406,31244,0.9733388810651645,15.069261427200418,0.8137946668767667,1.0
101575_00001,Siemens,0,281554,False,0.6304761535816841,0.6304761535816841,0,,2.069996775194917,0.8732707606693577,
101578_00001,Philips,1,110351,False,0.4335836409146833,0.5532226147948355,11695,1.0,4.590770187533828,0.8653790299157711,1.0
101582_00001,Philips,1,177285,False,0.6095666679598092,0.6170082228147417,1387,1.0,0.5961958533737151,0.9041864561859095,1.0
101585_00001,Siemens,0,225160,False,0.5938572270654299,0.5938572270654299,0,,4.089840142990703,0.8477417960435188,
101586_00001,Toshiba,0,233019,False,0.6329654204600706,0.6329654204600706,0,,4.229712951818227,0.9298442504037445,
101588_00001,Toshiba,0,161589,False,0.6044366749050576,0.6044366749050576,0,,3.0610280041092004,0.9024455521851437,
101593_00001,Philips,1,59682,False,0.5443383685800605,0.5846688912910655,2358,1.0,1.4497537910506424,0.9174319699872436,1.0
101603_00001,Siemens,0,224456,False,0.5900918452546619,0.5900918452546619,0,,2.908973453614697,0.9650103631124718,
101607_00001,Toshiba,0,167957,False,0.6694433363837592,0.6694433363837592,0,,3.1332873851081993,0.9454548393876199,
101614_00001,Siemens,0,194875,False,0.6394265909037323,0.6394265909037323,0,,1.7002716017361124,0.8929589591872559,
101644_00001,Toshiba,0,325330,False,0.5919016704729158,0.5919016704729158,0,,4.58698172576524,0.9055063504060878,
101648_00001,Toshiba,0,432013,False,0.5345789041100297,0.5345789041100297,0,,8.041883237400189,0.825666104747165,
101650_00001,Siemens,0,154154,False,0.6193528230305735,0.6193528230305735,0,,1.1736580416677669,0.8184862831035125,
101656_00001,Toshiba,0,132929,False,0.5405978145698963,0.5405978145698963,0,,1.5485839511087367,0.8901008454137013,
101662_00001,Siemens,0,310526,False,0.5520287131033406,0.5520287131033406,0,,2.093184575313353,0.8958839636760877,
101665_00001,Siemens,0,94047,False,0.5439078674175094,0.5439078674175094,0,,11.502154455394953,0.8683153680711082,
101668_00001,Toshiba,0,202115,False,0.6673068981114265,0.6673068981114265,0,,1.6373624776347535,0.9455514365152919,
101680_00001,Toshiba,0,67523,False,0.3237052902650704,0.3237052902650704,0,,6.802179950579109,0.8196567593372662,
101682_00001,Siemens,0,88210,False,0.5540328640031361,0.5540328640031361,0,,2.60747332254187,0.8315765991857677,
101686_00001,Toshiba,0,77505,False,0.5989280156763299,0.5989280156763299,0,,3.5193270456561674,0.7942589507737621,
101702_00001,Siemens,0,237796,False,0.584614567723513,0.584614567723513,0,,1.600348377405499,0.8719717623278767,
101718_00001,Toshiba,0,114561,False,0.5708260794939067,0.5708260794939067,0,,3.6870658578805227,0.8808242910549832,
101725_00001,Siemens,0,172210,False,0.6080486062043169,0.6080486062043169,0,,1.7152677800894442,0.8289757110386492,
101726_00001,Siemens,0,117963,False,0.6284002710536356,0.6284002710536356,0,,6.571930082781656,0.8381050402595767,
101729_00001,Siemens,0,209211,False,0.6409342008544676,0.6409342008544676,0,,3.1904526401190396,0.8802655885373758,
101740_00001,Siemens,0,160608,False,0.6089992007430929,0.6089992007430929,0,,0.8219649434284729,0.9261632341723874,
101771_00001,Siemens,0,186073,False,0.6312855505133192,0.6312855505133192,0,,0.7692976034335912,0.8708367040141075,
101776_00001,Siemens,0,203583,False,0.6719265936480243,0.6719265936480243,0,,2.1571943905635624,0.8677194254821314,
101778_00001,Toshiba,0,188533,False,0.6361952620244078,0.6361952620244078,0,,2.324625295164455,0.9139799331103678,
101783_00001,Siemens,0,127216,False,0.5602736878767282,0.5602736878767282,0,,3.2183769399086564,0.8682387938869816,
101788_00001,Siemens,0,122231,False,0.6262283562260504,0.6262283562260504,0,,3.493987455782874,0.8590047691236327,
101803_00001,Philips,0,112602,False,0.5926763749469814,0.5926763749469814,0,,6.22195246584407,0.8747500414698747,
101808_00001,Philips,1,183429,False,0.5545855988936732,0.6778134170477036,23871,0.9958946001424323,7.833022591671203,0.8264745762711865,1.0
101809_00001,Toshiba,0,151383,False,0.6407575317685419,0.6407575317685419,0,,1.4005511343990664,0.9179775280898876,
101817_00001,Siemens,0,83870,False,0.5616846284741918,0.5616846284741918,0,,14.163475005623198,0.836108633570359,
101818_00001,Siemens,0,342316,False,0.6560876237662328,0.6560876237662328,0,,2.3257022686913777,0.9259954910478437,
101820_00001,Toshiba,0,140562,False,0.6272914205713785,0.6272914205713785,0,,1.4336704216367062,0.8318100251226224,
101822_00001,Siemens,0,276056,False,0.6169195127419476,0.6169195127419476,0,,1.232031245503629,0.8877730842300751,
101825_00001,Toshiba,0,319531,False,0.5832136279114856,0.5832136279114856,0,,2.135285660724722,0.9172420552918744,
101827_00001,Toshiba,0,147229,False,0.5587621341507919,0.5587621341507919,0,,0.9749254864668792,0.8366793123949147,
101834_00001,Toshiba,0,150051,False,0.5331157207539223,0.5331157207539223,0,,8.14017579424162,0.8924089004342527,
101843_00001,Siemens,0,196306,False,0.6393091076546638,0.6393091076546638,0,,1.9755134500096003,0.906976959547364,
101844_00001,Toshiba,0,217996,False,0.6575224508615451,0.6575224508615451,0,,1.917169160593321,0.8698074173655829,
101852_00001,Toshiba,1,159002,False,0.5943849071029231,0.6068097858379188,2053,1.0,3.5449214584808053,0.8253166179925265,1.0
101853_00001,Siemens,0,104500,False,0.5457805049347577,0.5457805049347577,0,,7.983927939896267,0.7749152275958248,
101854_00001,Siemens,1,130290,False,0.5601702912538069,0.579370908175256,4120,0.7242718446601941,4.127643878660309,0.8782699438990564,1.0
101858_00001,Siemens,0,107106,False,0.4128144516430281,0.4128144516430281,0,,7.112711866753646,0.7613219352994344,
101859_00001,Toshiba,0,198201,False,0.6032025743181122,0.6032025743181122,0,,2.059696314874063,0.8893069190523779,
101879_00001,Siemens,0,223636,False,0.5795672262387698,0.5795672262387698,0,,3.670973909458678,0.9243692163100058,
101880_00001,Philips,1,136545,False,0.5652182928472935,0.601714652345901,5035,1.0,8.037577747653541,0.916906879030682,1.0
101881_00001,Siemens,0,239386,False,0.7113067374156405,0.7113067374156405,0,,1.8585550571402099,0.83711655545273,
101885_00001,Siemens,0,236421,False,0.6558970428454716,0.6558970428454716,0,,0.7472435408644428,0.879512311737987,
101887_00001,Siemens,0,146919,False,0.5752598633205077,0.5752598633205077,0,,2.995857343695982,0.872950651512576,
101891_00001,Philips,0,151191,False,0.637450163508489,0.637450163508489,0,,2.5543849734166386,0.8655359943989582,
101892_00001,Toshiba,0,288631,False,0.5971398369439753,0.5971398369439753,0,,1.1421863331581648,0.8418074055190874,
101893_00001,Toshiba,0,153178,False,0.5643605675600483,0.5643605675600483,0,,5.2672737410547805,0.9095691558943918,
101911_00001,Siemens,0,145669,False,0.6203431809439821,0.6203431809439821,0,,1.5413284799976619,0.867414327225571,
101912_00001,Toshiba,1,125374,False,0.5481492355292577,0.5707037061710302,3016,0.9476127320954907,3.255897786153824,0.8875004067818673,1.0
101927_00001,Siemens,0,140816,False,0.6129177648661095,0.6129177648661095,0,,2.522365853635413,0.8471619106699751,
101930_00001,Other,1,256776,False,0.5219595465455317,0.5573943721031651,8576,1.0,7.2400781475290445,0.8510989074459556,1.0
101947_00001,Siemens,0,187408,False,0.5771828362868325,0.5771828362868325,0,,11.402257309285202,0.9155782156349223,
101954_00001,Other,1,339878,False,0.5661221081502888,0.5752353324750455,3041,1.0,9.784374183837203,0.8510900460496316,1.0
101956_00001,Philips,1,68256,False,0.5623113049312312,0.5718687862415024,665,0.9714285714285714,4.905427651614524,0.7937885588546014,1.0
101957_00001,Siemens,0,182130,False,0.6120950274818021,0.6120950274818021,0,,1.722550911199355,0.9131037169061308,
101958_00001,Toshiba,0,128020,False,0.5039081202374291,0.5039081202374291,0,,3.5771132069389933,0.8652084406288617,
101973_00001,Toshiba,0,91939,False,0.5938754409439241,0.5938754409439241,0,,1.9970888711231387,0.8108808320079098,
101994_00001,Siemens,1,251286,False,0.2427081990740902,0.7012084848256503,137595,0.8288963988517024,29.283587444716737,0.6814728770259635,1.0
101997_00001,Siemens,0,167553,False,0.6327451818057246,0.6327451818057246,0,,1.2762579110933832,0.8707614447683207,
102000_00001,Toshiba,0,172272,False,0.5680806046097359,0.5680806046097359,0,,7.600429955590639,0.8789887739768408,
102001_00001,Siemens,0,262171,False,0.6180817139224679,0.6180817139224679,0,,2.2608967515100318,0.9251910575436953,
102007_00001,Toshiba,0,165767,False,0.595398466719694,0.595398466719694,0,,2.841988234362156,0.9237961187343702,
102033_00001,Siemens,1,48924,False,0.44115889626009286,0.5710836509637427,8454,0.78708303761533,5.253720799176754,0.8384439695104613,1.0
102034_00001,Siemens,0,86070,False,0.5676058555013379,0.5676058555013379,0,,5.089749444001561,0.828300395256917,
102041_00001,Siemens,1,75300,False,0.4735462008592694,0.5383821131150547,4475,0.9874860335195531,2.200798199395747,0.8693703913783324,1.0
102055_00001,Siemens,0,216610,False,0.5044497907805574,0.5044497907805574,0,,1.5599393242572945,0.8825164122598574,
102058_00001,Philips,1,138753,False,0.6024959327010833,0.6311872771608716,4258,0.994833255049319,4.615537804000907,0.8673558177578226,1.0
102068_00001,Toshiba,0,254599,False,0.588358901158379,0.588358901158379,0,,7.316691646850221,0.8725461893764435,
102073_00001,Toshiba,0,156476,False,0.6274771341463414,0.6274771341463414,0,,5.452353985510095,0.8708794848608412,
102081_00001,Siemens,0,186256,False,0.518957233618864,0.518957233618864,0,,5.241424630387408,0.7214509012581088,
102086_00001,Siemens,0,70394,False,0.2863277536239625,0.2863277536239625,0,,21.958795791602718,0.7646868165777368,
102087_00001,Siemens,0,285411,False,0.6454514941072467,0.6454514941072467,0,,8.327735793627854,0.8348376230564312,
102099_00001,Siemens,0,239520,False,0.5590278996315143,0.5590278996315143,0,,6.627659277422348,0.8478054191094914,
102110_00001,Siemens,0,168843,False,0.5442494893467912,0.5442494893467912,0,,2.2830380109100576,0.8544171204553673,
102117_00001,Other,0,158103,False,0.622399993073863,0.622399993073863,0,,0.4415998484232413,0.8836787908251205,
102118_00001,Siemens,1,96980,False,0.5301695528872262,0.5766227695364141,4327,1.0,5.426976341414116,0.9082472680088397,1.0
102130_00001,Siemens,1,93195,False,0.427740229209521,0.6214064286895917,19928,0.8894520272982738,12.978687519176761,0.8326760508480358,1.0
102145_00001,Toshiba,0,136017,False,0.5151095032818491,0.5151095032818491,0,,10.609507357859359,0.7189542483660131,
102146_00001,Siemens,0,94344,False,0.5222027085040784,0.5222027085040784,0,,3.2106134924565177,0.8452380952380952,
102150_00001,Toshiba,0,124785,False,0.5271566433484285,0.5271566433484285,0,,1.1934963076031047,0.9167005160732605,
102152_00001,Siemens,0,248438,False,0.6036225542990487,0.6036225542990487,0,,1.9537085714633313,0.86980523716561,
102170_00001,Siemens,0,207137,False,0.627946266012761,0.627946266012761,0,,5.502691254000354,0.8955815540145846,
102177_00001,Toshiba,0,160069,False,0.5960834220710075,0.5960834220710075,0,,1.7804041390989132,0.8987607640387663,
102178_00001,Siemens,0,80674,False,0.5917201998572448,0.5917201998572448,0,,1.0026849546702972,0.8475564828244126,
102181_00001,Siemens,1,104517,False,0.6124465360564735,0.6315006667350498,2142,1.0,1.1801140793562788,0.8634094956233854,1.0
102185_00001,Toshiba,0,178320,False,0.5866042449397093,0.5866042449397093,0,,1.2943957305566876,0.8464835427001325,
102192_00001,Siemens,0,97593,False,0.5896941266914858,0.5896941266914858,0,,3.04722676038546,0.8408382016564723,
102202_00001,Siemens,0,123551,False,0.549676189147395,0.549676189147395,0,,2.9833481089463407,0.871981964873964,
102204_00001,Toshiba,1,199474,False,0.577065718303573,0.6292521301171436,10748,1.0,6.238620780540561,0.8691810716722577,1.0
102211_00001,Siemens,0,166163,False,0.5794549618641397,0.5794549618641397,0,,5.288527009877524,0.9134061456623846,
102219_00001,Other,0,122706,False,0.560204087508854,0.560204087508854,0,,8.12520561383498,0.8567596795010676,
100001_00001,Siemens,0,60936,False,0.5307080115545599,0.5307080115545599,0,,0.7240980364945715,0.8810089963729605,
100005_00001,Toshiba,1,159325,False,0.5479689455672161,0.6078804586545742,10545,0.9530583214793741,5.290058692386577,0.8482297277280441,1.0
100018_00001,Toshiba,0,260523,False,0.5771735503385325,0.5771735503385325,0,,2.487114973424356,0.8520323014180035,
100025_00001,Toshiba,0,81230,False,0.5885922928899195,0.5885922928899195,0,,10.340170927618898,0.796674451091093,
100038_00001,Siemens,0,184325,False,0.5960233900467725,0.5960233900467725,0,,0.5840612655664211,0.8609602708950788,
100040_00001,Siemens,0,195872,False,0.5440902087851593,0.5440902087851593,0,,3.1160036170676504,0.8583837737166803,
100043_00001,Siemens,1,220556,False,0.5827714399680893,0.6739558825285736,21549,1.0,6.779416819519559,0.8785162375461999,1.0
100046_00001,Toshiba,0,264379,False,0.6409955724516049,0.6409955724516049,0,,3.8912402869841656,0.8660680394113865,
100047_00001,Philips,0,572109,False,0.6541904746350352,0.6541904746350352,0,,2.4879539398265362,0.8804603746776957,
100047_00002,Siemens,0,328112,False,0.6427140855518009,0.6427140855518009,0,,1.4581870451768617,0.9161098360702016,
100047_00003,Toshiba,0,191622,False,0.6322436954652457,0.6322436954652457,0,,2.4500961670959853,0.8864824807499447,
100049_00001,Toshiba,0,182725,False,0.6047989540059066,0.6047989540059066,0,,1.397319838416573,0.9272519687561726,
100074_00001,Philips,1,510995,False,0.36104343254299015,0.7132174897602331,172785,0.9923951731921173,21.342113518577506,0.8615085149042995,1.0
100076_00001,Siemens,0,161064,False,0.4722068721218562,0.4722068721218562,0,,13.34261618968736,0.8015395512919804,
100082_00001,Philips,1,319822,False,0.39485698872094066,0.6877819228049643,91768,0.9829134338767326,2.936333442080438,0.8438628377934031,1.0
100083_00001,Siemens,0,126867,False,0.5054505156504433,0.5054505156504433,0,,20.780046396528977,0.8862343763107122,
100087_00001,Toshiba,0,372058,False,0.6105242472219236,0.6105242472219236,0,,2.958890917017871,0.851945198210954,
100088_00001,Philips,0,72342,False,0.5096435890223812,0.5096435890223812,0,,4.938955615400522,0.8859887067445071,
100091_00001,Toshiba,1,337756,False,0.47433652192484516,0.5451860108680507,21690,0.9990779160903642,6.329812911826047,0.8201966061744328,1.0
100095_00001,Toshiba,0,104287,False,0.5441571512858779,0.5441571512858779,0,,2.34254066989408,0.870201165164567,
100097_00001,Toshiba,0,96725,False,0.6440583467491828,0.6440583467491828,0,,2.0320942447984645,0.8378265521831041,
100103_00001,Toshiba,0,423415,False,0.5338334211586746,0.5338334211586746,0,,3.1239547850559624,0.8619203263391282,
100106_00001,Siemens,0,155515,False,0.6010044144192447,0.6010044144192447,0,,4.122073811286381,0.8894992097549039,
100118_00001,Siemens,0,166495,False,0.5390472180556652,0.5390472180556652,0,,4.708250800997518,0.8380846948912515,
100120_00001,Siemens,0,55212,False,0.5178630477626549,0.5178630477626549,0,,1.5586276483706103,0.801523659696579,
100129_00001,Siemens,0,177062,False,0.5441799951570073,0.5441799951570073,0,,2.4543117522555504,0.7847455140030186,
100134_00001,Philips,1,339038,False,0.5866189387434175,0.2970079933980098,767237,0.05728868654666029,4.378293726189159,0.7621097188806114,0.7776527982878824
100135_00001,Toshiba,1,56947,False,0.26491706597862147,0.467088444157521,9625,0.9458701298701299,30.726160445657367,0.8791702609276026,1.0
100144_00001,Siemens,1,257554,False,0.5349371024734982,0.5999169291848272,17018,0.975320249147961,5.333753825625919,0.878322850354485,1.0
100148_00001,Siemens,0,208545,False,0.6640449119802014,0.6640449119802014,0,,1.2855839647873584,0.8521456419744928,
100157_00001,Philips,1,117120,False,0.5279953761206144,0.6167471819645732,11246,0.950115596656589,5.702817444372029,0.8541045918557848,1.0
100158_00001,Toshiba,0,182515,False,0.6051047572752855,0.6051047572752855,0,,5.76796625505084,0.8248011397246329,
100179_00001,Siemens,0,180497,False,0.596783181844386,0.596783181844386,0,,2.4305200976179115,0.8345409437786281,
100185_00001,Toshiba,0,120601,False,0.5777248984329657,0.5777248984329657,0,,3.1900322461101713,0.8885547900886842,
100190_00001,Toshiba,0,483331,False,0.6112694465378405,0.6112694465378405,0,,3.515382379766608,0.8788407776176856,
100196_00001,Philips,1,116060,False,0.5820141706534245,0.6144114183595576,3861,1.0,2.4595525166147914,0.8737015721504773,1.0
100199_00001,Siemens,0,140238,False,0.6216926188561542,0.6216926188561542,0,,4.887070898488175,0.9319199632542918,
100201_00001,Siemens,0,175527,False,0.569556308453876,0.569556308453876,0,,3.428173072517561,0.7684722105495418,
100208_00001,Philips,1,93459,False,0.5664245788813262,0.6002123725579013,3174,1.0,1.4034198533719295,0.8506474855893461,1.0
100215_00001,Toshiba,0,185542,False,0.6370182647575259,0.6370182647575259,0,,3.8966818589849224,0.8767377201112141,
100238_00001,Siemens,0,218942,False,0.6088436233220099,0.6088436233220099,0,,1.3358116718300097,0.8801247498381345,
100239_00001,Siemens,0,115641,False,0.5610173966975136,0.5610173966975136,0,,1.9597890290135793,0.8764914906279624,
100240_00001,Siemens,0,112921,False,0.5701247068787885,0.5701247068787885,0,,0.5596629611780114,0.8719632350200132,
100242_00001,Other,0,203685,False,0.5858893792740298,0.5858893792740298,0,,1.3554725061823512,0.8827697328166428,
100246_00001,Philips,1,146202,False,0.5577733824778041,0.5876217803603786,4306,1.0,3.146226617504696,0.8852474894132967,1.0
100252_00001,Siemens,0,124306,False,0.5447600143102792,0.5447600143102792,0,,5.814036792017682,0.8386964658572423,
100253_00001,Toshiba,0,91896,False,0.5252990027896239,0.5252990027896239,0,,1.9902854777782992,0.8507296229035359,
100254_00001,Siemens,0,353592,False,0.6348510328123834,0.6348510328123834,0,,3.0964982306193902,0.8586442459274829,
100256_00001,Siemens,0,371414,False,0.6406890271664896,0.6406890271664896,0,,2.268676505834314,0.8891494750024591,
100258_00001,Siemens,0,133938,False,0.5796727186487127,0.5796727186487127,0,,3.1321409677084047,0.8981215429152379,
100259_00001,Toshiba,1,62979,False,0.4943070511831123,0.5069460795855898,713,1.0,3.7298979890953476,0.9168081749192276,1.0
100264_00001,Siemens,0,214836,False,0.5911353897484544,0.5911353897484544,0,,1.4777067319139394,0.9043840469789062,
100293_00001,Siemens,0,73668,False,0.5334440884458684,0.5334440884458684,0,,1.5343566134950406,0.7892534867602723,
100295_00001,Siemens,1,272441,False,0.6340562088020862,0.6381070741038575,1217,1.0,7.119191877901555,0.8376157421473214,1.0
100297_00001,Siemens,0,208500,False,0.6157003186629966,0.6157003186629966,0,,1.7378904420527157,0.9223158326811345,
100302_00001,Siemens,0,85624,False,0.4711840571067458,0.4711840571067458,0,,3.3907112657000402,0.7642165060003935,
100304_00001,Philips,0,451777,False,0.6385979163462443,0.6385979163462443,0,,5.09654950710413,0.938603124570751,
100308_00001,Siemens,0,169742,False,0.4748837146714631,0.4748837146714631,0,,5.2490293962378045,0.8403421142661649,
100314_00001,Siemens,0,185169,False,0.5946125806150108,0.5946125806150108,0,,0.5930785665991328,0.841983514633325,
100324_00001,Philips,1,140091,False,0.5706847306827086,0.600477166305327,4211,1.0,2.4243664836562817,0.8640158013915036,1.0
100327_00001,Toshiba,0,94581,False,0.5153468100890207,0.5153468100890207,0,,2.970674764756463,0.8914819661953587,
100336_00001,Toshiba,0,180287,False,0.57954780356718,0.57954780356718,0,,7.621873827211139,0.8913813530854855,
100340_00001,Philips,0,95214,False,0.46106850897810275,0.46106850897810275,0,,14.865023604482582,0.5709276018099547,
100353_00001,Siemens,0,203021,False,0.5919000885093976,0.5919000885093976,0,,6.735136852867637,0.7886686769702784,
100361_00001,Toshiba,0,117009,False,0.5157673002756543,0.5157673002756543,0,,3.9262838553820347,0.8305389213297073,
100364_00001,Siemens,0,173254,False,0.5393258426966292,0.5393258426966292,0,,2.3221065945724986,0.9011163245969067,
100370_00001,Siemens,0,252338,False,0.6357738996438559,0.6357738996438559,0,,0.9714360250867979,0.8738979947373794,
100378_00001,Toshiba,0,281025,False,0.5701699405449161,0.5701699405449161,0,,2.628747517075128,0.8979736670959696,
100381_00001,Philips,1,310047,False,0.6037761213090733,0.6051199634704014,430,1.0,1.515875521384176,0.9348739495798319,1.0
100382_00001,Siemens,0,269684,False,0.6555262717948214,0.6555262717948214,0,,3.5360227914655438,0.8932907093807915,
100389_00001,Toshiba,0,70644,False,0.5725532647739014,0.5725532647739014,0,,1.9830323699087076,0.9326296218913608,
100391_00001,Siemens,0,236954,False,0.5841855750022362,0.5841855750022362,0,,0.984236193205268,0.8240539825599731,
100400_00001,Toshiba,0,117148,False,0.595614106865232,0.595614106865232,0,,5.717163758785604,0.8390763246354652,
100401_00001,Siemens,0,262468,False,0.642753882778578,0.642753882778578,0,,1.3353305869449856,0.8923628076170181,
100421_00001,Siemens,0,68451,False,0.5126522559615715,0.5126522559615715,0,,3.9016771680413176,0.7322087380393161,
100429_00001,Siemens,0,306816,False,0.6403055118179403,0.6403055118179403,0,,3.094212077362564,0.8802077086718371,
100438_00001,Philips,1,198934,False,0.6156581163408025,0.6325210316903698,3731,0.9683730903243098,3.2870502544165876,0.8797303271958286,1.0
100440_00001,Toshiba,1,153514,False,0.5275191236188498,0.7142107425744588,34027,0.9380785846533635,7.180265244552947,0.8397361670739525,1.0
100444_00001,Siemens,0,85761,False,0.5779072358052298,0.5779072358052298,0,,1.777966391692898,0.8651810407858346,
100451_00001,Siemens,0,70766,False,0.5778668395512858,0.5778668395512858,0,,5.983227150004367,0.8524139509798977,
100455_00001,Siemens,0,24619,False,0.09739438401214268,0.09739438401214268,0,,25.218515407655623,0.5579617540916292,
100455_00002,Siemens,0,29856,False,0.05530986854061913,0.05530986854061913,0,,20.44695834849138,0.5897815904198354,
100458_00001,Siemens,0,588619,False,0.6076351201521889,0.6076351201521889,0,,4.98153024460619,0.8915748679025631,
100461_00001,Toshiba,0,119809,False,0.5298985454100965,0.5298985454100965,0,,5.4044300372826894,0.8567647358240863,
100470_00001,Toshiba,0,143137,False,0.5820090176657551,0.5820090176657551,0,,2.261461576167289,0.9277619499841722,
100488_00001,Siemens,0,191211,False,0.520830191305962,0.520830191305962,0,,0.8588248320436659,0.8833540888335409,
100499_00001,Toshiba,0,81547,False,0.5242651775952581,0.5242651775952581,0,,0.9493375817854746,0.8624822443181818,
100505_00001,Siemens,0,196483,False,0.5944964967030933,0.5944964967030933,0,,0.6470074242500463,0.870740087332138,
100514_00001,Siemens,0,198067,False,0.5703637276705646,0.5703637276705646,0,,1.9016532020937746,0.8822935490461729,
100521_00001,Siemens,0,471349,False,0.6614405962860631,0.6614405962860631,0,,3.764879528237854,0.8609764161340092,
100532_00001,Toshiba,0,160803,False,0.6399178162606398,0.6399178162606398,0,,0.6101602127402338,0.8507214820828874,
100537_00001,Philips,1,422038,False,0.5433631376907101,0.5477349844866578,1777,1.0,8.174176405851712,0.8374826763441013,1.0
100539_00001,Siemens,0,245147,False,0.6341759576112154,0.6341759576112154,0,,2.3851175059264027,0.87781194413757,
100554_00001,Other,1,85893,False,0.4979191232572657,0.525068321712257,2123,1.0,3.1655305661167255,0.8984290099690194,1.0
100556_00001,Toshiba,0,133339,False,0.5696664192533815,0.5696664192533815,0,,6.652791364040977,0.8269002586508611,
100557_00001,Philips,1,114157,False,0.5103200175990269,0.5474069400630914,3946,1.0,3.8248189827550294,0.8376386076799475,1.0
100560_00001,Siemens,0,366870,False,0.5228260191462858,0.5228260191462858,0,,0.833357853827362,0.8769602798670278,
100568_00001,Toshiba,0,157060,False,0.5932234489610512,0.5932234489610512,0,,1.220214509451542,0.8440623197189989,
100575_00001,Philips,0,154131,False,0.63041371533284,0.63041371533284,0,,3.0435070393371233,0.8790894714698159,
100578_00001,Toshiba,0,429119,False,0.7265616829602047,0.7265616829602047,0,,3.8052986258422283,0.8520347061328123,
100583_00001,Philips,1,51429,False,0.5942840187205805,0.6326692811820042,2608,0.8619631901840491,1.175030316160447,0.859443131406327,1.0
100584_00001,Toshiba,0,570770,False,0.6712600772243266,0.6712600772243266,0,,1.75791768442756,0.9134256129238871,
100593_00001,Siemens,0,225395,False,0.6010096017201537,0.6010096017201537,0,,1.8612473461736538,0.872335427379293,
100602_00001,Philips,1,119030,False,0.4854149038369778,0.5871488851565885,11318,1.0,6.28975486641092,0.8462759178841706,1.0
100612_00001,Siemens,0,291205,False,0.611842650495713,0.611842650495713,0,,7.794737697988875,0.8763227161796465,
100630_00001,Siemens,0,178648,False,0.7227956275117072,0.7227956275117072,0,,6.5417549478859955,0.9082295187620413,
100632_00001,Toshiba,0,102279,False,0.5423733632835269,0.5423733632835269,0,,6.3136442455896775,0.8405632865660625,
100644_00001,Toshiba,0,507218,False,0.6280009642409363,0.6280009642409363,0,,2.8413974157369513,0.9093196758048854,
100645_00001,Philips,1,307183,False,0.4520440054379725,0.6766616498797258,67756,0.9991587460889072,9.122773163038895,0.9194004080991995,1.0
100647_00001,Siemens,1,142320,False,0.5335336156425269,0.5455460697923923,1611,1.0,6.492818237668507,0.8033627918420545,1.0
100648_00001,Siemens,0,225069,False,0.6080761069624038,0.6080761069624038,0,,10.082549623312202,0.9117274519169586,
100663_00001,Toshiba,0,76788,False,0.5388975929354792,0.5388975929354792,0,,1.4440441765848662,0.8694883640228165,
100666_00001,Siemens,0,184833,False,0.6498304486174625,0.6498304486174625,0,,0.906555223002637,0.8617653615195994,
100677_00001,Siemens,0,141113,False,0.4783012138018333,0.4783012138018333,0,,2.513541953675563,0.786866169525712,
100679_00001,Philips,1,169758,False,0.6220107674971829,0.6256963437672449,664,1.0,2.5271747842594796,0.8973934163160863,1.0
100682_00001,Philips,0,285156,False,0.5712898672316313,0.5712898672316313,0,,2.419085559536818,0.8390290208191443,
100686_00001,Other,0,197827,False,0.45550713315091623,0.45550713315091623,0,,17.593586589417214,0.6756225230894835,
100689_00001,Siemens,0,160673,False,0.5643935045784069,0.5643935045784069,0,,4.855840956653749,0.8938430190939163,
100698_00001,Siemens,1,117993,False,0.586401543255676,0.6133889167064522,3279,1.0,3.991557561114677,0.8695056322492228,1.0
100702_00001,Toshiba,0,202994,False,0.6239641928264683,0.6239641928264683,0,,0.7912795363051044,0.8692031972546649,
100708_00001,Siemens,0,209062,False,0.550811947949663,0.550811947949663,0,,2.3908348621276043,0.8532852604508093,
100716_00001,Other,0,293424,False,0.5643609599468271,0.5643609599468271,0,,6.969363077762745,0.8470569820185134,
100733_00001,Philips,1,43741,False,0.31174330645006065,0.38297488452655887,3471,0.7245750504177471,20.52189575673326,0.8931904597303837,1.0
100736_00001,Siemens,0,224740,False,0.6712181204145802,0.6712181204145802,0,,5.022085134475095,0.9325025062666864,
100740_00001,Other,1,71799,False,0.476997323554825,0.5423961274707544,4258,1.0,2.513675559751641,0.828708296796382,1.0
100758_00001,Siemens,0,75117,False,0.5941466273511474,0.5941466273511474,0,,3.0332273063140733,0.8835712784361913,
100759_00001,Siemens,0,195726,False,0.6247055917562213,0.6247055917562213,0,,4.262623152807754,0.8792790314106627,
100764_00001,Siemens,0,181894,False,0.6306800762702359,0.6306800762702359,0,,3.809044301489675,0.8534885487485282,
100765_00001,Siemens,0,370792,False,0.6385731163866177,0.6385731163866177,0,,2.193849786396111,0.8733667924841345,
100773_00001,Siemens,0,291279,False,0.5568457059248055,0.5568457059248055,0,,7.997251557902823,0.8809242340964755,
100775_00001,Siemens,1,105441,False,0.449911869464415,0.5934671232513073,13955,1.0,12.00940773466242,0.8280799475753604,1.0
100781_00001,Toshiba,0,208392,False,0.5721285458563012,0.5721285458563012,0,,2.6222349845233928,0.8606561183078641,
100783_00001,Toshiba,0,146532,False,0.564998763498475,0.564998763498475,0,,6.246619734729875,0.8531502639954152,
100787_00001,Toshiba,0,240239,False,0.6166107189662704,0.6166107189662704,0,,1.8905218669995094,0.8685832685832686,
100798_00001,Siemens,0,292149,False,0.6786293489118127,0.6786293489118127,0,,1.7001801973159258,0.8765502952504561,
100799_00001,Siemens,1,120450,False,0.5843310566492568,0.6273852917443445,5465,1.0,3.9377865285569484,0.8437720857655747,1.0
100803_00001,Toshiba,1,173556,False,0.3377946760777854,0.674318150039114,55780,0.9671029042667623,32.655661236967575,0.8452620967741935,1.0
100810_00001,Toshiba,0,242038,False,0.6185855684335928,0.6185855684335928,0,,5.862676988303684,0.8316440496326615,
100814_00001,Siemens,0,118643,False,0.5602346253854992,0.5602346253854992,0,,2.3824505385617525,0.8686967584506851,
100816_00001,Siemens,0,278822,False,0.577347146730499,0.577347146730499,0,,2.9896429499834647,0.8610909090909091,
100824_00001,Siemens,1,104864,False,0.5545413552327726,0.6383348458226332,9007,1.0,3.164109406819535,0.8506342865549357,1.0
100828_00001,Siemens,0,78254,False,0.5317420914089798,0.5317420914089798,0,,3.3271583498214867,0.7975709358667823,
100832_00001,Siemens,0,162614,False,0.5830178004091048,0.5830178004091048,0,,0.6080062234723966,0.8578210993015778,
100833_00001,Siemens,0,114184,False,0.5967241819574655,0.5967241819574655,0,,1.1260237161088134,0.9001968539817363,
100835_00001,Toshiba,0,79762,False,0.5227573492502441,0.5227573492502441,0,,4.116954565564842,0.8853982300884956,
100849_00001,Siemens,0,208090,False,0.5945589802373933,0.5945589802373933,0,,3.347283476939582,0.9278296151986992,
100850_00001,Philips,1,386470,False,0.34476526178509403,0.6416041419858716,102808,0.9949420278577542,11.779840584143512,0.7598833932983657,1.0
100854_00001,Toshiba,0,158568,False,0.5654439387371767,0.5654439387371767,0,,2.9503677741251693,0.8644086455542915,
100863_00001,Siemens,0,192829,False,0.6310650938971214,0.6310650938971214,0,,5.890618768913923,0.8788814277200067,
100869_00001,Toshiba,0,488570,False,0.6566486433319582,0.6566486433319582,0,,1.022887391505627,0.9105316813264103,
100870_00001,Toshiba,0,173470,False,0.5895053803599356,0.5895053803599356,0,,9.379856414572181,0.9114264215844351,
100877_00001,Philips,0,57819,False,0.4852809991079393,0.4852809991079393,0,,2.7947190221313645,0.8552016682559809,
100887_00001,Toshiba,0,88158,False,0.5722600817766376,0.5722600817766376,0,,1.2439663454919543,0.8506944444444444,
100889_00001,Toshiba,0,225084,False,0.7266919688616783,0.7266919688616783,0,,3.0421864921041073,0.8954240600895832,
100895_00001,Siemens,0,236370,False,0.6237141153518851,0.6237141153518851,0,,1.4256238139878887,0.8812977351264499,
100900_00001,Siemens,0,201902,False,0.5530068949732498,0.5530068949732498,0,,0.7751429764381592,0.8607796571174324,
100903_00001,Siemens,1,158889,False,0.5447560542122005,0.5480710209834724,501,1.0,8.663792797119484,0.8364662363643226,1.0
100905_00001,Other,1,56115,False,0.6068341528030354,0.6353666450356911,3378,0.6939017169923032,1.9180926350719858,0.8662453726208728,1.0
100929_00001,Toshiba,0,154555,False,0.6358955041799184,0.6358955041799184,0,,2.5750731181872406,0.8887120458528729,
100934_00001,Philips,1,564812,False,0.4680568472173668,0.7065257175333902,138887,0.9892934543909797,16.408837407364114,0.8253644171779141,1.0
100938_00001,Toshiba,0,168639,False,0.6593432034171017,0.6593432034171017,0,,0.5362044400863807,0.8677855642843073,
100948_00001,Siemens,1,115525,False,0.6393392011463789,0.650123238725244,1570,0.9146496815286624,2.3935317932096627,0.8217882099982082,1.0
100949_00001,Toshiba,0,116098,False,0.5617064812760397,0.5617064812760397,0,,1.180000912371762,0.882650795060851,
100955_00001,Toshiba,0,335240,False,0.672763413204266,0.672763413204266,0,,3.2854120568869103,0.9264205066738941,
100960_00001,Siemens,0,225884,False,0.5679526212883055,0.5679526212883055,0,,2.5053714207687308,0.8809311544373433,
100965_00001,Siemens,1,360474,False,0.6377651593712221,0.6544966928215968,6957,0.97082075607302,2.50797038139442,0.8654746854723246,1.0
100985_00001,Siemens,0,238694,False,0.6699244412980782,0.6699244412980782,0,,3.2012052145509604,0.9285061742041998,
100991_00001,Siemens,0,137870,False,0.45413365363381253,0.45413365363381253,0,,3.2873818535839514,0.8061468669152375,
100993_00001,Toshiba,0,117647,False,0.5930363026507168,0.5930363026507168,0,,2.1197058823280783,0.8763320428325413,
100994_00001,Philips,1,90922,False,0.5756851917916582,0.5943591902338219,1713,1.0,2.2256353047599964,0.7924487043988484,1.0
100997_00001,Toshiba,0,173219,False,0.5974856594647533,0.5974856594647533,0,,1.8706392225222006,0.8765221723178138,
101001_00001,Siemens,0,235285,False,0.5961456508357403,0.5961456508357403,0,,1.3522494224539214,0.867411134547578,
101004_00001,Siemens,0,92122,False,0.605445239917751,0.605445239917751,0,,4.85929210235257,0.8818472847996206,
101022_00001,Siemens,0,173625,False,0.5487566267243901,0.5487566267243901,0,,3.2789938067164734,0.8472455222222632,
101052_00001,Philips,0,184782,False,0.6182440348886946,0.6182440348886946,0,,2.8728777708664763,0.8746760010658656,
101060_00001,Siemens,0,237685,False,0.6148438947563462,0.6148438947563462,0,,1.455611200692322,0.911843627680264,
101068_00001,Siemens,1,125015,False,0.4506921527450392,0.671542379522006,28094,0.9777532569231865,23.89077275983672,0.7803822512979756,1.0
101071_00001,Siemens,0,175572,False,0.5368823128006258,0.5368823128006258,0,,1.311127016631643,0.8670146603997155,
101100_00001,Toshiba,0,300908,False,0.6139569701548061,0.6139569701548061,0,,1.0805258375904487,0.8541128259866388,
101135_00001,Other,1,303377,False,0.559483886702719,0.5841212618535029,7420,1.0,0.8838145657919385,0.8896325148638421,1.0
101145_00001,Other,0,80015,False,0.6826331610546404,0.6826331610546404,0,,1.5389192926080928,0.8721962273652406,
101146_00001,Toshiba,0,168990,False,0.6166241854376786,0.6166241854376786,0,,0.7337579307075405,0.8631040045567951,
101154_00001,Siemens,0,105208,False,0.5078183172002978,0.5078183172002978,0,,1.848344371699892,0.8253200189522129,
101162_00001,Siemens,0,728459,False,0.577768583322164,0.577768583322164,0,,8.315564532229024,0.8335075994071702,
101173_00001,Toshiba,1,102729,False,0.5765502938126512,0.605434620646682,2996,1.0,0.6177689099911542,0.8485833406887815,1.0
101174_00001,Siemens,0,185656,False,0.6062472092821773,0.6062472092821773,0,,11.886225155100448,0.8705845307060869,
101185_00001,Siemens,0,163725,False,0.628751882944157,0.628751882944157,0,,5.3211500428575365,0.882671833672117,
101188_00001,Toshiba,1,95744,False,0.571181636404919,0.6047457627118644,3594,0.9398998330550918,0.8990131570442603,0.8176974223517625,1.0
101191_00001,Toshiba,0,103746,False,0.5566856210412242,0.5566856210412242,0,,9.085401371784494,0.8774380024774721,
101197_00001,Siemens,0,74458,False,0.6456324396877539,0.6456324396877539,0,,3.737772352118226,0.8034807879877648,
101213_00001,Siemens,0,357481,False,0.6285810171766788,0.6285810171766788,0,,4.068605470624817,0.9049866280138007,
101222_00001,Philips,1,298554,False,0.5605120706144799,0.5642303459610644,1075,1.0,7.751675740070035,0.8465490958788898,1.0
101223_00001,Siemens,0,234126,False,0.6432693628910365,0.6432693628910365,0,,1.9536277405304823,0.9074988598664637,
101227_00001,Toshiba,1,90257,False,0.5799769308632094,0.6046339488800647,2252,1.0,2.2861100791386115,0.8772188031360096,1.0
101238_00001,Toshiba,1,265842,False,0.4835748696496897,0.5487184769174057,15849,1.0,4.893260294758334,0.7911888552000591,1.0
101244_00001,Siemens,1,156249,False,0.6405277383152421,0.6583453714910397,3429,0.9857101195683873,7.5066639344756725,0.8703666969594922,1.0
101245_00001,Siemens,0,204624,False,0.5843131428650402,0.5843131428650402,0,,1.0151344052494353,0.9019332059402675,
101246_00001,Siemens,0,225530,False,0.6081409822070856,0.6081409822070856,0,,4.9361029049115555,0.7634591076211449,
101251_00001,Siemens,0,109083,False,0.5074086224336368,0.5074086224336368,0,,3.1812106160323275,0.8269889679581309,
101254_00001,Siemens,1,77529,False,0.37503711059469086,0.41637816643553394,2550,1.0,3.123823270030755,0.8333868016292003,1.0
101259_00001,Siemens,0,228973,False,0.6025915691835766,0.6025915691835766,0,,1.9301042340277013,0.8946663671904794,
101260_00001,Siemens,0,138182,False,0.588615472998851,0.588615472998851,0,,8.207912788633507,0.8701687226749317,
101265_00001,Toshiba,0,160553,False,0.626920885456973,0.626920885456973,0,,1.081191014556103,0.8903398457353409,
101268_00001,Toshiba,0,93733,False,0.5504460810729896,0.5504460810729896,0,,2.53575315499653,0.767580816500186,
101280_00001,Siemens,0,183378,False,0.5559705600201299,0.5559705600201299,0,,0.803688665988622,0.851432479617511,
101281_00001,Siemens,0,440113,False,0.7142950114597776,0.7142950114597776,0,,1.8784834418956367,0.9514004469801355,
101295_00001,Siemens,1,220039,False,0.53282997355041,0.5578500283371007,5312,0.9894578313253012,5.85176984916903,0.885233970993219,1.0
101301_00001,Siemens,0,58482,False,0.5353371945120219,0.5353371945120219,0,,4.538937486700885,0.8896011689953335,
101302_00001,Toshiba,0,148473,False,0.6059396894505484,0.6059396894505484,0,,2.2468387524868967,0.8833653703131614,
101308_00001,Toshiba,0,188205,False,0.5725635493502924,0.5725635493502924,0,,4.864678720681796,0.8454540375614776,
101322_00001,Philips,1,254815,False,0.6450156898125377,0.6410733005508195,2338,0.0,4.6674327194336325,0.8715092380384759,1.0
101326_00001,Toshiba,0,85161,False,0.5430673515401176,0.5430673515401176,0,,2.3249001885648153,0.8577397685397518,
101331_00001,Philips,1,130296,False,0.5023127989957137,0.6013754954897893,12617,0.9949274787984466,3.112729561765216,0.879913526098073,1.0
101349_00001,Toshiba,0,129615,False,0.5821243874042185,0.5821243874042185,0,,5.670533410426966,0.8647592936225957,
101368_00001,Toshiba,0,506784,False,0.6388466633297102,0.6388466633297102,0,,4.258209822976442,0.9070807848382645,
101407_00001,Siemens,0,91507,False,0.4224465466521437,0.4224465466521437,0,,2.4483900874678692,0.8156785491423559,
101417_00001,Philips,1,89478,False,0.5900145115111581,0.6091074399350022,1750,1.0,1.6829717738186067,0.8520081688223281,1.0
101423_00001,Siemens,0,202948,False,0.5243297282559302,0.5243297282559302,0,,3.086770428301795,0.8332823205330445,
101427_00001,Philips,1,119547,False,0.555939745632761,0.5693434135821225,1558,1.0,2.0456850661685126,0.8480262793375948,1.0
101433_00001,Philips,0,56007,False,0.4846366641926996,0.4846366641926996,0,,5.520210872616383,0.8131775804998532,
101434_00001,Philips,1,274339,False,0.5434942543027967,0.6778766958060033,49237,0.865731055913236,1.8284866903813557,0.8814825427451161,1.0
101437_00001,Siemens,0,120206,False,0.45131598238132575,0.45131598238132575,0,,3.491532168936134,0.8097067143493717,
101441_00001,Siemens,0,676360,False,0.6188396491568133,0.6188396491568133,0,,4.21187697100049,0.8915358140987116,
101444_00001,Siemens,0,211012,False,0.5680305598695318,0.5680305598695318,0,,1.6752036981470522,0.86858591782787,
101449_00001,Siemens,0,160634,False,0.4254441484812199,0.4254441484812199,0,,7.5221684408654,0.6662487538941203,
101454_00001,Siemens,1,71334,False,0.42571822442790186,0.5447318534825414,7443,0.9973129114604327,8.833114170402599,0.8967382294429708,1.0
101457_00001,Toshiba,0,209514,False,0.552835220264469,0.552835220264469,0,,5.161165562977069,0.826542471050853,
101461_00001,Toshiba,0,239547,False,0.6297047001324624,0.6297047001324624,0,,2.962902397087471,0.8304142924719955,
101462_00001,Siemens,0,151094,False,0.5646641460112962,0.5646641460112962,0,,4.39638005473628,0.8777232734388283,
101481_00001,Siemens,0,262824,False,0.6615261965299312,0.6615261965299312,0,,1.141153518939742,0.8587268264111457,
101484_00001,Siemens,0,303063,False,0.6193361880008957,0.6193361880008957,0,,2.8507709508305927,0.895629807018222,
101487_00001,Toshiba,0,199471,False,0.6256038235624993,0.6256038235624993,0,,2.454709698325541,0.9233535100425435,
101488_00001,Philips,1,44485,False,0.4687387248079996,0.5212788903452739,2068,1.0,1.4088919509101383,0.8538508186779866,1.0
101493_00001,Toshiba,0,182558,False,0.6260544485652068,0.6260544485652068,0,,4.2444272183530245,0.9141318463066229,
101494_00001,Toshiba,0,99355,False,0.5804156418208392,0.5804156418208392,0,,1.5930972368244878,0.8949499796259103,
101503_00001,Siemens,1,106272,False,0.5102219504398705,0.5998371494642217,9609,0.9709647205744615,6.687829719270104,0.8233086894170392,1.0
101508_00001,Siemens,1,155790,False,0.5759091011565255,0.6148192004911958,6230,1.0,5.466480120011857,0.8603491781339708,1.0
101510_00001,Toshiba,0,143385,False,0.5919499568172614,0.5919499568172614,0,,1.898793810624945,0.8629680827142101,
101514_00001,Philips,0,351816,False,0.5371574182677218,0.5371574182677218,0,,3.116772283206335,0.9129626725060753,
101516_00001,Toshiba,0,123990,False,0.5317133588911825,0.5317133588911825,0,,2.956968724972599,0.8611751152073732,
101517_00001,Siemens,1,220844,False,0.54874167204283,0.5209746540957512,81289,0.20462793243858332,13.865994013418975,0.8854211044116749,1.0
101544_00001,Siemens,0,148950,False,0.5803525586171487,0.5803525586171487,0,,1.5515146399432487,0.8771211226896273,
101566_00001,Siemens,0,270068,False,0.6166664116413937,0.6166664116413937,0,,4.613563831240859,0.8279248876338886,
101571_00001,Siemens,0,211134,False,0.6208058356964326,0.6208058356964326,0,,1.455814140504589,0.8639180398425687,
101573_00001,Toshiba,0,123277,False,0.6408173045505042,0.6408173045505042,0,,2.1526127075816084,0.8690499907952175,
101580_00001,Siemens,0,210382,False,0.5627877822765082,0.5627877822765082,0,,3.812877557129254,0.874399696668163,
101581_00001,Toshiba,0,169636,False,0.6721067120933275,0.6721067120933275,0,,2.4854351665071035,0.9157062936666744,
101583_00001,Siemens,0,230770,False,0.5982091632448928,0.5982091632448928,0,,3.436488032723053,0.8575042875970736,
101587_00001,Siemens,0,291222,False,0.6276826220661841,0.6276826220661841,0,,1.959251373048171,0.869925490181082,
101597_00001,Toshiba,1,123638,False,0.6129549934753034,0.6347507651945781,2875,1.0,2.5117733767416257,0.8437221826597828,1.0
101605_00001,Siemens,0,241538,False,0.5998961128906588,0.5998961128906588,0,,1.774955213942841,0.8998505291830203,
101610_00001,Siemens,0,213220,False,0.6044677119801205,0.6044677119801205,0,,0.4655142528511951,0.8854130835070112,
101615_00001,Philips,1,334182,False,0.5670976676291237,0.6005907326464446,11182,1.0,2.9540124547203632,0.8840556785827269,1.0
101617_00001,Toshiba,0,235007,False,0.6512217763242456,0.6512217763242456,0,,0.4882050587252412,0.9406418631070719,
101626_00001,Toshiba,0,140077,False,0.5725974412377268,0.5725974412377268,0,,11.246702243627713,0.9137288244357852,
101631_00001,Siemens,0,222020,False,0.5959831119556531,0.5959831119556531,0,,0.6803932997393617,0.8542382017088557,
101634_00001,Philips,1,98808,False,0.5520499434120697,0.6084186798647523,5894,0.9591109602986088,4.326287635754251,0.8540424853639017,1.0
101638_00001,Toshiba,0,359921,False,0.5952360147498296,0.5952360147498296,0,,1.7815454647212046,0.8332253481920888,
101639_00001,Toshiba,1,135804,False,0.5234782422843464,0.6015492410235989,23790,0.6078604455653636,5.95857543646164,0.8946654288366779,1.0
101640_00001,Philips,1,144051,False,0.5646416382252559,0.5748490819048356,1469,1.0,12.119529474663047,0.6865984066702518,1.0
101646_00001,Siemens,0,184612,False,0.5626620703452627,0.5626620703452627,0,,2.501966554454516,0.8427882925849691,
101654_00001,Siemens,0,319289,False,0.5931412798518544,0.5931412798518544,0,,8.972746225409985,0.8659082555461898,
101660_00001,Toshiba,0,106947,False,0.5745402888485518,0.5745402888485518,0,,1.9666640977140606,0.8458333333333333,
101666_00001,Philips,1,194143,False,0.5218268206642847,0.5630204585175286,7590,1.0,3.862912858728652,0.8094821991588866,1.0
101670_00001,Siemens,0,182397,False,0.6234618958261218,0.6234618958261218,0,,1.7222512388517535,0.803041811328952,
101674_00001,Siemens,0,213581,False,0.47008638157193133,0.47008638157193133,0,,11.587051164213694,0.822979017999787,
101679_00001,Toshiba,1,134285,False,0.397360824742268,0.4098199787385661,1452,0.9331955922865014,3.456926536186028,0.7977100062769205,1.0
101683_00001,Toshiba,0,97240,False,0.5552259209167721,0.5552259209167721,0,,2.279938674379295,0.8754008742136445,
101696_00001,Siemens,1,105747,False,0.5055041708840878,0.5102462581152452,456,1.0,5.400011534100849,0.8608646616541353,1.0
101708_00001,Toshiba,0,145606,False,0.6280822734316971,0.6280822734316971,0,,1.586717071814472,0.9045075125208681,
101710_00001,Toshiba,0,216730,False,0.5756768376892409,0.5756768376892409,0,,2.159507256489021,0.838512624522273,
101713_00001,Siemens,1,71022,False,0.47513113821652025,0.5597086943977396,5575,1.0,6.861108680587166,0.9276650453753842,1.0
101720_00001,Philips,0,91407,False,0.6004094799906319,0.6004094799906319,0,,2.1999744664332828,0.829939822476305,
101742_00001,Toshiba,0,141270,False,0.624289076052554,0.624289076052554,0,,3.0222012582024234,0.8869875877208595,
101755_00001,Siemens,0,252188,False,0.5947593333058522,0.5947593333058522,0,,7.702895254420113,0.841051208888551,
101760_00001,Toshiba,0,192231,False,0.632061714044172,0.632061714044172,0,,2.3758031402365343,0.8758087879427255,
101775_00001,Toshiba,0,117126,False,0.5586830606645666,0.5586830606645666,0,,9.658448655027524,0.8076667251410695,
101780_00001,Toshiba,0,224796,False,0.5994949573192458,0.5994949573192458,0,,6.322821591063147,0.8837854840132088,
101795_00001,Philips,1,119436,False,0.5919313007895799,0.6124760054974387,2572,0.9992223950233281,0.9562819139389186,0.840887094040274,1.0
101805_00001,Siemens,0,222010,False,0.6081882592349022,0.6081882592349022,0,,1.7525033911712526,0.8878974103133929,
101811_00001,Philips,0,271368,False,0.5374739017197959,0.5374739017197959,0,,6.565890870634842,0.6982010396161568,
101813_00001,Toshiba,1,231075,False,0.35142556942638864,0.6982915861026363,84369,0.9262999442923349,20.49757354078929,0.8094065493442251,1.0
101814_00001,Philips,0,80378,False,0.6166293211090775,0.6166293211090775,0,,1.3183086426889887,0.859779616158213,
101819_00001,Siemens,1,87176,False,0.30578330120920955,0.5982862623556362,21874,0.9963884063271464,12.618642020456264,0.8193559190446107,1.0
101828_00001,Siemens,0,134324,False,0.5217452958821925,0.5217452958821925,0,,2.959259650903848,0.8311975083430072,
101833_00001,Siemens,0,165736,False,0.4595753756844853,0.4595753756844853,0,,7.129261316188114,0.8030380096036966,
101855_00001,Philips,1,98900,False,0.5500996320160575,0.5591425825148697,863,1.0,0.7402165967788158,0.9276532630191167,1.0
101861_00001,Siemens,0,154833,False,0.5486252705895034,0.5486252705895034,0,,14.531378946944523,0.751939844812415,
101869_00001,Siemens,0,157971,False,0.5951070688974719,0.5951070688974719,0,,1.6350662917549317,0.8649499319463348,
101877_00001,Toshiba,1,411080,False,0.6335268815084271,0.6828219926133808,22778,1.0,3.222027998605238,0.8752869971508445,1.0
101878_00001,Siemens,0,182875,False,0.6572465872785361,0.6572465872785361,0,,4.934832265482189,0.8660685322087722,
101883_00001,Siemens,0,297383,False,0.6425612753720554,0.6425612753720554,0,,5.684304173227379,0.8667423562831726,
101884_00001,Siemens,0,210857,False,0.6325800855490362,0.6325800855490362,0,,1.245167063345098,0.88171745325943,
101895_00001,Philips,1,106888,False,0.5306075243213824,0.5415417443210977,1102,1.0,2.762933775969122,0.8243876987900866,1.0
101897_00001,Siemens,0,229523,False,0.6188362285487319,0.6188362285487319,0,,3.6374995891840047,0.8992018459101975,
101901_00001,Toshiba,0,86637,False,0.5126982766012175,0.5126982766012175,0,,2.228034404762188,0.8994626943910536,
101905_00001,Toshiba,0,116095,False,0.5769716774318677,0.5769716774318677,0,,2.926149616415348,0.8181744684291373,
101908_00001,Toshiba,0,201452,False,0.5711886863304969,0.5711886863304969,0,,1.8380503020646595,0.9001066587617121,
101909_00001,Siemens,1,226221,False,0.5440394094981247,0.6535956969069305,26710,0.9670909771621116,4.867754289683572,0.885224531916851,1.0
101916_00001,Siemens,0,218535,False,0.4608593908736136,0.4608593908736136,0,,5.940077229943625,0.9050532630507442,
101932_00001,Siemens,0,144524,False,0.5983608529724579,0.5983608529724579,0,,3.8110508301735693,0.8752426312205099,
101934_00001,Siemens,0,190775,False,0.6325317077686704,0.6325317077686704,0,,2.8556399980567004,0.9089427262705837,
101935_00001,Siemens,0,305060,False,0.7134374706918292,0.7134374706918292,0,,6.4254067456854695,0.9456539955816257,
101938_00001,Toshiba,0,148447,False,0.5385463092091789,0.5385463092091789,0,,2.338159368703344,0.8227281580116065,
101960_00001,Toshiba,1,322935,False,0.5507183603299881,0.6182546558333883,21892,1.0,7.959778741884181,0.8310664301202444,1.0
101961_00001,Siemens,0,335604,False,0.6638313769441003,0.6638313769441003,0,,0.7619452405536633,0.8731553527774369,
101962_00001,Siemens,0,152962,False,0.6688322347107153,0.6688322347107153,0,,1.5963760133092233,0.9087691313393482,
101967_00001,Toshiba,0,191484,False,0.5676922675240486,0.5676922675240486,0,,1.607694278487906,0.8985966846569533,
101968_00001,Siemens,0,183918,False,0.6016395834814396,0.6016395834814396,0,,2.804612624312111,0.9283033066661889,
101980_00001,Siemens,1,150117,False,0.5867293552367948,0.6090313761349256,3417,1.0,6.0323830368396525,0.8788485569322955,1.0
101988_00001,Siemens,1,63540,False,0.4823913947821953,0.5827535087054851,8278,0.8014013046629621,4.488652101922443,0.8830473791909335,1.0
101992_00001,Siemens,0,478338,False,0.6050946448912073,0.6050946448912073,0,,1.2543620521511063,0.872910884470514,
102003_00001,Other,1,213760,False,0.6224103179058019,0.6441011024333895,5016,1.0,2.0574681695043253,0.8557165073169173,1.0
102005_00001,Siemens,1,117568,False,0.4612271557189145,0.6403906916802794,20751,0.99436171750759,13.145405004944209,0.8299835604815188,1.0
102008_00001,Toshiba,0,108676,False,0.47137915915623324,0.47137915915623324,0,,15.646440555360469,0.7489823609226595,
102014_00001,Siemens,0,67941,False,0.48198938670138236,0.48198938670138236,0,,3.4043804051521867,0.881790379121413,
102016_00001,Toshiba,0,185495,False,0.5611551922616335,0.5611551922616335,0,,1.8389771849740315,0.8928632522494783,
102025_00001,Siemens,0,292905,False,0.6429041300605791,0.6429041300605791,0,,3.335824804549613,0.9222805858038349,
102030_00001,Siemens,0,278554,False,0.6469001789166536,0.6469001789166536,0,,0.8992969906233877,0.8874292765784015,
102036_00001,Toshiba,0,141060,False,0.524649470833375,0.524649470833375,0,,11.415975663885234,0.8359125502343604,
102038_00001,Toshiba,0,156753,False,0.5632670585602251,0.5632670585602251,0,,2.5268822552155954,0.7833866826348808,
102040_00001,Philips,1,142557,False,0.5421870363198318,0.6145462266153955,13128,0.8551950030469226,1.0182255256101753,0.9272916156703002,1.0
102046_00001,Siemens,0,181727,False,0.5900330587428431,0.5900330587428431,0,,5.608190546670521,0.8882987637729041,
102049_00001,Philips,1,108687,False,0.4965711678459307,0.6614325035467012,18099,0.9995027349577325,10.049011711962011,0.8956215124439424,1.0
102056_00001,Toshiba,0,206690,False,0.5819210585731976,0.5819210585731976,0,,3.6399898714014594,0.8865713882530026,
102062_00001,Siemens,0,144183,False,0.5616348442842168,0.5616348442842168,0,,6.797338287715984,0.7979977506459447,
102069_00001,Toshiba,0,109361,False,0.537273070728361,0.537273070728361,0,,3.1007266930084176,0.8765318147729989,
102070_00001,Siemens,0,231494,False,0.5355857208324774,0.5355857208324774,0,,1.3335079273661288,0.8747201459387105,
102074_00001,Siemens,0,242077,False,0.6838309318986869,0.6838309318986869,0,,1.696875942162901,0.9184872499865222,
102079_00001,Siemens,1,353724,False,0.567622366737352,0.6632104635544512,36152,0.9855886258021687,4.954987677686184,0.9057913167502208,1.0
102084_00001,Siemens,1,144974,False,0.46330667737130665,0.5096225275106229,12596,0.6028898062877104,8.242584692196244,0.7962375456587725,1.0
102088_00001,Siemens,0,346830,False,0.6001934826066362,0.6001934826066362,0,,1.4748325984617312,0.8908947506791692,
102114_00001,Siemens,0,512556,False,0.5955499752836928,0.5955499752836928,0,,3.6370695729678,0.8658368321984857,
102115_00001,Philips,1,117051,False,0.544500941851446,0.6420517279847139,12353,0.9624382741034566,3.1532246264061787,0.8764940171777152,1.0
102123_00001,Siemens,0,199606,False,0.5917529460025174,0.5917529460025174,0,,1.3168529988582254,0.9017807804060678,
102129_00001,Siemens,0,89736,False,0.26823324134922666,0.26823324134922666,0,,6.575502862905005,0.8663138360024744,
102131_00001,Toshiba,0,179355,False,0.621096738100403,0.621096738100403,0,,4.927267454031717,0.8693061123212722,
102135_00001,Philips,0,118743,False,0.6400009017589936,0.6400009017589936,0,,1.6143593714285172,0.8839181844366389,
102142_00001,Siemens,0,214159,False,0.6568366781446727,0.6568366781446727,0,,2.7105744826443643,0.9145325516815798,
102143_00001,Siemens,0,722419,False,0.6288189783926315,0.6288189783926315,0,,8.993002561470147,0.8437697127717734,
102144_00001,Siemens,0,82247,False,0.5073623733039441,0.5073623733039441,0,,1.0029393587637923,0.9103811220288444,
102147_00001,Toshiba,1,120192,False,0.47337218775459045,0.6982335780463566,27588,0.9994200376975496,3.950031265849984,0.8732233067718996,1.0
102151_00001,Siemens,0,189719,False,0.5691821654902461,0.5691821654902461,0,,4.017845070907186,0.8625724853843048,
102156_00001,Philips,1,124815,False,0.5129613448175425,0.5416887697105716,3314,1.0,6.053077962032446,0.9084135466360985,1.0
102164_00001,Philips,1,197181,False,0.5564388731240675,0.684950134489289,28047,0.9689806396406033,16.309904828349758,0.8160932194060312,1.0
102186_00001,Siemens,0,108488,False,0.5729361413840051,0.5729361413840051,0,,3.9696780418756794,0.8429721408168565,
102217_00001,Toshiba,0,57137,False,0.715476970093866,0.715476970093866,0,,4.911843425643189,0.9380877013313472,
