fold,case,scanner,y,p_max,p_sum,cc_psz
0,100002_00001,Toshiba,1,0.9914886951446533,63057.33203125,2.039033854721062
0,100004_00001,Siemens,0,0.9923785924911499,10916.65625,1.6937207411842239
0,100005_00001,Toshiba,1,0.992864727973938,17628.08984375,1.7318444765289216
0,100006_00001,Philips,0,0.9931361675262451,5060.94482421875,1.6295210572575387
0,100019_00001,Siemens,0,0.9914058446884155,8533.1669921875,1.711001860808933
0,100026_00001,Toshiba,0,0.9820654988288879,1251.171630859375,1.511626284724874
0,100030_00001,Toshiba,1,0.9864417314529419,119788.34375,2.092880409501759
0,100044_00001,Toshiba,0,0.9900828003883362,8376.884765625,1.671565400666785
0,100047_00001,Philips,0,0.9786106944084167,33607.30078125,1.929537162012008
0,100047_00002,Siemens,0,0.9906960725784302,14256.7900390625,1.6234516949888176
0,100047_00003,Toshiba,0,0.9890764951705933,1668.7135009765625,1.5169314723940146
0,100047_00004,Siemens,0,0.9937222599983215,16322.46875,1.8038927826466946
0,100047_00005,Toshiba,0,0.9923341274261475,13275.18359375,1.7671451490565737
0,100051_00001,Siemens,0,0.9915215969085693,4695.525390625,1.6038657876198577
0,100052_00001,Siemens,0,0.9923638105392456,4958.2431640625,1.7281147017285532
0,100059_00001,Toshiba,0,0.9930693507194519,6339.09033203125,1.5853376701577906
0,100060_00001,Toshiba,1,0.9907498955726624,56976.11328125,1.9593807984081555
0,100066_00001,Toshiba,0,0.9903849363327026,24627.505859375,1.8479401927135268
0,100068_00001,Siemens,0,0.9926256537437439,20861.939453125,1.8382805668791513
0,100076_00001,Siemens,0,0.9920772910118103,29998.8125,1.784415188148082
0,100077_00001,Toshiba,0,0.9929336309432983,24382.0390625,1.6823579374008353
0,100081_00001,Siemens,0,0.9939143061637878,28841.98828125,1.8779887520721144
0,100090_00001,Siemens,0,0.9769127368927002,1036.27734375,1.479948783601391
0,100092_00001,Siemens,0,0.9936116337776184,18990.46875,1.7745074309717033
0,100104_00001,Toshiba,0,0.9921992421150208,35858.7578125,1.8767602006112327
0,100107_00001,Siemens,1,0.9936733245849609,32215.27734375,1.8877043835618892
0,100109_00001,Toshiba,0,0.9925537705421448,68272.5859375,1.982212089857875
0,100117_00001,Siemens,0,0.9919379353523254,9325.3115234375,1.7346986536906377
0,100125_00001,Philips,0,0.9876400828361511,4795.0244140625,1.6499847983728935
0,100139_00001,Siemens,0,0.9836598634719849,8580.318359375,1.6749479875992985
0,100141_00001,Toshiba,0,0.9935243129730225,13084.529296875,1.7006300060268027
0,100151_00001,Siemens,0,0.9887771010398865,9456.982421875,1.6373274919980685
0,100154_00001,Toshiba,0,0.9890975952148438,25780.703125,1.7880193701362301
0,100156_00001,Siemens,0,0.9896718263626099,24694.23828125,1.7958536181575875
0,100161_00001,Philips,1,0.9925103187561035,13404.12109375,1.7476606812986681
0,100171_00001,Siemens,0,0.9910320043563843,8098.59375,1.6713605827459308
0,100172_00001,Toshiba,0,0.9900057911872864,36807.44140625,1.9092772926250021
0,100181_00001,Toshiba,0,0.9890553951263428,10796.572265625,1.7005102424988923
0,100207_00001,Toshiba,0,0.9892855286598206,2422.009765625,1.5802694924325995
0,100211_00001,Siemens,0,0.9908213019371033,4036.77685546875,1.6133011518753568
0,100217_00001,Siemens,1,0.9913892149925232,19242.73828125,1.7614175967172216
0,100218_00001,Toshiba,0,0.9881765246391296,6186.02392578125,1.6306622719097867
0,100219_00001,Philips,1,0.9898303151130676,4431.1689453125,1.665846030166994
0,100222_00001,Siemens,0,0.9923341274261475,59680.6875,1.8446977408452536
0,100227_00001,Philips,0,0.9894702434539795,20872.8515625,1.761669148986737
0,100233_00001,Toshiba,0,0.9875922799110413,9107.6484375,1.7363431920124506
0,100241_00001,Toshiba,0,0.9886024594306946,14450.5283203125,1.7926318419247473
0,100242_00001,Other,0,0.9893680214881897,4992.97998046875,1.5912886524560217
0,100243_00001,Siemens,1,0.9901971817016602,6287.935546875,1.6806222645557876
0,100246_00001,Philips,1,0.9922444224357605,4244.33056640625,1.5070497682007267
0,100266_00001,Siemens,1,0.9917961359024048,12588.8154296875,1.8110647726376756
0,100284_00001,Toshiba,0,0.9872281551361084,26843.30078125,1.9374686179175389
0,100287_00001,Siemens,0,0.9923043847084045,8961.23828125,1.6106262460500165
0,100288_00001,Siemens,0,0.9912378191947937,46791.8671875,1.9058602133046572
0,100293_00001,Siemens,0,0.9901401400566101,2885.79248046875,1.6391306050091314
0,100295_00001,Siemens,1,0.9898695349693298,22536.623046875,1.8268728569070263
0,100296_00001,Philips,1,0.9916033148765564,28264.37890625,1.9393929789618354
0,100298_00001,Toshiba,0,0.9825239777565002,44769.81640625,2.0102131245752317
0,100313_00001,Siemens,0,0.982724130153656,8845.375,1.66135207137709
0,100314_00001,Siemens,0,0.9901019334793091,5817.7451171875,1.6681967068931935
0,100324_00001,Philips,1,0.9892648458480835,18114.703125,1.7440245498083755
0,100334_00001,Toshiba,0,0.992408037185669,7245.5947265625,1.6468088862082007
0,100335_00001,Siemens,1,0.9908213019371033,33948.29296875,1.9628770184398354
0,100337_00001,Siemens,0,0.9910838603973389,7177.1884765625,1.7003692663452603
0,100341_00001,Toshiba,0,0.9884250164031982,20775.85546875,1.8284667570830828
0,100343_00001,Siemens,0,0.9848109483718872,4647.06787109375,1.622924897826674
0,100345_00001,Philips,1,0.9828232526779175,28325.9140625,1.8441029563382723
0,100351_00001,Toshiba,1,0.988863468170166,11484.3125,1.6579127427772977
0,100355_00001,Siemens,1,0.9888849258422852,10949.8125,1.6941381208531188
0,100367_00001,Siemens,0,0.9884026646614075,21485.705078125,1.8739333639471594
0,100371_00001,Toshiba,0,0.9908919930458069,5729.72119140625,1.7391700597615747
0,100375_00001,Toshiba,0,0.9904959201812744,5447.640625,1.698297854464114
0,100382_00001,Siemens,0,0.9913725852966309,38001.53515625,1.8148884759975448
0,100385_00001,Philips,1,0.9868533611297607,75123.625,1.98662958562522
0,100386_00001,Other,1,0.9915544390678406,16996.984375,1.8040553082043709
0,100391_00001,Siemens,0,0.9929746389389038,25643.703125,1.800426208959641
0,100392_00001,Toshiba,0,0.986954391002655,2837.76123046875,1.58094569043577
0,100394_00001,Siemens,1,0.9921992421150208,20053.552734375,1.8307824152419983
0,100395_00001,Siemens,0,0.9921385645866394,14512.87109375,1.7027070219100053
0,100406_00001,Siemens,0,0.9931760430335999,19548.05078125,1.749049434921897
0,100410_00001,Siemens,0,0.9933071732521057,13981.78515625,1.7934885117096022
0,100413_00001,Siemens,1,0.9885140061378479,58711.21875,1.8982320429403254
0,100415_00001,Siemens,0,0.9929472208023071,18350.361328125,1.7978036677475875
0,100422_00001,Other,0,0.9912208914756775,27172.68359375,1.9225392537930952
0,100425_00001,Siemens,0,0.9898107051849365,41648.2890625,1.9159077181341948
0,100426_00001,Philips,1,0.9915380477905273,22038.056640625,1.852887457262298
0,100431_00001,Philips,1,0.9907498955726624,7432.5439453125,1.6656189164627435
0,100432_00001,Toshiba,0,0.9881537556648254,85648.09375,2.0312643780257287
0,100446_00001,Toshiba,0,0.9669764637947083,1845.42578125,1.3942380404892285
0,100447_00001,Siemens,0,0.9894295334815979,11651.005859375,1.7240631596432576
0,100451_00001,Siemens,0,0.9890764951705933,3751.9619140625,1.6444761979813693
0,100457_00001,Toshiba,0,0.9917163252830505,12471.1640625,1.808030739239211
0,100460_00001,Toshiba,0,0.9835653901100159,7096.7607421875,1.7218278944798024
0,100474_00001,Philips,1,0.9923785924911499,70502.1875,1.9570057985081484
0,100477_00001,Philips,1,0.988469660282135,13298.474609375,1.836154206095878
0,100484_00001,Toshiba,0,0.9898695349693298,3463.856201171875,1.6645733821461355
0,100486_00001,Toshiba,0,0.9927250146865845,5195.4501953125,1.734901657334461
0,100505_00001,Siemens,0,0.9917323589324951,4432.396484375,1.6049698943353554
0,100521_00001,Siemens,0,0.9844862222671509,18837.15234375,1.8528300103472248
0,100530_00001,Philips,1,0.991186797618866,28535.052734375,1.8704676185268068
0,100531_00001,Siemens,0,0.9928923845291138,37046.15625,1.883775671482907
0,100536_00001,Siemens,0,0.9870545864105225,5046.65673828125,1.688306788703484
0,100541_00001,Philips,0,0.9867004752159119,39337.9921875,1.9798049344387654
0,100556_00001,Toshiba,0,0.9888418912887573,2209.007568359375,1.5123536691623418
0,100557_00001,Philips,1,0.9933717250823975,13223.955078125,1.7316540790730544
0,100570_00001,Toshiba,0,0.9932418465614319,8624.478515625,1.730069743338841
0,100572_00001,Siemens,0,0.9857729077339172,11179.046875,1.717051810349618
0,100573_00001,Siemens,0,0.9926256537437439,14465.20703125,1.742170481296782
0,100576_00001,Toshiba,1,0.9932942390441895,7486.4267578125,1.6221182722336387
0,100583_00001,Philips,1,0.9883127808570862,5171.01171875,1.6791722085802732
0,100585_00001,Siemens,0,0.9929609894752502,21511.45703125,1.7981999973760918
0,100591_00001,Siemens,0,0.990678071975708,10758.1298828125,1.6898065271391933
0,100592_00001,Toshiba,0,0.9909622073173523,11656.998046875,1.7350823984191128
0,100593_00001,Siemens,0,0.9940312504768372,26578.3359375,1.7350289657259808
0,100595_00001,Toshiba,0,0.9876400828361511,22238.833984375,1.8097450859512305
0,100610_00001,Toshiba,0,0.9836912155151367,22133.759765625,1.8272574355835185
0,100611_00001,Siemens,1,0.9916033148765564,22217.1484375,1.9015314139366244
0,100612_00001,Siemens,0,0.9935494065284729,28998.94921875,1.7408224525144822
0,100614_00001,Toshiba,0,0.9909622073173523,13502.8505859375,1.751349809793945
0,100617_00001,Philips,1,0.9900057911872864,18154.298828125,1.7709447316096827
0,100622_00001,Siemens,0,0.9853842854499817,5202.55224609375,1.6615547054663657
0,100624_00001,Siemens,0,0.9858003854751587,24817.78515625,1.9292673458659795
0,100628_00001,Siemens,0,0.9893474578857422,10340.4951171875,1.671093311753234
0,100635_00001,Toshiba,0,0.9891605973243713,5955.83056640625,1.6197506085209952
0,100648_00001,Siemens,0,0.9909447431564331,7159.0625,1.6383960189192237
0,100656_00001,Toshiba,0,0.9892441034317017,4212.7978515625,1.6263255496897366
0,100657_00001,Siemens,0,0.9723097085952759,2876.219970703125,1.5400785278828224
0,100668_00001,Siemens,1,0.992046594619751,45268.8359375,1.9366942379912062
0,100675_00001,Siemens,0,0.988447368144989,23192.13671875,1.8738519992793794
0,100677_00001,Siemens,0,0.986929178237915,11423.115234375,1.6913749194623289
0,100680_00001,Toshiba,0,0.9898303151130676,4182.08203125,1.6039036247761478
0,100689_00001,Siemens,0,0.9934357404708862,71877.96875,1.966820760635839
0,100691_00001,Toshiba,1,0.9896118640899658,3683.373291015625,1.4860116948358018
0,100697_00001,Siemens,0,0.9865199327468872,9045.0634765625,1.7202311178800658
0,100710_00001,Toshiba,0,0.9924666285514832,5859.1767578125,1.6992934203052774
0,100711_00001,Toshiba,1,0.9929609894752502,63884.375,2.0434452505631016
0,100715_00001,Philips,1,0.9912208914756775,46382.66015625,1.9621737910131056
0,100718_00001,Siemens,0,0.9928508996963501,12587.193359375,1.7042638510058155
0,100720_00001,Siemens,0,0.9919223785400391,33484.46875,1.8645842756551174
0,100721_00001,Siemens,0,0.9887337684631348,10918.41796875,1.6979454788191597
0,100730_00001,Philips,0,0.9917803406715393,73084.5234375,2.012367345209963
0,100733_00001,Philips,1,0.9894702434539795,3286.565673828125,1.4897325203746925
0,100739_00001,Siemens,0,0.9927672147750854,19863.41015625,1.867091093064615
0,100740_00001,Other,1,0.990532636642456,5902.22412109375,1.737683612706074
0,100744_00001,Siemens,0,0.9906237721443176,15176.552734375,1.781396957964096
0,100759_00001,Siemens,0,0.9918910264968872,20028.755859375,1.798542912841951
0,100766_00001,Toshiba,0,0.983502209186554,36861.90234375,1.8519664269915865
0,100770_00001,Siemens,0,0.9919535517692566,39472.9296875,1.7944624572486838
0,100772_00001,Siemens,0,0.9921385645866394,18702.7890625,1.86864255353633
0,100775_00001,Siemens,1,0.9930961728096008,14084.8671875,1.797993345573101
0,100781_00001,Toshiba,0,0.9855243563652039,12808.162109375,1.7309658001932788
0,100798_00001,Siemens,0,0.9900636076927185,21195.6328125,1.755295358307292
0,100799_00001,Siemens,1,0.9908744096755981,7278.025390625,1.78762179345724
0,100803_00001,Toshiba,1,0.9903663396835327,46091.98828125,2.0027480583327244
0,100805_00001,Toshiba,0,0.9910320043563843,16823.791015625,1.756426057502115
0,100817_00001,Toshiba,0,0.9878294467926025,4944.310546875,1.7100945511648233
0,100824_00001,Siemens,1,0.9876639246940613,11676.998046875,1.7968104337506203
0,100834_00001,Toshiba,0,0.9843964576721191,2462.52978515625,1.5915344182930913
0,100838_00001,Toshiba,0,0.9926826357841492,6767.4765625,1.6747390471099268
0,100841_00001,Philips,0,0.9909096360206604,22343.22265625,1.7784828782237223
0,100844_00001,Siemens,0,0.9929609894752502,9291.4921875,1.7038427413719233
0,100846_00001,Toshiba,0,0.987375020980835,14777.80859375,1.8254056551839175
0,100851_00001,Siemens,0,0.9843664169311523,5873.267578125,1.5797193671017677
0,100861_00001,Toshiba,0,0.9925682544708252,26345.5390625,1.8638232423130718
0,100870_00001,Toshiba,0,0.9922594428062439,15475.87890625,1.7185534158695246
0,100881_00001,Toshiba,0,0.9896317720413208,55169.69921875,1.9876250654917489
0,100882_00001,Toshiba,1,0.991355836391449,11158.3212890625,1.794153659436359
0,100894_00001,Siemens,0,0.9915380477905273,23390.576171875,1.8335111559144461
0,100895_00001,Siemens,0,0.9941118359565735,21032.208984375,1.7459240783008447
0,100902_00001,Siemens,0,0.9556928277015686,1900.5748291015625,1.41335701082572
0,100903_00001,Siemens,1,0.9881993532180786,9808.7314453125,1.6240428182397477
0,100904_00001,Siemens,1,0.9928091764450073,3465.421630859375,1.677248492004611
0,100906_00001,Siemens,0,0.9876639246940613,8686.6669921875,1.7381431030846883
0,100910_00001,Toshiba,0,0.9915707111358643,14701.865234375,1.8226645294838637
0,100926_00001,Philips,1,0.9877586960792542,13130.1025390625,1.8404224370315125
0,100938_00001,Toshiba,0,0.9884250164031982,46537.89453125,1.9177761314954702
0,100940_00001,Siemens,0,0.990767776966095,19150.4921875,1.825573609339451
0,100947_00001,Siemens,0,0.9912378191947937,14339.8046875,1.756893795451497
0,100963_00001,Siemens,0,0.9826576113700867,4336.33935546875,1.5310329106332095
0,100965_00001,Siemens,1,0.9909096360206604,6670.38818359375,1.768182368885437
0,100969_00001,Philips,0,0.9912716746330261,82795.59375,2.05503161266821
0,100973_00001,Siemens,0,0.9926113486289978,24417.58203125,1.8662444833223482
0,100982_00001,Siemens,0,0.9914721846580505,10234.9306640625,1.7040921932892292
0,100998_00001,Siemens,0,0.9832789301872253,2302.9873046875,1.540505073177925
0,101008_00001,Siemens,0,0.9912378191947937,5931.2275390625,1.6976395308005552
0,101009_00001,Toshiba,0,0.9914886951446533,6859.021484375,1.735021834896421
0,101012_00001,Toshiba,0,0.9919691681861877,8312.70703125,1.6986941990553879
0,101017_00001,Siemens,0,0.9918437600135803,9205.9052734375,1.7550121286007347
0,101020_00001,Siemens,0,0.9906960725784302,3237.704345703125,1.5525362204535527
0,101025_00001,Siemens,0,0.9918279647827148,11261.341796875,1.7530960545565526
0,101030_00001,Siemens,0,0.9912208914756775,17237.783203125,1.8175116671260925
0,101032_00001,Siemens,0,0.9937466382980347,7844.64599609375,1.7052044816140741
0,101038_00001,Philips,1,0.9902538657188416,5080.392578125,1.7200233481129283
0,101042_00001,Toshiba,0,0.9921689629554749,23206.2890625,1.6978452715508177
0,101045_00001,Other,1,0.990532636642456,67831.484375,1.998753641339233
0,101052_00001,Philips,0,0.9838160872459412,6374.8125,1.682311706549302
0,101060_00001,Siemens,0,0.9910666346549988,8004.7080078125,1.666144558504687
0,101068_00001,Siemens,1,0.9852713346481323,21741.923828125,1.884551592003827
0,101069_00001,Toshiba,0,0.9912378191947937,11123.140625,1.8251750649992107
0,101071_00001,Siemens,0,0.9889278411865234,15651.9072265625,1.7665587393137259
0,101074_00001,Siemens,0,0.9929881691932678,24435.91796875,1.7317471438658507
0,101079_00001,Siemens,0,0.9831499457359314,10031.611328125,1.7063518023037179
0,101081_00001,Siemens,0,0.9908389449119568,25729.203125,1.8499686470436247
0,101083_00001,Philips,1,0.9877822995185852,8697.41796875,1.7221579931107247
0,101089_00001,Toshiba,0,0.9912208914756775,3277.0732421875,1.596379912302347
0,101092_00001,Philips,1,0.9902161359786987,19732.18359375,1.8902197383795853
0,101097_00001,Philips,1,0.9910492897033691,38372.8828125,1.8778476431128879
0,101101_00001,Toshiba,1,0.992061972618103,57812.08203125,1.871745687378045
0,101102_00001,Toshiba,1,0.9884250164031982,17609.857421875,1.8740816558579785
0,101106_00001,Toshiba,1,0.9932680726051331,19551.41015625,1.799451680115894
0,101110_00001,Toshiba,0,0.9901782274246216,18122.86328125,1.8353116358764068
0,101137_00001,Toshiba,1,0.9911354780197144,15779.828125,1.8494684456737487
0,101146_00001,Toshiba,0,0.9926542043685913,12552.5419921875,1.7603898536976936
0,101149_00001,Siemens,1,0.9926683902740479,29325.484375,1.8024808635606284
0,101155_00001,Siemens,0,0.9673795104026794,3307.311767578125,1.5109308462666422
0,101157_00001,Toshiba,0,0.990767776966095,6140.05615234375,1.6374762795941353
0,101159_00001,Other,1,0.9928508996963501,22935.7109375,1.7771502722901327
0,101166_00001,Toshiba,0,0.9885140061378479,6195.3994140625,1.641166532352379
0,101177_00001,Toshiba,0,0.9899476170539856,5023.43505859375,1.6016307591611092
0,101178_00001,Philips,1,0.9894090890884399,6717.138671875,1.7512043994773503
0,101194_00001,Siemens,0,0.9908389449119568,33346.2421875,1.9464258363735925
0,101203_00001,Toshiba,1,0.9893474578857422,16115.42578125,1.800235745079753
0,101204_00001,Siemens,0,0.9901971817016602,11543.0341796875,1.8269991898416817
0,101212_00001,Siemens,0,0.9903290271759033,9309.330078125,1.7289709042714911
0,101214_00001,Siemens,0,0.9917484521865845,4178.6298828125,1.6601717583103786
0,101217_00001,Siemens,1,0.9907855987548828,5373.6904296875,1.616636474056414
0,101228_00001,Siemens,0,0.9799574017524719,7230.90771484375,1.598784784142055
0,101237_00001,Toshiba,0,0.9877586960792542,8300.1435546875,1.6937433398994202
0,101245_00001,Siemens,0,0.9909971952438354,20356.03515625,1.71724056101443
0,101248_00001,Toshiba,0,0.9604353904724121,5091.640625,1.5905059429437898
0,101261_00001,Toshiba,1,0.9933846592903137,13492.27734375,1.830378160345488
0,101263_00001,Toshiba,0,0.9909272193908691,1134.7388916015625,1.5167432502152465
0,101277_00001,Toshiba,0,0.9523531198501587,1918.2945556640625,1.5405624425599933
0,101279_00001,Philips,0,0.988244891166687,18674.541015625,1.873108232325626
0,101283_00001,Toshiba,0,0.9919847846031189,16084.0390625,1.7538730425972917
0,101290_00001,Siemens,1,0.9873993396759033,16178.69921875,1.8742829292242225
0,101299_00001,Toshiba,0,0.9881079792976379,2307.811279296875,1.5231059008692025
0,101300_00001,Siemens,0,0.9925537705421448,14728.3115234375,1.7265227303911428
0,101301_00001,Siemens,0,0.9904035329818726,4518.59716796875,1.5887910808124184
0,101302_00001,Toshiba,0,0.9931361675262451,6553.15869140625,1.747117672868709
0,101306_00001,Philips,1,0.9882676005363464,38367.06640625,1.9309988848321058
0,101312_00001,Siemens,0,0.9900636076927185,8399.044921875,1.751882315437347
0,101313_00001,Philips,1,0.9885361194610596,5470.6044921875,1.5599464702115804
0,101314_00001,Philips,1,0.9918437600135803,48690.10546875,2.0011295876807025
0,101317_00001,Siemens,0,0.9921537041664124,12023.701171875,1.6845812519149905
0,101322_00001,Philips,1,0.9889705181121826,21361.3046875,1.78122317612046
0,101325_00001,Siemens,0,0.9857729077339172,7415.30419921875,1.568354086669431
0,101353_00001,Other,0,0.9742394685745239,21821.1484375,1.825166597017311
0,101354_00001,Siemens,0,0.9880388379096985,7219.73046875,1.597548399034154
0,101357_00001,Siemens,0,0.9910492897033691,43304.921875,1.798893060716166
0,101359_00001,Toshiba,0,0.9823893308639526,5708.8017578125,1.5799796986985197
0,101364_00001,Siemens,0,0.9920772910118103,17934.12890625,1.796112059364493
0,101368_00001,Toshiba,0,0.9888418912887573,23381.97265625,1.8036405640544666
0,101373_00001,Toshiba,0,0.9926967024803162,4666.43408203125,1.6330494128858404
0,101377_00001,Siemens,1,0.9928508996963501,18403.81640625,1.791095401402871
0,101383_00001,Toshiba,0,0.9919223785400391,15655.37109375,1.8175863525777722
0,101401_00001,Other,0,0.967777669429779,10878.138671875,1.6056130151208774
0,101410_00001,Philips,1,0.9911354780197144,14400.859375,1.8616270567898603
0,101416_00001,Siemens,0,0.9937587976455688,17144.109375,1.7445251457097535
0,101424_00001,Siemens,0,0.9909971952438354,11478.134765625,1.7001736652605217
0,101428_00001,Siemens,0,0.9891815781593323,10384.4892578125,1.6859010612485998
0,101430_00001,Siemens,0,0.9933589100837708,9375.23828125,1.755887255652901
0,101436_00001,Philips,1,0.9835969805717468,4863.916015625,1.634027840312979
0,101456_00001,Siemens,1,0.9898695349693298,60036.734375,1.962134047697674
0,101458_00001,Toshiba,0,0.9829874038696289,27666.068359375,1.9241356611953064
0,101459_00001,Toshiba,0,0.9937708973884583,8870.0595703125,1.7401440380399231
0,101472_00001,Toshiba,1,0.9923043847084045,106852.1171875,2.040614186367836
0,101475_00001,Philips,1,0.9901211261749268,27523.0390625,1.8589929570996848
0,101476_00001,Siemens,0,0.9922143816947937,8308.580078125,1.6789626554844312
0,101479_00001,Siemens,0,0.9935368895530701,16707.888671875,1.7462289851133426
0,101480_00001,Toshiba,1,0.9860442876815796,81355.59375,1.9393150525588672
0,101484_00001,Siemens,0,0.9923341274261475,13115.041015625,1.646577708902047
0,101489_00001,Siemens,0,0.9901592135429382,13470.033203125,1.648542518105565
0,101491_00001,Toshiba,0,0.9645559191703796,3874.5478515625,1.5651696205359358
0,101492_00001,Siemens,0,0.9922444224357605,19372.9765625,1.814223262206578
0,101494_00001,Toshiba,0,0.9924813508987427,13046.8974609375,1.7768883119302907
0,101498_00001,Siemens,0,0.9924374222755432,8508.505859375,1.709326595255576
0,101500_00001,Siemens,0,0.9891605973243713,22648.064453125,1.8846235090685584
0,101505_00001,Philips,1,0.9875683188438416,17726.62109375,1.8670388403316363
0,101508_00001,Siemens,1,0.9917323589324951,26717.125,1.9111857459040347
0,101511_00001,Toshiba,0,0.9887987971305847,6235.388671875,1.6722548395216008
0,101518_00001,Siemens,0,0.9909096360206604,17695.056640625,1.7952845439437044
0,101528_00001,Toshiba,0,0.987129271030426,12901.7060546875,1.7580598470151858
0,101537_00001,Toshiba,1,0.9928091764450073,21379.52734375,1.7401748079494186
0,101541_00001,Philips,1,0.9909272193908691,11346.24609375,1.8007422737380645
0,101546_00001,Siemens,0,0.9926398992538452,31274.12109375,1.9052065722713114
0,101548_00001,Siemens,1,0.9920312166213989,29932.990234375,1.848187111042848
0,101552_00001,Siemens,0,0.9921385645866394,11656.6884765625,1.7499247882727527
0,101554_00001,Siemens,0,0.9934738278388977,6364.234375,1.7072509823415272
0,101560_00001,Philips,1,0.9901782274246216,8687.47265625,1.7584235002135424
0,101572_00001,Toshiba,0,0.9882221817970276,18586.0234375,1.830667429617745
0,101579_00001,Toshiba,0,0.9740672707557678,7773.6650390625,1.6583871813883244
0,101582_00001,Philips,1,0.986415684223175,62393.4296875,2.0240097648659185
0,101587_00001,Siemens,0,0.9930152893066406,27227.46875,1.8234002951465562
0,101588_00001,Toshiba,0,0.9909447431564331,3970.898681640625,1.6306136451700883
0,101598_00001,Philips,1,0.9943031072616577,32471.30078125,1.8662458796832362
0,101615_00001,Philips,1,0.9914058446884155,16943.123046875,1.8789045994176754
0,101619_00001,Toshiba,0,0.9854124188423157,11061.74609375,1.6963137671470214
0,101623_00001,Siemens,0,0.9927250146865845,15004.767578125,1.721966329753651
0,101625_00001,Philips,1,0.9846936464309692,4429.31005859375,1.719962176383022
0,101636_00001,Siemens,1,0.9875444173812866,98496.3828125,2.1190233408217116
0,101639_00001,Toshiba,1,0.9921689629554749,26727.046875,1.8151497263764607
0,101647_00001,Siemens,0,0.9912039041519165,16047.0234375,1.7395919554292285
0,101658_00001,Toshiba,1,0.9891186952590942,91122.421875,2.083745375998835
0,101670_00001,Siemens,0,0.988244891166687,29694.1484375,1.9536814905213782
0,101682_00001,Siemens,0,0.9801673293113708,1854.49072265625,1.544175421947094
0,101684_00001,Siemens,0,0.9915215969085693,13389.2568359375,1.70960674900578
0,101685_00001,Siemens,0,0.9810219407081604,6022.43505859375,1.6538082275791786
0,101686_00001,Toshiba,0,0.9886900782585144,7754.9423828125,1.6378600539885064
0,101711_00001,Siemens,0,0.9880158305168152,14211.6806640625,1.7730320652797324
0,101712_00001,Toshiba,0,0.9872527718544006,20119.708984375,1.7356789649796363
0,101725_00001,Siemens,0,0.9881309270858765,11471.8291015625,1.6197704089427905
0,101734_00001,Siemens,0,0.9914721846580505,7093.6513671875,1.6604523929216775
0,101742_00001,Toshiba,0,0.9808025360107422,3508.640625,1.5622702554149466
0,101743_00001,Toshiba,0,0.9865458011627197,12504.798828125,1.8063078817961247
0,101767_00001,Philips,1,0.9931628704071045,40293.8125,1.8684440728055254
0,101774_00001,Toshiba,0,0.9886024594306946,35000.55859375,1.9072616004585716
0,101777_00001,Siemens,0,0.9913892149925232,7379.1357421875,1.6500235448214595
0,101780_00001,Toshiba,0,0.9888849258422852,3047.80078125,1.5624734563019065
0,101795_00001,Philips,1,0.9922893643379211,10392.486328125,1.7428726747545473
0,101797_00001,Toshiba,0,0.9905691146850586,91651.640625,2.013648899330605
0,101800_00001,Siemens,1,0.9919691681861877,6072.6611328125,1.722944601287947
0,101801_00001,Other,1,0.9926826357841492,22413.6796875,1.9320200306107294
0,101802_00001,Siemens,0,0.9903290271759033,24221.55859375,1.8625677557895015
0,101811_00001,Philips,0,0.9863104820251465,21425.775390625,1.8634892704470492
0,101813_00001,Toshiba,1,0.9879695177078247,64448.6875,1.9478654919498262
0,101818_00001,Siemens,0,0.9800149202346802,6126.14892578125,1.5961669224442874
0,101819_00001,Siemens,1,0.9895715713500977,14755.5322265625,1.8606344665603078
0,101823_00001,Siemens,0,0.9919847846031189,9360.470703125,1.7341670173776695
0,101828_00001,Siemens,0,0.9688856601715088,1959.5426025390625,1.3665206637454104
0,101841_00001,Siemens,1,0.9912885427474976,81847.1015625,2.0233737848663043
0,101849_00001,Toshiba,0,0.9807841777801514,4753.83837890625,1.5848271545960877
0,101853_00001,Siemens,0,0.9921689629554749,1843.2965087890625,1.5126282690423538
0,101857_00001,Toshiba,1,0.9862841367721558,44666.1484375,1.9380933918622754
0,101860_00001,Siemens,0,0.9919535517692566,32979.96875,1.880125991548156
0,101862_00001,Philips,0,0.9859092831611633,8150.95068359375,1.6191431546916424
0,101864_00001,Toshiba,0,0.988558292388916,13839.75390625,1.7756354803719083
0,101875_00001,Toshiba,0,0.9891605973243713,5754.212890625,1.7567225492802205
0,101893_00001,Toshiba,0,0.9785493016242981,6253.26708984375,1.6025350921911128
0,101894_00001,Philips,0,0.9426653385162354,2988.39990234375,1.442709812498085
0,101895_00001,Philips,1,0.9921841025352478,11944.318359375,1.704493115042035
0,101910_00001,Philips,0,0.9903849363327026,5142.7197265625,1.691897598238316
0,101916_00001,Siemens,0,0.9902915358543396,23541.80859375,1.9245288497190933
0,101918_00001,Philips,1,0.9852713346481323,21409.73828125,1.813687931522847
0,101920_00001,Siemens,0,0.9922444224357605,28990.109375,1.818503788726934
0,101926_00001,Toshiba,0,0.994168758392334,17136.14453125,1.8616128079645855
0,101934_00001,Siemens,0,0.9201462268829346,4147.02197265625,1.3697805366308078
0,101937_00001,Toshiba,0,0.9862046241760254,7044.4609375,1.6751198328004921
0,101952_00001,Siemens,1,0.9925682544708252,19887.015625,1.737038925625927
0,101972_00001,Other,1,0.978425920009613,21577.73046875,1.7794393745194097
0,101974_00001,Toshiba,0,0.9898892045021057,10554.578125,1.7668181067165263
0,101982_00001,Siemens,0,0.9782395958900452,12093.10546875,1.729838955668504
0,101986_00001,Siemens,0,0.9933330416679382,12695.689453125,1.7711529883175259
0,101994_00001,Siemens,1,0.9846936464309692,54912.71875,1.9557549909301384
0,101995_00001,Toshiba,1,0.988949179649353,5369.123046875,1.6711761913850933
0,102003_00001,Other,1,0.9927532076835632,14144.47265625,1.759074961729597
0,102007_00001,Toshiba,0,0.9887554049491882,9203.45703125,1.6573676320483917
0,102011_00001,Siemens,0,0.9868533611297607,25466.1796875,1.799477391812033
0,102014_00001,Siemens,0,0.9791755676269531,2201.64990234375,1.582238098251979
0,102021_00001,Siemens,0,0.9822195768356323,4951.509765625,1.6362178823488036
0,102025_00001,Siemens,0,0.4355413615703583,755.7437133789062,0.4355413615703583
0,102029_00001,Philips,1,0.992046594619751,22822.064453125,1.8463616833456107
0,102030_00001,Siemens,0,0.9921385645866394,19717.001953125,1.8155431722053177
0,102032_00001,Siemens,0,0.9933717250823975,48941.77734375,1.8790748497570573
0,102038_00001,Toshiba,0,0.9912378191947937,7587.5615234375,1.7543741914096416
0,102039_00001,Toshiba,1,0.9916681051254272,22041.7890625,1.88938339062633
0,102040_00001,Philips,1,0.9922294020652771,23188.771484375,1.8700895219676357
0,102051_00001,Philips,1,0.9794918298721313,38049.05859375,1.8641419820218306
0,102053_00001,Siemens,1,0.9915215969085693,19242.158203125,1.8342520740056096
0,102059_00001,Siemens,0,0.9857181310653687,8777.1015625,1.6641990837774083
0,102063_00001,Philips,1,0.9894702434539795,90087.0078125,2.0716600742066063
0,102069_00001,Toshiba,0,0.9899476170539856,7928.3837890625,1.677727886873218
0,102088_00001,Siemens,0,0.9878528118133545,21170.765625,1.8754273899209863
0,102091_00001,Philips,1,0.9911354780197144,8470.0146484375,1.7029264023149102
0,102092_00001,Toshiba,0,0.9913390278816223,43302.26953125,1.8593016460232639
0,102111_00001,Philips,1,0.9933589100837708,9143.71875,1.668816420707238
0,102118_00001,Siemens,1,0.9901782274246216,8651.9990234375,1.800455585387627
0,102121_00001,Toshiba,0,0.9896317720413208,20500.802734375,1.7473149226913438
0,102125_00001,Other,0,0.9902727007865906,10694.068359375,1.7819619826374753
0,102130_00001,Siemens,1,0.9894499182701111,19835.470703125,1.875557717257579
0,102133_00001,Toshiba,1,0.9926542043685913,114674.3046875,2.0758345250954973
0,102142_00001,Siemens,0,0.9934865236282349,46518.4765625,1.8770179385943397
0,102149_00001,Philips,1,0.9899476170539856,19315.3671875,1.7449249593812175
0,102152_00001,Siemens,0,0.9915544390678406,13382.947265625,1.7471378288801669
0,102168_00001,Siemens,0,0.9901782274246216,86650.6640625,2.0619950395978943
0,102175_00001,Philips,0,0.9924813508987427,63788.88671875,1.906999092582171
0,102183_00001,Siemens,0,0.9893680214881897,11354.0146484375,1.7315893827548925
0,102192_00001,Siemens,0,0.9861246943473816,5475.09228515625,1.6527139383268281
0,102194_00001,Toshiba,0,0.9896317720413208,3469.18505859375,1.5874647277042806
0,102195_00001,Toshiba,1,0.9905508756637573,17757.88671875,1.8013470649153966
0,102199_00001,Siemens,0,0.9941232800483704,25826.689453125,1.762446642264979
0,102200_00001,Toshiba,0,0.9915215969085693,77040.609375,2.0285661920884697
0,102211_00001,Siemens,0,0.9934230446815491,14059.267578125,1.6724186330703699
1,100001_00001,Siemens,0,0.9821512699127197,661.3082275390625,1.3073741887839323
1,100007_00001,Siemens,0,0.992046594619751,28378.193359375,1.9134613736347759
1,100014_00001,Toshiba,0,0.9921537041664124,2211.81982421875,1.5968728159067591
1,100020_00001,Siemens,0,0.9858003854751587,11929.5556640625,1.7159864347459173
1,100021_00001,Siemens,1,0.9912548065185547,20533.98046875,1.9058349961317231
1,100028_00001,Toshiba,1,0.9904959201812744,11335.69140625,1.8321654374631786
1,100029_00001,Toshiba,0,0.9922744631767273,57665.6875,1.8765061959847247
1,100037_00001,Other,0,0.9931760430335999,19619.4296875,1.8914918245259575
1,100040_00001,Siemens,0,0.9880388379096985,14272.95703125,1.7287305478407369
1,100042_00001,Siemens,0,0.990532636642456,5479.513671875,1.6584141382675184
1,100045_00001,Toshiba,0,0.9868786931037903,3787.504150390625,1.6267248149481892
1,100072_00001,Toshiba,0,0.9902161359786987,19641.71484375,1.792914496324814
1,100079_00001,Toshiba,0,0.9916033148765564,7430.3623046875,1.6464956265878972
1,100091_00001,Toshiba,1,0.9927812218666077,47311.9375,1.919700819836761
1,100094_00001,Siemens,0,0.9921689629554749,9251.453125,1.6579667297676732
1,100095_00001,Toshiba,0,0.9881309270858765,4139.578125,1.5955903766796762
1,100096_00001,Philips,1,0.9931760430335999,23690.703125,1.8859100388804864
1,100098_00001,Toshiba,0,0.9904959201812744,10103.5078125,1.7235389137329156
1,100121_00001,Siemens,0,0.9799956679344177,3758.65625,1.5824432548395002
1,100123_00001,Siemens,0,0.9922893643379211,5888.34375,1.6651055772194603
1,100126_00001,Siemens,1,0.9911527037620544,4038.94287109375,1.6146988438221086
1,100127_00001,Toshiba,1,0.9871044158935547,75537.328125,1.9834510569072286
1,100143_00001,Philips,1,0.9911527037620544,8573.17578125,1.7662847459762578
1,100144_00001,Siemens,1,0.9889063835144043,20732.1640625,1.812896156881111
1,100149_00001,Siemens,0,0.9850141406059265,10312.783203125,1.7927573725341328
1,100158_00001,Toshiba,0,0.9901782274246216,24937.744140625,1.8940977203759342
1,100166_00001,Siemens,1,0.9926113486289978,21270.271484375,1.8392461795936406
1,100168_00001,Philips,1,0.9916681051254272,53970.84375,1.9147895884924213
1,100177_00001,Siemens,0,0.9916841983795166,1537.71875,1.5207647900812213
1,100188_00001,Siemens,0,0.9900057911872864,3812.374755859375,1.5426160604819348
1,100193_00001,Toshiba,0,0.9917643666267395,3373.493408203125,1.6469996380025627
1,100196_00001,Philips,1,0.9879229664802551,3193.83056640625,1.5682302789864817
1,100206_00001,Siemens,0,0.827479898929596,837.0322875976562,1.1969601739297542
1,100232_00001,Toshiba,0,0.9907498955726624,1864.699462890625,1.6200776109779822
1,100235_00001,Toshiba,1,0.9866748452186584,111257.96875,2.14253209197946
1,100239_00001,Siemens,0,0.9873506426811218,1839.360107421875,1.5757704249705389
1,100249_00001,Siemens,0,0.9875444173812866,2506.24755859375,1.5449578212058717
1,100268_00001,Siemens,0,0.9929472208023071,26055.880859375,1.8390869668909962
1,100268_00002,Siemens,0,0.9837850332260132,5146.693359375,1.5995822815126843
1,100270_00001,Siemens,0,0.9840323328971863,9642.70703125,1.748210780212224
1,100277_00001,Siemens,0,0.988558292388916,512.1047973632812,1.4068868010241842
1,100279_00001,Toshiba,0,0.9846346974372864,18534.83984375,1.8677497604465672
1,100281_00001,Toshiba,0,0.9795310497283936,13599.29296875,1.7857570667753406
1,100283_00001,Toshiba,0,0.9909272193908691,28148.8125,1.922467023197644
1,100285_00001,Philips,1,0.9893885254859924,37686.6953125,1.927177941185535
1,100301_00001,Siemens,0,0.9929198622703552,2610.456298828125,1.6181472889746915
1,100305_00001,Siemens,0,0.9906237721443176,14305.8125,1.6887503769499188
1,100308_00001,Siemens,0,0.9908744096755981,5186.6279296875,1.6546329298600786
1,100311_00001,Toshiba,0,0.9925826787948608,1335.6070556640625,1.4684641848205418
1,100315_00001,Siemens,0,0.9648551344871521,923.7982177734375,1.3860678105832
1,100322_00001,Siemens,0,0.9824230670928955,4089.198486328125,1.4066810943882984
1,100323_00001,Philips,1,0.9902538657188416,10318.5849609375,1.728230432449772
1,100326_00001,Siemens,0,0.9896518588066101,8838.837890625,1.7434389054889663
1,100327_00001,Toshiba,0,0.9860711693763733,4642.28662109375,1.7271884214360718
1,100336_00001,Toshiba,0,0.9872773289680481,16486.875,1.7545071650567927
1,100339_00001,Other,1,0.9856905341148376,30239.048828125,1.7965748777924564
1,100340_00001,Philips,0,0.9823046922683716,1998.44287109375,1.5769323402134616
1,100350_00001,Siemens,0,0.9850716590881348,12497.7099609375,1.7765917635471413
1,100353_00001,Siemens,0,0.9921233057975769,16346.08984375,1.7492977056841816
1,100372_00001,Philips,1,0.9904221296310425,92202.03125,2.044988822244659
1,100373_00001,Philips,1,0.9913725852966309,5373.93505859375,1.7045477131967803
1,100376_00001,Siemens,0,0.8696592450141907,1361.97998046875,1.2680532926756862
1,100381_00001,Philips,1,0.9906960725784302,8729.2890625,1.6793907295526405
1,100384_00001,Siemens,0,0.9924813508987427,5706.3974609375,1.7206531004607135
1,100398_00001,Siemens,0,0.9886900782585144,5711.720703125,1.6947492276673704
1,100438_00001,Philips,1,0.9901971817016602,24623.55078125,1.7792535538761336
1,100441_00001,Siemens,0,0.9927250146865845,7330.5712890625,1.7807437455438468
1,100442_00001,Siemens,0,0.9869794845581055,5793.18359375,1.6369379409115539
1,100443_00001,Siemens,0,0.982355535030365,6910.7099609375,1.6136847588487702
1,100456_00001,Toshiba,0,0.984752357006073,1693.05029296875,1.394759196372375
1,100456_00002,Toshiba,0,0.9927812218666077,9125.908203125,1.7269183763434302
1,100465_00001,Siemens,0,0.7173090577125549,962.677001953125,1.0612140259964726
1,100468_00001,Toshiba,0,0.8990327715873718,1457.84521484375,1.397679656991828
1,100482_00001,Siemens,0,0.9858821630477905,635.8387451171875,1.3511292797560237
1,100489_00001,Siemens,0,0.9918753504753113,66293.5390625,2.0152334224710815
1,100490_00001,Toshiba,0,0.9896917939186096,41007.7265625,1.8806532796677902
1,100493_00001,Toshiba,0,0.9921992421150208,20509.361328125,1.7632847254347894
1,100494_00001,Philips,0,0.9861780405044556,9589.96484375,1.727426086679772
1,100496_00001,Toshiba,1,0.9923490285873413,21064.29296875,1.8837371559742224
1,100504_00001,Toshiba,0,0.9930961728096008,10924.56640625,1.8097610819301955
1,100509_00001,Toshiba,0,0.9858821630477905,72552.015625,2.0127568219379994
1,100510_00001,Toshiba,0,0.9823724627494812,1621.3125,1.4753616963034684
1,100513_00001,Siemens,0,0.9892441034317017,14232.79296875,1.8193112500857027
1,100514_00001,Siemens,0,0.9930558800697327,6818.86962890625,1.693720447259786
1,100517_00001,Toshiba,0,0.9863894581794739,1849.629150390625,1.5482799722492653
1,100537_00001,Philips,1,0.9854404330253601,89725.9453125,2.081226219150082
1,100539_00001,Siemens,0,0.9922893643379211,9335.759765625,1.7161282283268744
1,100561_00001,Toshiba,0,0.9901019334793091,4555.70458984375,1.6856017234029268
1,100562_00001,Siemens,0,0.958885669708252,2899.729736328125,1.603628506715656
1,100571_00001,Siemens,0,0.9926542043685913,1607.263916015625,1.5169956560633553
1,100575_00001,Philips,0,0.9872281551361084,8551.5830078125,1.6868201153315405
1,100578_00001,Toshiba,0,0.9595730900764465,4656.150390625,1.6018256803607134
1,100582_00001,Siemens,0,0.9921233057975769,10425.2021484375,1.7100549002141838
1,100596_00001,Siemens,0,0.9625324606895447,4999.5439453125,1.6215112460981609
1,100609_00001,Siemens,0,0.9910145401954651,5987.44140625,1.6617205566076583
1,100616_00001,Toshiba,1,0.9927951693534851,94512.03125,1.9627720606461574
1,100626_00001,Toshiba,0,0.9893680214881897,66041.1796875,1.8769463261697676
1,100627_00001,Toshiba,0,0.987129271030426,6726.00341796875,1.768849817790817
1,100640_00001,Toshiba,0,0.9911182522773743,5216.23583984375,1.5956274873252192
1,100641_00001,Siemens,0,0.9929336309432983,6679.8330078125,1.6738871573838607
1,100642_00001,Philips,1,0.9875444173812866,10014.859375,1.8007915118082745
1,100643_00001,Toshiba,0,0.9929472208023071,50040.62109375,1.873919735208893
1,100645_00001,Philips,1,0.9896518588066101,77180.015625,2.044638800454406
1,100647_00001,Siemens,1,0.9910838603973389,17270.478515625,1.7588544759394498
1,100652_00001,Philips,1,0.9889063835144043,900.223876953125,1.431213787568814
1,100653_00001,Toshiba,0,0.9905874133110046,55147.4375,1.9169259024849987
1,100654_00001,Siemens,0,0.9829874038696289,4235.48095703125,1.6091808061227082
1,100660_00001,Siemens,0,0.9875444173812866,3958.994140625,1.5719191737083502
1,100662_00001,Siemens,0,0.9879229664802551,12619.6494140625,1.722327013266462
1,100663_00001,Toshiba,0,0.9856629967689514,20782.822265625,1.9154078144921658
1,100667_00001,Philips,0,0.9925682544708252,15355.578125,1.7735518401417547
1,100669_00001,Philips,0,0.9870296716690063,12253.1787109375,1.7240027412806938
1,100681_00001,Toshiba,0,0.9904035329818726,2511.72900390625,1.5885257515024642
1,100692_00001,Siemens,0,0.9891815781593323,19283.34375,1.8822858859644305
1,100699_00001,Siemens,0,0.991355836391449,1316.88818359375,1.5130482937290848
1,100703_00001,Siemens,1,0.9884250164031982,12967.49609375,1.775272794829348
1,100704_00001,Siemens,0,0.9931228756904602,16596.1796875,1.7708284114545259
1,100705_00001,Siemens,1,0.9899476170539856,7820.86572265625,1.6776460085412366
1,100714_00001,Philips,1,0.991305410861969,21140.40625,1.8467755039713272
1,100716_00001,Other,0,0.9884026646614075,26756.076171875,1.947017932201624
1,100719_00001,Siemens,0,0.9620718955993652,1426.801025390625,1.3424299796547037
1,100723_00001,Toshiba,0,0.9913390278816223,12430.181640625,1.7470609467740028
1,100726_00001,Philips,0,0.9884918928146362,3361.494140625,1.604385002738654
1,100731_00001,Toshiba,0,0.9895513653755188,86472.1640625,1.8584777685394984
1,100732_00001,Philips,1,0.9902727007865906,13620.2041015625,1.8242301369536051
1,100734_00001,Philips,1,0.9899476170539856,4928.3076171875,1.6082372126283195
1,100735_00001,Siemens,0,0.9856629967689514,46794.640625,2.018032117552542
1,100745_00001,Philips,1,0.9901019334793091,29435.6875,1.8865770719586863
1,100746_00001,Toshiba,0,0.9888203740119934,14778.8515625,1.8585518003709143
1,100747_00001,Toshiba,1,0.9920157194137573,12382.443359375,1.7985937366712865
1,100748_00001,Toshiba,0,0.9885804057121277,5101.40185546875,1.643383946319857
1,100749_00001,Toshiba,0,0.9909622073173523,31602.63671875,1.8432653361657443
1,100760_00001,Toshiba,0,0.9930289387702942,10975.515625,1.7332649117712593
1,100767_00001,Siemens,0,0.9913390278816223,17546.77734375,1.8658590688780505
1,100769_00001,Toshiba,0,0.9913390278816223,12206.650390625,1.7516389659947689
1,100776_00001,Other,1,0.9918121099472046,34453.59375,1.9720794928004095
1,100778_00001,Siemens,0,0.9903290271759033,9326.904296875,1.7431710123215636
1,100780_00001,Philips,1,0.9933974742889404,24154.44140625,1.7847743154660536
1,100785_00001,Siemens,0,0.9858821630477905,1790.07080078125,1.482511742881061
1,100788_00001,Toshiba,0,0.9903663396835327,8605.716796875,1.7558583351628234
1,100794_00001,Siemens,0,0.9836598634719849,20504.490234375,1.8998029842719275
1,100795_00001,Philips,1,0.9925969839096069,17719.5078125,1.7707737906560088
1,100802_00001,Philips,0,0.9914886951446533,2622.8203125,1.5762581073022752
1,100813_00001,Toshiba,0,0.9913390278816223,7982.1865234375,1.7403806811030484
1,100818_00001,Siemens,0,0.9912716746330261,11304.240234375,1.695771790730362
1,100820_00001,Siemens,1,0.9897712469100952,3977.129638671875,1.6484848996961325
1,100821_00001,Siemens,0,0.9878294467926025,4007.08740234375,1.6052227105969448
1,100823_00001,Siemens,0,0.9893680214881897,1830.8817138671875,1.5998882482248866
1,100826_00001,Other,1,0.9759005904197693,6456.0048828125,1.6838150334443966
1,100828_00001,Siemens,0,0.9875922799110413,5300.0087890625,1.6188701819200555
1,100845_00001,Siemens,0,0.9692078232765198,5270.01611328125,1.5868832764978595
1,100847_00001,Other,0,0.9924813508987427,19320.880859375,1.798380759611672
1,100859_00001,Toshiba,0,0.9700703024864197,3266.076171875,1.6337787177327598
1,100862_00001,Siemens,0,0.9897712469100952,8167.6689453125,1.7273745829438958
1,100864_00001,Toshiba,0,0.9907498955726624,3342.3876953125,1.6430060939516486
1,100876_00001,Siemens,1,0.9915870428085327,15623.7353515625,1.7666929367259057
1,100880_00001,Siemens,0,0.9900057911872864,19841.412109375,1.8648494749569524
1,100898_00001,Siemens,0,0.9910838603973389,38052.36328125,1.853470874276121
1,100899_00001,Siemens,0,0.9917323589324951,10296.2578125,1.6764815019546295
1,100907_00001,Siemens,0,0.9910320043563843,13952.654296875,1.805169977851818
1,100912_00001,Siemens,1,0.9881765246391296,17065.90625,1.7231198130645236
1,100914_00001,Philips,0,0.9917484521865845,10601.9296875,1.7872161418699022
1,100918_00001,Siemens,0,0.9933330416679382,8691.23828125,1.657366645724279
1,100923_00001,Siemens,0,0.92637038230896,1679.419189453125,1.3699925713646979
1,100925_00001,Toshiba,0,0.9935117363929749,6833.55908203125,1.7312734309447126
1,100931_00001,Philips,1,0.9871540665626526,2012.7548828125,1.558534445717392
1,100932_00001,Philips,1,0.9894295334815979,35146.87890625,1.9221709629911716
1,100942_00001,Siemens,1,0.9903290271759033,12228.0859375,1.7298591339379914
1,100951_00001,Siemens,0,0.9927672147750854,22922.779296875,1.8080311453046316
1,100958_00001,Philips,1,0.9881993532180786,2898.112548828125,1.6501156623126372
1,100978_00001,Toshiba,1,0.9924666285514832,17996.50390625,1.8754254495402722
1,100979_00001,Toshiba,0,0.9894499182701111,1842.33984375,1.5797827299333396
1,100981_00001,Siemens,1,0.9896718263626099,8867.29296875,1.7184876935785227
1,100985_00001,Siemens,0,0.9896718263626099,22053.875,1.9208096592852708
1,100988_00001,Other,1,0.9909971952438354,31010.0234375,1.9611279184589356
1,100989_00001,Siemens,0,0.9930289387702942,6277.21435546875,1.7287102777843355
1,101005_00001,Siemens,0,0.987375020980835,59161.4140625,1.9488685072092973
1,101007_00001,Toshiba,1,0.9881993532180786,52043.7578125,2.0040936742180993
1,101010_00001,Siemens,0,0.9862577319145203,2225.66015625,1.582491779809301
1,101011_00001,Toshiba,0,0.9885140061378479,2357.31884765625,1.5330346594475892
1,101016_00001,Toshiba,0,0.9889705181121826,13108.9501953125,1.7542868214406815
1,101018_00001,Siemens,0,0.9926683902740479,43712.21484375,1.8480810650424269
1,101019_00001,Philips,1,0.9908567667007446,7754.8447265625,1.6731767882774775
1,101028_00001,Siemens,0,0.9524857997894287,3448.873046875,1.492851242353347
1,101031_00001,Philips,1,0.9893269538879395,66152.6171875,2.0478325893670837
1,101036_00001,Siemens,0,0.9897909760475159,7983.0751953125,1.6989180728954816
1,101037_00001,Siemens,0,0.9934991598129272,8565.1474609375,1.6236204620908345
1,101040_00001,Siemens,0,0.9929336309432983,7095.7900390625,1.7023379386138617
1,101043_00001,Philips,1,0.9926826357841492,7535.9599609375,1.7573777786847653
1,101046_00001,Siemens,1,0.9898499250411987,60810.3984375,2.046909985615003
1,101050_00001,Toshiba,1,0.9903476238250732,70940.8046875,2.045822850069067
1,101051_00001,Toshiba,0,0.9865199327468872,7398.0654296875,1.743283021289119
1,101058_00001,Siemens,0,0.9887987971305847,7266.07470703125,1.7750778204172448
1,101065_00001,Toshiba,0,0.9758315682411194,17305.76171875,1.8271138445374067
1,101070_00001,Siemens,0,0.9893062710762024,14466.1171875,1.746376074878441
1,101077_00001,Toshiba,0,0.988863468170166,9187.26953125,1.8063552546836532
1,101093_00001,Toshiba,1,0.980205237865448,4368.345703125,1.5999914371737973
1,101096_00001,Siemens,0,0.9875203371047974,4418.42626953125,1.6596398381914204
1,101099_00001,Siemens,0,0.5064312219619751,133.11607360839844,0.5064312219619751
1,101100_00001,Toshiba,0,0.9928786158561707,3369.268798828125,1.5885211046200047
1,101113_00001,Toshiba,0,0.9895513653755188,18910.634765625,1.8517664132575928
1,101115_00001,Siemens,0,0.9913390278816223,6237.7255859375,1.6836393852045675
1,101119_00001,Toshiba,0,0.9877350926399231,3015.0615234375,1.5632604062535158
1,101124_00001,Philips,0,0.9928508996963501,4483.22314453125,1.6852870399937192
1,101128_00001,Philips,1,0.9914058446884155,32755.642578125,1.9454414270116487
1,101143_00001,Siemens,0,0.9911354780197144,4312.091796875,1.5975731260232806
1,101145_00001,Other,0,0.9895311594009399,4627.6162109375,1.6425273640699944
1,101151_00001,Philips,1,0.9924227595329285,80133.109375,2.0599531022738953
1,101152_00001,Toshiba,0,0.9905691146850586,9763.6201171875,1.7008193547160226
1,101161_00001,Toshiba,1,0.9929198622703552,10012.193359375,1.7580426693621671
1,101169_00001,Philips,1,0.9909797310829163,33276.4140625,1.9804392114696225
1,101170_00001,Toshiba,0,0.9914391040802002,12452.61328125,1.7122580418440958
1,101172_00001,Siemens,0,0.9898107051849365,72888.0,2.077218254484288
1,101180_00001,Siemens,1,0.9870045781135559,16440.326171875,1.873667048466059
1,101189_00001,Siemens,0,0.9918753504753113,27487.884765625,1.9029049743146342
1,101190_00001,Toshiba,0,0.9599877595901489,10654.9228515625,1.667480702218097
1,101201_00001,Siemens,0,0.9932550191879272,32751.37890625,1.8687049553348327
1,101205_00001,Toshiba,1,0.9936364889144897,13232.96484375,1.7870767203261262
1,101206_00001,Toshiba,0,0.9876400828361511,2212.80908203125,1.603002461147166
1,101224_00001,Siemens,0,0.9826908707618713,458.48797607421875,1.3742413652336412
1,101229_00001,Philips,1,0.9899281859397888,17647.099609375,1.8040175517376085
1,101236_00001,Philips,1,0.9912378191947937,6642.49755859375,1.6873430498017037
1,101244_00001,Siemens,1,0.9923638105392456,7526.4150390625,1.6017668510337555
1,101254_00001,Siemens,1,0.9934357404708862,12368.8271484375,1.8167075384649587
1,101258_00001,Siemens,1,0.9895108342170715,39492.10546875,1.9625365343017716
1,101259_00001,Siemens,0,0.9789754748344421,813.9248046875,1.4541345679987066
1,101264_00001,Philips,1,0.9898695349693298,52228.1953125,2.0159662674713914
1,101273_00001,Siemens,0,0.9930152893066406,1630.2606201171875,1.600104955896217
1,101280_00001,Siemens,0,0.9887554049491882,1889.6051025390625,1.593736777855176
1,101296_00001,Philips,1,0.9892232418060303,21033.232421875,1.8674116201623803
1,101297_00001,Siemens,0,0.9905508756637573,2306.9111328125,1.5543295776268153
1,101305_00001,Siemens,0,0.9893474578857422,5726.96533203125,1.6387237967741006
1,101310_00001,Siemens,0,0.8871068358421326,4043.073486328125,1.5000845451983689
1,101328_00001,Siemens,0,0.9928370118141174,26103.115234375,1.8426086489612297
1,101333_00001,Toshiba,0,0.9887337684631348,2457.1533203125,1.5149065242552846
1,101336_00001,Philips,1,0.9927672147750854,101266.3828125,2.0650155387039932
1,101340_00001,Other,1,0.9906237721443176,72133.71875,2.0620849347050485
1,101348_00001,Toshiba,1,0.9880620241165161,4442.90869140625,1.5836618108577563
1,101351_00001,Siemens,1,0.9916033148765564,80576.859375,2.069721863646484
1,101355_00001,Siemens,1,0.988558292388916,13157.2451171875,1.7456266865138053
1,101358_00001,Siemens,0,0.9925103187561035,42152.203125,1.9567302004958451
1,101367_00001,Philips,1,0.988244891166687,6385.00634765625,1.6361065466168419
1,101371_00001,Philips,0,0.9886244535446167,26489.93359375,1.8555794466335818
1,101374_00001,Siemens,0,0.9886900782585144,7226.17578125,1.6815529300608723
1,101376_00001,Siemens,1,0.9920157194137573,29786.171875,1.9081289821713872
1,101378_00001,Philips,1,0.9904035329818726,27924.171875,1.9248126267828871
1,101379_00001,Siemens,0,0.9916681051254272,6252.8818359375,1.6256708248518992
1,101380_00001,Siemens,0,0.9932025074958801,3432.783203125,1.619809301015549
1,101382_00001,Siemens,0,0.9915870428085327,6609.0146484375,1.7611595129297608
1,101384_00001,Siemens,0,0.7360212802886963,1748.636474609375,1.1495770211568221
1,101391_00001,Siemens,1,0.9914058446884155,5972.7880859375,1.7269219859537805
1,101392_00001,Siemens,1,0.9923638105392456,9770.5166015625,1.7404905360854865
1,101405_00001,Siemens,0,0.9900057911872864,2450.811767578125,1.5156730648272183
1,101408_00001,Toshiba,1,0.9874961376190186,71932.9296875,2.0669685497416515
1,101409_00001,Philips,1,0.9874961376190186,12022.650390625,1.642752390903336
1,101411_00001,Siemens,0,0.9928786158561707,1942.34765625,1.5051970756048159
1,101417_00001,Philips,1,0.9866748452186584,2058.43896484375,1.557005077910254
1,101420_00001,Siemens,0,0.9806919097900391,379.62664794921875,1.3652797908884422
1,101423_00001,Siemens,0,0.9923490285873413,11875.0888671875,1.7490627699293748
1,101445_00001,Siemens,0,0.9906600117683411,7134.21533203125,1.6641772319459012
1,101453_00001,Siemens,0,0.9811125993728638,6322.9970703125,1.6742664783658798
1,101461_00001,Toshiba,0,0.9817007184028625,7757.7626953125,1.6522089816272603
1,101464_00001,Siemens,0,0.9809491038322449,3087.83544921875,1.6062386510694795
1,101466_00001,Siemens,0,0.9899671077728271,6203.126953125,1.7044499955107615
1,101468_00001,Toshiba,0,0.992452085018158,11589.75390625,1.7962486218508718
1,101477_00001,Philips,0,0.9924666285514832,27446.1015625,1.7746161382872487
1,101487_00001,Toshiba,0,0.9908389449119568,6696.99462890625,1.7173259504050469
1,101495_00001,Toshiba,0,0.9917323589324951,9330.568359375,1.7242653811738502
1,101501_00001,Philips,1,0.9936856627464294,19488.2421875,1.8798874601956457
1,101506_00001,Siemens,0,0.990044355392456,10520.654296875,1.7101854484568184
1,101512_00001,Toshiba,1,0.9021795392036438,2030.41064453125,1.3201606073682632
1,101515_00001,Toshiba,0,0.9913222789764404,10999.546875,1.74201614263098
1,101520_00001,Siemens,0,0.9885361194610596,8015.1669921875,1.622969288580519
1,101523_00001,Toshiba,0,0.9876876473426819,37978.75,1.8572386856248495
1,101525_00001,Siemens,0,0.9883352518081665,3622.67626953125,1.6138485360549895
1,101527_00001,Toshiba,0,0.9920772910118103,9398.88671875,1.6519062790079968
1,101531_00001,Toshiba,0,0.9902727007865906,16985.07421875,1.6985548063912137
1,101532_00001,Siemens,1,0.9922893643379211,10608.0986328125,1.7900205162650262
1,101535_00001,Siemens,0,0.9870045781135559,7991.490234375,1.7308143464190908
1,101539_00001,Siemens,0,0.9912548065185547,2731.668701171875,1.668739466283754
1,101540_00001,Siemens,1,0.9819965362548828,5740.5390625,1.548403062819485
1,101549_00001,Toshiba,0,0.9906960725784302,5177.310546875,1.5783861024095345
1,101551_00001,Toshiba,0,0.9890553951263428,3908.468994140625,1.6425552429533603
1,101559_00001,Toshiba,0,0.9930423498153687,6660.1943359375,1.6923292728609571
1,101568_00001,Siemens,0,0.9885804057121277,32762.857421875,1.9592821975553039
1,101574_00001,Philips,1,0.9855799674987793,28025.98828125,1.9502410901543155
1,101577_00001,Siemens,0,0.9910666346549988,31242.09765625,1.9113419899474426
1,101590_00001,Siemens,0,0.9924374222755432,27096.9609375,1.7911412866994871
1,101597_00001,Toshiba,1,0.9909272193908691,8384.2744140625,1.7477179321062215
1,101600_00001,Philips,1,0.9833109378814697,6198.4697265625,1.648188098315256
1,101602_00001,Philips,1,0.9904406070709229,81064.9375,1.9957800326369426
1,101612_00001,Siemens,1,0.9920926690101624,34110.80078125,1.9021096514913576
1,101614_00001,Siemens,0,0.9919691681861877,7422.5234375,1.6310172523494344
1,101621_00001,Siemens,0,0.9893885254859924,4553.5703125,1.6223524255443138
1,101630_00001,Siemens,0,0.9845160245895386,12086.099609375,1.6352865959093443
1,101642_00001,Siemens,0,0.9935117363929749,13540.1728515625,1.8347693103252456
1,101643_00001,Toshiba,0,0.9915052056312561,70616.953125,2.033634947260586
1,101644_00001,Toshiba,0,0.9885140061378479,1387.669921875,1.4593879863608181
1,101648_00001,Toshiba,0,0.9908034801483154,23653.740234375,1.796466512244077
1,101649_00001,Toshiba,0,0.9899281859397888,1296.384765625,1.5335134163805193
1,101651_00001,Siemens,0,0.9912716746330261,4100.62158203125,1.6641801676443342
1,101655_00001,Toshiba,0,0.9926683902740479,19648.85546875,1.798106899731112
1,101659_00001,Toshiba,1,0.9895513653755188,7423.00537109375,1.743642003992918
1,101665_00001,Siemens,0,0.9824062585830688,8360.7607421875,1.7589829803129011
1,101668_00001,Toshiba,0,0.9879229664802551,14748.0908203125,1.802095771138388
1,101669_00001,Philips,1,0.9813286066055298,16412.38671875,1.7261288417968554
1,101671_00001,Toshiba,0,0.9543930292129517,2876.9677734375,1.5524559695652242
1,101675_00001,Siemens,0,0.9890553951263428,10734.4921875,1.7949003664725587
1,101678_00001,Toshiba,0,0.9906418919563293,6110.1044921875,1.6738304328168467
1,101680_00001,Toshiba,0,0.9773707389831543,6978.6884765625,1.7013129174262716
1,101688_00001,Toshiba,0,0.991455614566803,5993.92529296875,1.625423252902492
1,101693_00001,Philips,0,0.9915870428085327,19245.3671875,1.7181022356565
1,101707_00001,Philips,0,0.9870296716690063,5967.7724609375,1.648062024596229
1,101709_00001,Toshiba,0,0.9858821630477905,4052.900390625,1.5224075200342946
1,101714_00001,Other,0,0.9904959201812744,16921.994140625,1.7768561042634066
1,101715_00001,Siemens,0,0.9910666346549988,15973.15625,1.8140490982905033
1,101716_00001,Toshiba,1,0.9908389449119568,75674.3203125,2.0149441623263473
1,101726_00001,Siemens,0,0.9823216199874878,2648.8349609375,1.5660522671764787
1,101727_00001,Toshiba,0,0.9842154383659363,25924.3671875,1.838310684667717
1,101730_00001,Siemens,0,0.9921841025352478,6698.4736328125,1.7050331434949726
1,101735_00001,Philips,1,0.9877586960792542,21652.126953125,1.8630892003923445
1,101744_00001,Philips,1,0.9919535517692566,26328.48046875,1.8381450632640215
1,101749_00001,Toshiba,1,0.9877822995185852,70352.0,2.0524259620566343
1,101762_00001,Siemens,0,0.9919379353523254,3804.84716796875,1.5731588984685982
1,101766_00001,Toshiba,0,0.9914886951446533,10724.455078125,1.7534342210410336
1,101770_00001,Siemens,0,0.9926542043685913,13597.5009765625,1.7292656750433495
1,101772_00001,Toshiba,0,0.9910320043563843,46669.9375,1.8391987088007655
1,101786_00001,Toshiba,0,0.988949179649353,25101.837890625,1.8525457177126503
1,101788_00001,Siemens,0,0.9918753504753113,3602.731689453125,1.6435783009117308
1,101803_00001,Philips,0,0.9887771010398865,1885.463134765625,1.4520214130135447
1,101805_00001,Siemens,0,0.9868533611297607,9123.208984375,1.6982595934363909
1,101833_00001,Siemens,0,0.9836912155151367,23069.337890625,1.8720231265376823
1,101835_00001,Siemens,1,0.9932418465614319,7626.390625,1.6992901129095934
1,101850_00001,Philips,0,0.9913390278816223,13291.5498046875,1.844811965185358
1,101854_00001,Siemens,1,0.9859904050827026,25398.359375,1.8866842908811625
1,101856_00001,Philips,1,0.9909971952438354,4942.00537109375,1.7086946625989334
1,101858_00001,Siemens,0,0.988711953163147,5511.0859375,1.6260093405585128
1,101868_00001,Siemens,0,0.9906056523323059,19544.568359375,1.8947419634680982
1,101869_00001,Siemens,0,0.9895513653755188,5980.06787109375,1.7283666866218257
1,101881_00001,Siemens,0,0.9865199327468872,11205.5751953125,1.8071970086071791
1,101884_00001,Siemens,0,0.9875444173812866,12174.6953125,1.7948866800917747
1,101885_00001,Siemens,0,0.8709269165992737,2661.322509765625,1.3862641220944352
1,101892_00001,Toshiba,0,0.9913222789764404,4175.4208984375,1.6234891247025884
1,101900_00001,Siemens,1,0.9914391040802002,48063.8203125,1.9122323254771132
1,101901_00001,Toshiba,0,0.9848983883857727,19305.22265625,1.897075930853565
1,101908_00001,Toshiba,0,0.9896718263626099,21870.673828125,1.869343358085822
1,101909_00001,Siemens,1,0.9922744631767273,15011.435546875,1.8476006434456498
1,101927_00001,Siemens,0,0.9925826787948608,9699.39453125,1.6238239335123907
1,101935_00001,Siemens,0,0.9912039041519165,10391.2353515625,1.7300260445806417
1,101938_00001,Toshiba,0,0.9921080470085144,7654.46142578125,1.6716393922317376
1,101948_00001,Toshiba,0,0.9922893643379211,2516.823974609375,1.5621266150674922
1,101966_00001,Toshiba,0,0.9933459758758545,21681.52734375,1.8371296347932775
1,101973_00001,Toshiba,0,0.4309404492378235,302.7075500488281,0.4309404492378235
1,101981_00001,Siemens,0,0.9902538657188416,2400.5400390625,1.52809914704981
1,101987_00001,Siemens,1,0.9927532076835632,12319.6826171875,1.6996310012152223
1,101989_00001,Siemens,0,0.9813465476036072,2920.746826171875,1.4655748018314771
1,101991_00001,Toshiba,0,0.9875203371047974,6666.98876953125,1.671098922192274
1,101997_00001,Siemens,0,0.988558292388916,7838.51953125,1.6786677129662562
1,102000_00001,Toshiba,0,0.9916195869445801,6383.5654296875,1.6769831258200338
1,102001_00001,Siemens,0,0.992864727973938,18002.140625,1.7231710975447072
1,102004_00001,Toshiba,1,0.9931095838546753,27832.734375,1.8704995138273472
1,102005_00001,Siemens,1,0.9899281859397888,19838.060546875,1.9018405127851523
1,102009_00001,Philips,1,0.9893269538879395,13200.2177734375,1.8397916880074539
1,102046_00001,Siemens,0,0.991101086139679,22880.046875,1.9046386801673951
1,102052_00001,Siemens,0,0.8492224812507629,885.263427734375,1.2325055966740333
1,102056_00001,Toshiba,0,0.9736446738243103,1611.0166015625,1.4914747872441763
1,102065_00001,Philips,1,0.9882221817970276,94007.890625,2.106277303102202
1,102065_00002,Other,1,0.9918121099472046,29704.18359375,1.9389536201745197
1,102068_00001,Toshiba,0,0.9792947173118591,6607.31884765625,1.5544335512628558
1,102070_00001,Siemens,0,0.9912039041519165,1215.961181640625,1.4455123186731986
1,102073_00001,Toshiba,0,0.988558292388916,4988.17919921875,1.6695961744486156
1,102078_00001,Toshiba,0,0.9931495785713196,49556.1875,1.997674941680114
1,102081_00001,Siemens,0,0.9912548065185547,21513.59375,1.867259461177702
1,102085_00001,Toshiba,1,0.9923043847084045,19349.26953125,1.7736851351992469
1,102086_00001,Siemens,0,0.9916681051254272,43610.4921875,1.9231440034831249
1,102090_00001,Toshiba,1,0.9914224743843079,112789.046875,2.118896237539691
1,102093_00001,Philips,0,0.913135826587677,12086.40234375,1.6801055086420718
1,102109_00001,Philips,1,0.990767776966095,19545.9453125,1.819168582431682
1,102110_00001,Siemens,0,0.9807657599449158,1698.2708740234375,1.4514172420573996
1,102151_00001,Siemens,0,0.992046594619751,17285.58203125,1.7622944604785176
1,102157_00001,Siemens,0,0.9927109479904175,6149.91455078125,1.6319846861770997
1,102160_00001,Toshiba,1,0.993320107460022,22254.349609375,1.8416733288046498
1,102167_00001,Siemens,1,0.9861246943473816,24586.009765625,1.7837797510556266
1,102170_00001,Siemens,0,0.9931628704071045,14002.1845703125,1.739436625742795
1,102173_00001,Toshiba,0,0.9892855286598206,67501.28125,2.0092722509415837
1,102181_00001,Siemens,1,0.9902915358543396,10471.6533203125,1.7361730464359386
1,102198_00001,Toshiba,0,0.9920002222061157,4958.69140625,1.713321551327247
1,102201_00001,Toshiba,0,0.9849274158477783,10489.1572265625,1.7046375967373486
1,102207_00001,Toshiba,0,0.9864417314529419,21585.67578125,1.8711640596328853
1,102208_00001,Toshiba,1,0.9929060935974121,18505.388671875,1.8139839855559095
1,102216_00001,Siemens,1,0.9927532076835632,15449.470703125,1.7898255023962106
1,102218_00001,Toshiba,1,0.988558292388916,50759.8125,2.0097874636619872
1,102220_00001,Siemens,0,0.986929178237915,23739.54296875,1.8920501438050983
2,100000_00001,Toshiba,0,0.998091995716095,6678.8203125,1.6399172182474797
2,100010_00001,Toshiba,0,0.998513400554657,15541.0654296875,1.7626329843776056
2,100018_00001,Toshiba,0,0.9985334873199463,15155.6171875,1.7688070092196495
2,100041_00001,Siemens,0,0.9964273571968079,5414.11474609375,1.6547980910378692
2,100050_00001,Toshiba,1,0.9979251623153687,15703.544921875,1.7920341212015478
2,100055_00001,Toshiba,0,0.9985590577125549,16817.3828125,1.7569991917740668
2,100064_00001,Toshiba,0,0.9269675612449646,327.1561584472656,1.1518504412896693
2,100069_00001,Siemens,0,0.9969722032546997,48230.78125,1.9969350371558812
2,100071_00001,Toshiba,0,0.9960237741470337,25634.16796875,1.8665435312089038
2,100074_00001,Philips,1,0.9962345957756042,94875.015625,2.1264695799143967
2,100078_00001,Toshiba,0,0.9857181310653687,4444.6455078125,1.652266950705204
2,100080_00001,Siemens,0,0.9961456060409546,21321.046875,1.8698345582699811
2,100083_00001,Siemens,0,0.9973734617233276,15807.73046875,1.775001097897873
2,100084_00001,Siemens,0,0.995685338973999,11343.478515625,1.766045669180547
2,100087_00001,Toshiba,0,0.9981968998908997,26942.46484375,1.8851426031038383
2,100097_00001,Toshiba,0,0.9931628704071045,3818.8564453125,1.6431610825761276
2,100102_00001,Philips,1,0.9976586103439331,43982.93359375,1.9905034119738947
2,100111_00001,Siemens,0,0.9815244078636169,1436.08447265625,1.4802918376635754
2,100112_00001,Other,0,0.9963924288749695,10757.77734375,1.7386292033982462
2,100118_00001,Siemens,0,0.9956769347190857,13517.0341796875,1.6523426903881824
2,100122_00001,Siemens,0,0.9981756210327148,9285.15234375,1.7323415768581667
2,100129_00001,Siemens,0,0.9989370703697205,11216.0458984375,1.790537140863293
2,100133_00001,Siemens,0,0.9928923845291138,11750.41015625,1.8219684706510708
2,100134_00001,Philips,1,0.986415684223175,14816.2001953125,1.7963722144769867
2,100138_00001,Siemens,1,0.9980807304382324,14055.4814453125,1.8147785943022325
2,100146_00001,Siemens,0,0.9988304972648621,15115.892578125,1.8322803216072812
2,100152_00001,Toshiba,0,0.9967268705368042,55090.42578125,1.9521519858376306
2,100160_00001,Siemens,0,0.995643138885498,19912.41796875,1.733966006232013
2,100178_00001,Siemens,0,0.9970190525054932,5258.46533203125,1.6082976174462562
2,100180_00001,Philips,1,0.9991638660430908,79325.546875,2.0121391680110268
2,100182_00001,Toshiba,0,0.9976859092712402,10931.8544921875,1.7291027111328234
2,100183_00001,Philips,1,0.9772191047668457,4921.8369140625,1.6530451632340692
2,100187_00001,Philips,1,0.9975321292877197,18342.728515625,1.7618899306194142
2,100189_00001,Siemens,0,0.9872035384178162,3855.440185546875,1.5464082835383353
2,100191_00001,Toshiba,0,0.997285008430481,2680.3388671875,1.562076234912608
2,100199_00001,Siemens,0,0.9871540665626526,1807.34814453125,1.5929861422975349
2,100200_00001,Toshiba,1,0.9990960359573364,16537.67578125,1.8334970022249555
2,100202_00001,Siemens,0,0.9990168809890747,15909.05859375,1.7770195424479565
2,100209_00001,Toshiba,0,0.9969186782836914,7498.4853515625,1.6390224902165658
2,100215_00001,Toshiba,0,0.9847817420959473,3786.178466796875,1.6444910258107288
2,100216_00001,Siemens,0,0.997065007686615,16702.99609375,1.8177375973986412
2,100226_00001,Philips,1,0.9973374009132385,2065.3212890625,1.5604047122619753
2,100228_00001,Siemens,0,0.999552309513092,5621.65185546875,1.6480333301628534
2,100236_00001,Siemens,0,0.9674410820007324,1522.4453125,1.4703104013732706
2,100237_00001,Philips,0,0.9964411854743958,32440.3828125,1.9337905731252945
2,100240_00001,Siemens,0,0.9970130920410156,5915.611328125,1.6598390123729607
2,100247_00001,Philips,1,0.9967648983001709,26686.734375,1.953344382571319
2,100248_00001,Siemens,1,0.9956176280975342,13842.1201171875,1.651483226266478
2,100250_00001,Siemens,0,0.9980732202529907,45198.91015625,1.9818306351572126
2,100255_00001,Siemens,1,0.9946150183677673,17897.341796875,1.8618956253772587
2,100260_00001,Toshiba,0,0.9968944787979126,21797.97265625,1.9134320190370784
2,100263_00001,Toshiba,0,0.998553454875946,5012.8740234375,1.6717451760495332
2,100274_00001,Siemens,0,0.9979372024536133,6654.22265625,1.7556370043808023
2,100297_00001,Siemens,0,0.9987331032752991,14212.7255859375,1.7120000043335502
2,100307_00001,Siemens,0,0.9979493021965027,10750.7451171875,1.7493387371504467
2,100321_00001,Toshiba,0,0.9979966282844543,13254.392578125,1.7302307205193592
2,100333_00001,Siemens,0,0.9959059953689575,19673.900390625,1.7432664997397982
2,100344_00001,Siemens,1,0.998542070388794,11687.771484375,1.832064178833237
2,100348_00001,Toshiba,0,0.13951358199119568,185.18115234375,0.13951358199119568
2,100361_00001,Toshiba,0,0.9987081289291382,3115.06201171875,1.6855627282402665
2,100364_00001,Siemens,0,0.9966365098953247,16239.220703125,1.68384932095573
2,100379_00001,Other,1,0.9986435770988464,7985.5224609375,1.8041767731649938
2,100388_00001,Philips,0,0.9959219694137573,22797.08984375,1.7751965042496787
2,100393_00001,Siemens,0,0.9924958944320679,37440.34375,1.8950985030452343
2,100397_00001,Siemens,1,0.9967077970504761,44207.125,1.9731243604587314
2,100401_00001,Siemens,0,0.997961163520813,7646.0888671875,1.6858015728518758
2,100402_00001,Toshiba,1,0.9969897270202637,13481.36328125,1.865611833437949
2,100405_00001,Philips,1,0.9947084188461304,81151.34375,2.0925344540580295
2,100411_00001,Siemens,0,0.9970991611480713,20858.53515625,1.8917476129179593
2,100416_00001,Toshiba,1,0.996364176273346,5342.42333984375,1.6953166428193343
2,100416_00002,Siemens,1,0.9945730566978455,4779.6015625,1.607828393646456
2,100421_00001,Siemens,0,0.9945730566978455,6298.69091796875,1.6549511530687488
2,100429_00001,Siemens,0,0.9970190525054932,17432.4765625,1.8312896147282176
2,100433_00001,Toshiba,0,0.9975844621658325,191999.9375,2.1340304826225225
2,100435_00001,Toshiba,1,0.9960468411445618,23397.78515625,1.8757810907128551
2,100440_00001,Toshiba,1,0.9969245791435242,38164.8515625,1.9768743547179917
2,100444_00001,Siemens,0,0.998454213142395,5214.69482421875,1.6636292630458076
2,100462_00001,Philips,1,0.9986801743507385,21322.650390625,1.9248276015943129
2,100466_00001,Toshiba,0,0.9974191188812256,4720.53857421875,1.6849502692231488
2,100467_00001,Philips,1,0.9956936836242676,51208.63671875,1.9225390440662657
2,100471_00001,Toshiba,0,0.9976264834403992,7426.77197265625,1.791072453530661
2,100476_00001,Toshiba,0,0.9986801743507385,7390.732421875,1.673272921842423
2,100478_00001,Toshiba,0,0.9992563128471375,7232.1123046875,1.7657434972100179
2,100481_00001,Toshiba,0,0.9654463529586792,1817.09814453125,1.5523974452645324
2,100488_00001,Siemens,0,0.9970190525054932,13322.9091796875,1.7012051912148112
2,100491_00001,Toshiba,0,0.9978342652320862,45400.9140625,1.868229622239545
2,100497_00001,Toshiba,0,0.9954261183738708,6027.22509765625,1.6663628961226047
2,100501_00001,Siemens,0,0.998513400554657,10146.046875,1.742397667924581
2,100502_00001,Toshiba,0,0.9963286519050598,5361.625,1.685243578435705
2,100512_00001,Philips,1,0.9976218342781067,43098.69921875,2.031537126616789
2,100518_00001,Siemens,0,0.9972531199455261,9957.4404296875,1.7234021339260392
2,100519_00001,Toshiba,0,0.9971717000007629,19921.8515625,1.8502302783697815
2,100520_00001,Philips,1,0.9966885447502136,42098.1640625,2.004839456507047
2,100522_00001,Toshiba,0,0.9983059167861938,5119.58349609375,1.718807121998907
2,100525_00001,Toshiba,0,0.9975466132164001,13886.9482421875,1.7449976168476242
2,100526_00001,Philips,1,0.9983091354370117,21100.931640625,1.8876376943187185
2,100534_00001,Siemens,0,0.9960004687309265,12039.259765625,1.7954892759368137
2,100544_00001,Philips,1,0.9972261786460876,3944.09033203125,1.6121891840854221
2,100550_00001,Siemens,0,0.97334223985672,3202.6103515625,1.593913135643994
2,100554_00001,Other,1,0.9984421133995056,6662.26123046875,1.7678649762906393
2,100559_00001,Siemens,0,0.9972261786460876,39559.109375,1.9496397390069782
2,100566_00001,Toshiba,0,0.967100977897644,1389.39453125,1.4901199955103597
2,100574_00001,Toshiba,1,0.9973165392875671,13467.5703125,1.795981469554071
2,100586_00001,Toshiba,0,0.9943140745162964,9621.93359375,1.7312509824555833
2,100594_00001,Siemens,0,0.9903663396835327,8631.921875,1.7231591749951503
2,100597_00001,Siemens,0,0.9954082369804382,28978.30859375,1.8848026452814104
2,100598_00001,Toshiba,0,0.9952077269554138,73205.765625,2.077458372801563
2,100602_00001,Philips,1,0.9978342652320862,13863.8134765625,1.860415816875458
2,100604_00001,Other,0,0.9974290728569031,53851.90625,1.9068239002692517
2,100606_00001,Toshiba,0,0.9984899759292603,38131.828125,1.9403207099445732
2,100607_00001,Toshiba,0,0.9966495633125305,30872.09375,1.936636264467894
2,100619_00001,Siemens,1,0.9993081092834473,7650.9111328125,1.731974556114575
2,100630_00001,Siemens,0,0.9978883862495422,10401.771484375,1.7185833767735976
2,100632_00001,Toshiba,0,0.9908744096755981,3265.44091796875,1.5103431335041178
2,100633_00001,Siemens,0,0.9933330416679382,4638.87646484375,1.6988289974780788
2,100636_00001,Philips,1,0.9991306662559509,22895.361328125,1.8415194972060742
2,100638_00001,Siemens,0,0.9907855987548828,5634.951171875,1.5955892825035387
2,100644_00001,Toshiba,0,0.9952632188796997,20699.83984375,1.886481525592773
2,100655_00001,Siemens,1,0.9988817572593689,11183.818359375,1.715980792517604
2,100673_00001,Philips,1,0.9989076852798462,78989.09375,1.9452242453534832
2,100676_00001,Siemens,0,0.9930423498153687,23205.3359375,1.908530974074856
2,100683_00001,Toshiba,0,0.9934484362602234,3693.69775390625,1.6560158043132824
2,100695_00001,Toshiba,1,0.9948102235794067,83959.609375,1.9480813705016178
2,100698_00001,Siemens,1,0.9962345957756042,17168.447265625,1.8120055058168243
2,100709_00001,Toshiba,1,0.9931893348693848,39965.1875,1.761466461185433
2,100728_00001,Philips,1,0.9986929297447205,15615.55859375,1.9008652664083319
2,100736_00001,Siemens,0,0.9978172779083252,28378.5234375,1.857728749963244
2,100741_00001,Siemens,0,0.9949199557304382,34449.546875,1.8310440392374039
2,100752_00001,Philips,0,0.9941003918647766,4092.4853515625,1.6588002992454494
2,100756_00001,Siemens,1,0.9982926249504089,17122.51953125,1.8379193580943365
2,100758_00001,Siemens,0,0.9908389449119568,4062.50439453125,1.6595083974423686
2,100763_00001,Toshiba,0,0.9926826357841492,11340.638671875,1.7509782494090371
2,100765_00001,Siemens,0,0.9906600117683411,13505.150390625,1.8633014956263096
2,100773_00001,Siemens,0,0.987616240978241,8816.193359375,1.6449662536117433
2,100774_00001,Toshiba,0,0.9992266893386841,11151.443359375,1.8113979876857242
2,100783_00001,Toshiba,0,0.9964063763618469,6075.48583984375,1.6819396197138528
2,100789_00001,Siemens,1,0.975272536277771,2884.132080078125,1.6375960596038863
2,100790_00001,Philips,1,0.9984052777290344,20971.12890625,1.8972951376842024
2,100801_00001,Siemens,0,0.9972207546234131,7703.298828125,1.7360925064650043
2,100810_00001,Toshiba,0,0.9992475509643555,7558.74462890625,1.7417575840473496
2,100811_00001,Siemens,0,0.9967268705368042,9712.69921875,1.6508900163882327
2,100819_00001,Siemens,0,0.9899671077728271,4088.27001953125,1.6041252811949107
2,100830_00001,Toshiba,0,0.997036337852478,5053.001953125,1.682959400560146
2,100835_00001,Toshiba,0,0.9767136573791504,6090.86669921875,1.5752843485982555
2,100839_00001,Siemens,0,0.9940080642700195,12179.986328125,1.7613655043849386
2,100850_00001,Philips,1,0.9968944787979126,108688.796875,2.024833984488572
2,100854_00001,Toshiba,0,0.9982892870903015,2979.382080078125,1.6287395521156591
2,100863_00001,Siemens,0,0.9928786158561707,11182.7275390625,1.7246255101662789
2,100871_00001,Philips,1,0.9984083771705627,22940.90234375,1.9390526281800675
2,100872_00001,Siemens,0,0.996882438659668,3158.0283203125,1.606836430665596
2,100874_00001,Siemens,0,0.998275876045227,10620.9130859375,1.7367820125794642
2,100885_00001,Siemens,0,0.9984691739082336,2446.7265625,1.6667553314644725
2,100886_00001,Toshiba,0,0.998745322227478,11559.6142578125,1.7247581481422982
2,100896_00001,Siemens,0,0.9954615235328674,39033.37109375,1.9105945641490543
2,100901_00001,Siemens,0,0.9935368895530701,8200.666015625,1.6811529814765258
2,100905_00001,Other,1,0.9991100430488586,4357.52734375,1.6137948427617692
2,100909_00001,Toshiba,0,0.9958337545394897,22652.24609375,1.8547012741380382
2,100915_00001,Siemens,1,0.9988840222358704,30401.150390625,1.9114391247629094
2,100928_00001,Toshiba,1,0.9988213181495667,18682.822265625,1.9205925324987512
2,100929_00001,Toshiba,0,0.9949886202812195,9612.9130859375,1.8156583018648653
2,100936_00001,Toshiba,1,0.9929472208023071,294512.53125,2.21364171597691
2,100939_00001,Siemens,0,0.9983611702919006,24115.22265625,1.852930364591159
2,100948_00001,Siemens,1,0.9959456324577332,12578.46875,1.7701448474507333
2,100954_00001,Toshiba,0,0.9957684278488159,7422.26708984375,1.743288790102447
2,100966_00001,Siemens,0,0.9980543851852417,15409.23046875,1.8951397727293648
2,100971_00001,Siemens,0,0.9906237721443176,3163.48388671875,1.5486396436917897
2,100974_00001,Siemens,1,0.999058187007904,12159.580078125,1.780311366848481
2,100975_00001,Philips,1,0.9991958737373352,9453.70703125,1.8004990996900003
2,100977_00001,Siemens,0,0.9904221296310425,8729.7734375,1.633107972146762
2,100986_00001,Philips,0,0.9917961359024048,8451.9853515625,1.7676544535713343
2,100992_00001,Toshiba,0,0.997166097164154,2578.8935546875,1.646387136136475
2,101001_00001,Siemens,0,0.9982959628105164,9801.9716796875,1.7902514193203387
2,101006_00001,Siemens,0,0.997166097164154,11654.60546875,1.7075883951209347
2,101014_00001,Philips,1,0.9971771240234375,5692.04296875,1.7111642579794475
2,101022_00001,Siemens,0,0.9939730763435364,13062.787109375,1.748833441988967
2,101024_00001,Other,1,0.9984114170074463,5889.7275390625,1.7277990714702842
2,101029_00001,Siemens,1,0.9941232800483704,98854.3828125,2.076343537826896
2,101033_00001,Siemens,0,0.007968815043568611,72.43291473388672,0.007968815043568611
2,101034_00001,Toshiba,0,0.9978087544441223,3204.709716796875,1.6838698130871983
2,101035_00001,Siemens,0,0.9958580136299133,9350.1064453125,1.7196048445800594
2,101041_00001,Toshiba,0,0.9928508996963501,1394.5540771484375,1.5501979288491445
2,101054_00001,Toshiba,1,0.9928091764450073,1477.407470703125,1.5520560807213761
2,101055_00001,Toshiba,0,0.9969005584716797,8916.01953125,1.6662071461663823
2,101062_00001,Philips,1,0.9976722598075867,7205.0732421875,1.731641356711561
2,101066_00001,Siemens,0,0.988646388053894,4042.548828125,1.5844693781979429
2,101072_00001,Toshiba,0,0.9971771240234375,39063.59375,1.9095258041729228
2,101075_00001,Toshiba,0,0.9974983334541321,13765.69921875,1.700435985550704
2,101087_00001,Siemens,0,0.9974491000175476,4501.9248046875,1.6574768553144021
2,101088_00001,Siemens,0,0.9963215589523315,22488.720703125,1.8812795809327534
2,101091_00001,Siemens,1,0.9976032376289368,8711.7978515625,1.796699596475043
2,101095_00001,Siemens,0,0.9945201277732849,7413.4638671875,1.6287080799051057
2,101103_00001,Philips,1,0.9976813793182373,24925.9296875,1.9386902860846638
2,101109_00001,Toshiba,0,0.9971383810043335,14376.1015625,1.7693609023074128
2,101117_00001,Philips,0,0.9942920207977295,18204.74609375,1.7509823871924413
2,101120_00001,Philips,1,0.9980543851852417,9458.15234375,1.804571006728181
2,101136_00001,Toshiba,0,0.9980276226997375,6286.77978515625,1.7012534396012058
2,101156_00001,Siemens,0,0.9854124188423157,2721.06494140625,1.5460287845089509
2,101158_00001,Toshiba,0,0.9979007244110107,3956.51318359375,1.6584987668670133
2,101174_00001,Siemens,0,0.9977216124534607,28996.193359375,1.8934818910815499
2,101183_00001,Siemens,0,0.9964203834533691,8748.701171875,1.760824025423168
2,101185_00001,Siemens,0,0.9828232526779175,20304.681640625,1.8942721364250095
2,101187_00001,Siemens,0,0.9976859092712402,12770.279296875,1.8349825598777547
2,101195_00001,Siemens,0,0.9915380477905273,3963.71142578125,1.6251592235935148
2,101196_00001,Other,1,0.9758545756340027,3087.276123046875,1.4263475353198243
2,101199_00001,Siemens,0,0.9961903095245361,35493.58203125,1.8872069744445834
2,101202_00001,Toshiba,0,0.998945415019989,30975.1953125,1.8829152870892765
2,101207_00001,Siemens,0,0.9967648983001709,1643.7352294921875,1.5669517376735995
2,101213_00001,Siemens,0,0.9942920207977295,7281.11572265625,1.6678385923403276
2,101216_00001,Siemens,0,0.9984176158905029,8549.44140625,1.7224581212382213
2,101218_00001,Siemens,0,0.9952724575996399,12582.78515625,1.7099859993147961
2,101223_00001,Siemens,0,0.9977216124534607,78557.796875,2.025178723717302
2,101231_00001,Toshiba,0,0.9969544410705566,33148.44921875,1.9080605329719522
2,101238_00001,Toshiba,1,0.9983834028244019,26476.5,1.9332617660374731
2,101240_00001,Philips,0,0.9939613342285156,6018.1806640625,1.6993958933571185
2,101247_00001,Siemens,1,0.9988259673118591,5398.10546875,1.6923609690408221
2,101250_00001,Siemens,0,0.9983025789260864,10932.3681640625,1.7925464902255137
2,101257_00001,Philips,0,0.9901592135429382,29072.552734375,1.765354784764805
2,101260_00001,Siemens,0,0.9938070178031921,11756.3154296875,1.7293856355499664
2,101265_00001,Toshiba,0,0.996563732624054,5229.43408203125,1.7125269551019364
2,101267_00001,Philips,1,0.9974787831306458,56177.171875,2.007773072687483
2,101268_00001,Toshiba,0,0.9966756105422974,14041.001953125,1.8547095939831286
2,101286_00001,Siemens,1,0.9968641400337219,54675.0859375,1.9957510624876647
2,101287_00001,Siemens,0,0.9974039196968079,18761.9765625,1.7865574160674627
2,101295_00001,Siemens,1,0.9939963817596436,11278.685546875,1.6320408644150393
2,101304_00001,Siemens,0,0.9969186782836914,26700.576171875,1.8683620544445723
2,101307_00001,Siemens,0,0.9952999353408813,19172.955078125,1.8474748861619785
2,101308_00001,Toshiba,0,0.9877350926399231,1667.3934326171875,1.5378798328412455
2,101315_00001,Toshiba,0,0.9785493016242981,4097.5830078125,1.6314855240999162
2,101318_00001,Siemens,0,0.9946358799934387,10989.7021484375,1.7292560451185464
2,101329_00001,Siemens,0,0.9963994026184082,4214.8603515625,1.6394648042891444
2,101339_00001,Siemens,1,0.9929336309432983,2558.350341796875,1.5876860449626162
2,101344_00001,Toshiba,0,0.9767802357673645,4273.98046875,1.5724360012269123
2,101346_00001,Toshiba,0,0.9978001713752747,17129.53515625,1.7899406289717852
2,101352_00001,Philips,1,0.996882438659668,13347.2060546875,1.8210034947563387
2,101362_00001,Toshiba,0,0.9971717000007629,19561.548828125,1.833374958941074
2,101363_00001,Philips,0,0.9986276626586914,56243.3125,1.9367566423202975
2,101365_00001,Siemens,0,0.9982143640518188,6187.6328125,1.6818341619626715
2,101385_00001,Siemens,0,0.9958980679512024,24463.0390625,1.8949525596640182
2,101386_00001,Siemens,0,0.9955142140388489,17035.263671875,1.782749970501214
2,101387_00001,Toshiba,0,0.9989412426948547,9674.5498046875,1.7191037552845114
2,101402_00001,Siemens,0,0.9872035384178162,4166.07861328125,1.7011878065808466
2,101403_00001,Philips,1,0.998619556427002,94110.90625,2.0441470434670372
2,101407_00001,Siemens,0,0.9967774748802185,35817.046875,1.896945403899873
2,101415_00001,Toshiba,1,0.9980732202529907,50227.0859375,1.9891804210650117
2,101419_00001,Other,1,0.9993307590484619,8962.8779296875,1.8127847057496123
2,101426_00001,Philips,0,0.9933071732521057,18707.703125,1.900504596152634
2,101434_00001,Philips,1,0.9961305856704712,51216.8515625,2.0379249639419506
2,101438_00001,Siemens,0,0.996249258518219,9175.693359375,1.7352745025408212
2,101442_00001,Toshiba,0,0.9954350590705872,5528.54736328125,1.6467473249852704
2,101448_00001,Toshiba,0,0.9898892045021057,1364.816162109375,1.576451033525494
2,101449_00001,Siemens,0,0.9806919097900391,7591.5166015625,1.5956101512986895
2,101457_00001,Toshiba,0,0.9936487078666687,6150.865234375,1.6400717598838686
2,101462_00001,Siemens,0,0.9960004687309265,16018.23046875,1.7713895852082968
2,101467_00001,Toshiba,0,0.9952816367149353,12688.4228515625,1.849103816705745
2,101471_00001,Toshiba,0,0.9973113536834717,8791.1513671875,1.7656616574680724
2,101478_00001,Philips,1,0.9961903095245361,59481.2734375,2.0737764226540016
2,101481_00001,Siemens,0,0.995345413684845,17947.439453125,1.9017117053028758
2,101497_00001,Other,0,0.9984083771705627,12641.3984375,1.8088127662021345
2,101499_00001,Siemens,0,0.9946671724319458,3124.345703125,1.5871609132198647
2,101502_00001,Toshiba,0,0.9967774748802185,28609.6015625,1.8209127063036559
2,101509_00001,Siemens,1,0.9962126016616821,14814.185546875,1.863941367680134
2,101513_00001,Siemens,0,0.9985758066177368,8096.14111328125,1.726876003954208
2,101522_00001,Siemens,0,0.997231662273407,15975.05859375,1.7659014065892218
2,101529_00001,Siemens,0,0.9968211650848389,5279.96044921875,1.673684829681327
2,101534_00001,Toshiba,1,0.9904775619506836,8691.4501953125,1.7816089953253835
2,101561_00001,Philips,1,0.9948803186416626,3892.130859375,1.6585743192915823
2,101565_00001,Siemens,1,0.9981649518013,17933.041015625,1.700212329856267
2,101566_00001,Siemens,0,0.9981968998908997,6624.90380859375,1.7795508673238587
2,101575_00001,Siemens,0,0.9974491000175476,18315.470703125,1.7540553383471769
2,101585_00001,Siemens,0,0.9938787817955017,14267.4912109375,1.7606058745207651
2,101592_00001,Philips,1,0.9956346154212952,7751.46728515625,1.6495906125022706
2,101595_00001,Siemens,0,0.9976032376289368,17822.515625,1.768933200495903
2,101595_00002,Siemens,0,0.9969780445098877,34611.28125,1.8970377516660097
2,101596_00001,Philips,1,0.9987305998802185,36804.8203125,1.9434155733379075
2,101599_00001,Siemens,0,0.9981649518013,26750.48828125,1.9332526867513313
2,101603_00001,Siemens,0,0.996870219707489,2698.063720703125,1.6620828736088118
2,101605_00001,Siemens,0,0.9982590079307556,11256.2919921875,1.7649661473791154
2,101620_00001,Toshiba,0,0.8366213440895081,694.3682861328125,1.2200783853661685
2,101628_00001,Siemens,0,0.9939024448394775,15884.623046875,1.7670434654645124
2,101645_00001,Toshiba,1,0.9956685304641724,23058.28125,1.8841722241515941
2,101653_00001,Philips,1,0.9980505704879761,48976.8984375,1.91424995487425
2,101654_00001,Siemens,0,0.9943581223487854,3598.6904296875,1.6467964555326566
2,101656_00001,Toshiba,0,0.9979129433631897,7827.79296875,1.6592219309279725
2,101660_00001,Toshiba,0,0.9957020878791809,2921.1171875,1.652439664773775
2,101667_00001,Toshiba,0,0.9977261424064636,11469.7607421875,1.7479740919725801
2,101674_00001,Siemens,0,0.9946255087852478,5749.4013671875,1.6528390088411165
2,101679_00001,Toshiba,1,0.9895311594009399,13347.498046875,1.8455680902459328
2,101702_00001,Siemens,0,0.9964273571968079,7166.08203125,1.700774506288378
2,101706_00001,Siemens,0,0.9981470108032227,13236.357421875,1.748877984972068
2,101713_00001,Siemens,1,0.9980581402778625,5450.40234375,1.70186573777559
2,101724_00001,Toshiba,0,0.9955920577049255,5421.8798828125,1.7056286466697697
2,101728_00001,Siemens,1,0.9972955584526062,35908.76953125,1.965625641701294
2,101731_00001,Toshiba,0,0.9923490285873413,4423.1025390625,1.636452619209234
2,101745_00001,Siemens,0,0.9967837333679199,2668.834716796875,1.5488173190466301
2,101747_00001,Toshiba,1,0.997739315032959,21428.09765625,1.8486178158185997
2,101756_00001,Siemens,0,0.9828891754150391,9044.8349609375,1.71606240571679
2,101757_00001,Siemens,1,0.9985814094543457,15051.087890625,1.7246124663292275
2,101761_00001,Toshiba,0,0.9925103187561035,4158.7373046875,1.6278414166869455
2,101775_00001,Toshiba,0,0.9940658807754517,2200.59033203125,1.5583883054552796
2,101782_00001,Siemens,0,0.9985306262969971,17684.876953125,1.728097765717791
2,101785_00001,Siemens,0,0.9935117363929749,3776.58203125,1.6326448641883757
2,101787_00001,Toshiba,1,0.9962345957756042,6751.9208984375,1.752201451046409
2,101790_00001,Siemens,0,0.994455873966217,17521.29296875,1.8155594334800005
2,101792_00001,Toshiba,1,0.9968087077140808,5899.7529296875,1.7335801749489927
2,101806_00001,Siemens,1,0.9973631501197815,7861.6474609375,1.6865854697926768
2,101808_00001,Philips,1,0.9973580241203308,21539.21484375,1.8707586826442457
2,101809_00001,Toshiba,0,0.9976218342781067,51604.95703125,1.900196441394965
2,101812_00001,Siemens,0,0.9926542043685913,9245.26953125,1.6006817244457614
2,101814_00001,Philips,0,0.9972744584083557,3675.5341796875,1.5805481427610806
2,101827_00001,Toshiba,0,0.9961680769920349,10710.2275390625,1.7119826316307336
2,101830_00001,Siemens,0,0.9951702952384949,18127.984375,1.8986461463038964
2,101842_00001,Toshiba,1,0.9987232089042664,5674.4130859375,1.7421185289550778
2,101863_00001,Siemens,1,0.994949460029602,2248.21728515625,1.6090724471255262
2,101873_00001,Toshiba,0,0.9974290728569031,7815.41943359375,1.7321385610606954
2,101877_00001,Toshiba,1,0.9905691146850586,44734.234375,1.9356128856234671
2,101882_00001,Philips,0,0.9932942390441895,22682.81640625,1.7756882183683056
2,101890_00001,Siemens,0,0.9870045781135559,1632.236083984375,1.5093717761950396
2,101896_00001,Siemens,0,0.9969245791435242,10616.6884765625,1.6887665825691331
2,101897_00001,Siemens,0,0.9862046241760254,15831.0146484375,1.850930947091103
2,101899_00001,Other,1,0.9974241256713867,87126.140625,2.0992796279907653
2,101903_00001,Siemens,0,0.9966949224472046,5675.3818359375,1.7364153270162
2,101904_00001,Toshiba,0,0.9981862902641296,9264.802734375,1.8012423250479586
2,101905_00001,Toshiba,0,0.9985923171043396,41793.10546875,1.9919944099408855
2,101906_00001,Toshiba,1,0.9980044960975647,21019.306640625,1.9044771522228434
2,101913_00001,Philips,0,0.9938309192657471,15529.603515625,1.7851945955016242
2,101915_00001,Philips,1,0.998157799243927,93257.3046875,2.051362774161798
2,101919_00001,Siemens,0,0.9960699081420898,50567.46484375,1.9242804225043626
2,101921_00001,Toshiba,0,0.9988927245140076,21805.7734375,1.7308657132715002
2,101924_00001,Siemens,0,0.9976993203163147,10839.15625,1.7095574373903908
2,101928_00001,Siemens,0,0.9960391521453857,16086.224609375,1.8299369283636202
2,101941_00001,Toshiba,0,0.9804874062538147,31764.099609375,1.9319136128189245
2,101942_00001,Toshiba,0,0.9755303859710693,1542.5032958984375,1.4296773386636021
2,101953_00001,Siemens,0,0.9983990788459778,18676.349609375,1.8695013670610103
2,101954_00001,Other,1,0.9974689483642578,13764.728515625,1.8695542484794596
2,101961_00001,Siemens,0,0.9935494065284729,10080.30859375,1.7275967639760468
2,101965_00001,Philips,1,0.9979810118675232,21104.490234375,1.93831446479656
2,101967_00001,Toshiba,0,0.9921385645866394,5441.0986328125,1.5897006449210258
2,101968_00001,Siemens,0,0.9437636137008667,2744.013916015625,1.535511627999943
2,101970_00001,Siemens,0,0.998157799243927,20025.966796875,1.7519365883506581
2,101970_00002,Siemens,0,0.9961230158805847,30815.900390625,1.913974040494877
2,101979_00001,Siemens,0,0.9906600117683411,12797.498046875,1.7945495806169554
2,101993_00001,Siemens,0,0.9871044158935547,1909.7545166015625,1.4527007295302257
2,101998_00001,Philips,1,0.9943799376487732,16903.25390625,1.8139181281107821
2,101999_00001,Philips,0,0.9983738660812378,41143.2421875,1.9229206684452278
2,102008_00001,Toshiba,0,0.9985730648040771,12123.01953125,1.8473677390819574
2,102012_00001,Siemens,0,0.9988003969192505,12648.2001953125,1.7784437639507458
2,102015_00001,Toshiba,0,0.9753665924072266,1865.9461669921875,1.5295528177867093
2,102018_00001,Siemens,0,0.9984360337257385,16526.58984375,1.8293034686057446
2,102020_00001,Siemens,1,0.9971160888671875,6956.287109375,1.7080231157318835
2,102027_00001,Toshiba,0,0.9927109479904175,9514.154296875,1.700224486178968
2,102028_00001,Siemens,0,0.9941913485527039,9275.1904296875,1.7509810793355336
2,102033_00001,Siemens,1,0.9969425797462463,12353.01171875,1.8532000418187111
2,102034_00001,Siemens,0,0.9972796440124512,6875.40234375,1.7418650251703618
2,102041_00001,Siemens,1,0.9991440773010254,21382.66796875,1.7838008405167969
2,102044_00001,Toshiba,1,0.9805620312690735,13326.7265625,1.7464132331104556
2,102045_00001,Siemens,1,0.9942809343338013,5176.8896484375,1.6640054665259418
2,102049_00001,Philips,1,0.9964824914932251,21840.958984375,1.9061668174575994
2,102050_00001,Toshiba,1,0.9963357448577881,3656.116943359375,1.5802433386390815
2,102061_00001,Philips,1,0.9967711567878723,47694.99609375,2.0087808323961616
2,102067_00001,Toshiba,0,0.9912885427474976,3746.17431640625,1.6309313971987873
2,102074_00001,Siemens,0,0.9981397390365601,7346.58935546875,1.7980878814601955
2,102079_00001,Siemens,1,0.9965435862541199,49032.2578125,2.0077561370730885
2,102084_00001,Siemens,1,0.9978129863739014,16272.068359375,1.9029710788439087
2,102094_00001,Philips,1,0.9942809343338013,18889.1484375,1.9054252429274463
2,102108_00001,Toshiba,0,0.9924666285514832,17162.50390625,1.7454287715994088
2,102116_00001,Toshiba,0,0.998095691204071,13840.416015625,1.774336015133331
2,102117_00001,Other,0,0.9959771037101746,5755.16015625,1.5924833771656979
2,102123_00001,Siemens,0,0.9860979318618774,5449.63623046875,1.6685656019507873
2,102124_00001,Toshiba,0,0.9841850996017456,5084.4306640625,1.6186884880753583
2,102134_00001,Toshiba,1,0.974821150302887,4796.4150390625,1.6087506250961892
2,102135_00001,Philips,0,0.995866060256958,10016.4453125,1.749478960747002
2,102139_00001,Siemens,1,0.9861780405044556,43095.60546875,1.991990137818034
2,102140_00001,Philips,1,0.9962782263755798,9737.5810546875,1.8377798512447525
2,102144_00001,Siemens,0,0.9973008036613464,4925.345703125,1.6307191052314256
2,102150_00001,Toshiba,0,0.9950079917907715,44539.79296875,1.9918375831983262
2,102153_00001,Siemens,0,0.997654139995575,5783.0849609375,1.6727177103386328
2,102156_00001,Philips,1,0.9986141920089722,16950.09375,1.8063085332952633
2,102158_00001,Siemens,0,0.9969722032546997,27731.10546875,1.856843587306066
2,102174_00001,Toshiba,0,0.987375020980835,860.1181640625,1.4392988655266796
2,102178_00001,Siemens,0,0.998472273349762,9425.9794921875,1.6936521059157328
2,102179_00001,Philips,1,0.9978087544441223,12922.59375,1.7488864513694748
2,102180_00001,Siemens,0,0.9955403208732605,9778.3369140625,1.8167088990055775
2,102184_00001,Siemens,0,0.9511876106262207,2129.870849609375,1.3654995887602768
2,102187_00001,Toshiba,0,0.9988440275192261,13320.21484375,1.7235466574110354
2,102191_00001,Philips,1,0.998157799243927,18425.79296875,1.8022323462018421
2,102197_00001,Toshiba,0,0.9710468649864197,2297.00634765625,1.5947348414108888
2,102202_00001,Siemens,0,0.989591658115387,8167.19921875,1.6369654233248905
2,102204_00001,Toshiba,1,0.9969780445098877,35722.33203125,1.8756764700216848
2,102206_00001,Philips,1,0.9974039196968079,20402.87890625,1.9117503165489114
2,102210_00001,Siemens,0,0.9291837811470032,5009.240234375,1.5072056176921913
2,102212_00001,Philips,0,0.9952077269554138,115416.40625,2.136154216929518
2,102213_00001,Siemens,0,0.9922744631767273,13297.1533203125,1.8568806359664025
2,102214_00001,Siemens,0,0.995470404624939,18909.68359375,1.7824313257085649
3,100011_00001,Siemens,1,0.9934611320495605,74477.28125,2.018570968974556
3,100012_00001,Siemens,0,0.9861246943473816,17467.064453125,1.791353232876669
3,100013_00001,Toshiba,0,0.9882901906967163,50253.1953125,1.9160709161832241
3,100016_00001,Toshiba,1,0.9928091764450073,17892.29296875,1.7676388939073053
3,100025_00001,Toshiba,0,0.9916033148765564,8517.4931640625,1.712710753202027
3,100027_00001,Siemens,0,0.990767776966095,3980.717041015625,1.6000615818425405
3,100031_00001,Siemens,0,0.9827074408531189,7543.2705078125,1.6873362836053432
3,100032_00001,Siemens,0,0.9959849119186401,15815.068359375,1.8207760593996536
3,100039_00001,Toshiba,0,0.9938787817955017,18559.630859375,1.8717379698202894
3,100048_00001,Siemens,0,0.995075523853302,21403.4140625,1.7914104867995915
3,100053_00001,Toshiba,0,0.9870794415473938,15941.5166015625,1.8537956876356718
3,100054_00001,Siemens,0,0.9919847846031189,40289.4609375,1.9088881399951512
3,100057_00001,Siemens,0,0.9909447431564331,10585.390625,1.7289348433037453
3,100065_00001,Philips,1,0.9908744096755981,8108.98291015625,1.7424528633116068
3,100070_00001,Toshiba,0,0.9929198622703552,4422.81201171875,1.6694506470655055
3,100082_00001,Philips,1,0.9874479174613953,55531.3203125,1.984386873154665
3,100100_00001,Other,1,0.9933589100837708,15101.638671875,1.786488092868747
3,100114_00001,Siemens,0,0.9933459758758545,8583.5380859375,1.6277394711023234
3,100115_00001,Toshiba,0,0.9804874062538147,13407.9404296875,1.786575927678173
3,100119_00001,Toshiba,0,0.9933330416679382,8204.0478515625,1.7104425896081759
3,100120_00001,Siemens,0,0.991455614566803,9404.412109375,1.7000714464281077
3,100131_00001,Siemens,0,0.9887987971305847,22490.833984375,1.8961718496451108
3,100132_00001,Siemens,0,0.9903663396835327,4720.87158203125,1.6797810708131218
3,100135_00001,Toshiba,1,0.9925969839096069,9481.41015625,1.807825213372797
3,100136_00001,Philips,0,0.8635642528533936,298.1242370605469,1.1841907013863928
3,100137_00001,Toshiba,0,0.9908213019371033,3457.40283203125,1.6312738943208924
3,100145_00001,Siemens,0,0.9912885427474976,44271.28125,1.8845296715686406
3,100155_00001,Philips,0,0.986415684223175,3406.5458984375,1.6423746666883174
3,100164_00001,Other,1,0.9821512699127197,21326.12890625,1.8956336458310776
3,100169_00001,Toshiba,0,0.9896917939186096,14762.349609375,1.7866890199709657
3,100175_00001,Siemens,0,0.9927109479904175,6368.8203125,1.6945303522056219
3,100179_00001,Siemens,0,0.9866490960121155,10975.58984375,1.750039661260985
3,100185_00001,Toshiba,0,0.9785082340240479,4636.646484375,1.639237513522365
3,100190_00001,Toshiba,0,0.9927109479904175,27963.2890625,1.8538085565518694
3,100197_00001,Toshiba,1,0.987129271030426,14418.5732421875,1.6833096861145227
3,100201_00001,Siemens,0,0.9945307374000549,28537.22265625,1.8305391468238243
3,100210_00001,Siemens,0,0.9928370118141174,11640.470703125,1.800687782614504
3,100213_00001,Siemens,1,0.992408037185669,11329.60546875,1.7649374074508102
3,100214_00001,Toshiba,0,0.9816479682922363,10013.9580078125,1.6767775168311199
3,100220_00001,Siemens,1,0.9937100410461426,11857.7177734375,1.794135872398457
3,100224_00001,Toshiba,0,0.9919535517692566,7876.853515625,1.638683810928436
3,100229_00001,Siemens,1,0.9910666346549988,142392.15625,2.1176363726468033
3,100230_00001,Siemens,0,0.9841241240501404,6643.08984375,1.657714137052202
3,100234_00001,Philips,1,0.9900057911872864,23029.67578125,1.779437627256643
3,100238_00001,Siemens,0,0.9886900782585144,4768.9208984375,1.624027017563497
3,100251_00001,Siemens,0,0.989591658115387,4578.69189453125,1.6316785237240408
3,100253_00001,Toshiba,0,0.9942025542259216,2579.3095703125,1.6315437073635364
3,100257_00001,Siemens,1,0.9936856627464294,13718.654296875,1.6706004138326278
3,100272_00001,Siemens,0,0.9926113486289978,6539.3623046875,1.6674492425827763
3,100273_00001,Siemens,0,0.9896518588066101,11050.46484375,1.6661273585447887
3,100275_00001,Siemens,1,0.9891605973243713,45571.08984375,1.9260609561141697
3,100290_00001,Toshiba,1,0.9893269538879395,69729.125,1.9009316410431345
3,100291_00001,Siemens,0,0.9915215969085693,19426.50390625,1.8809359665594876
3,100294_00001,Toshiba,0,0.9915215969085693,30263.99609375,1.788062713580065
3,100300_00001,Siemens,0,0.9873993396759033,29328.8671875,1.838211073455819
3,100303_00001,Toshiba,0,0.9907855987548828,102005.2578125,2.017475886575208
3,100309_00001,Siemens,0,0.9919067621231079,6703.5205078125,1.7241428585030025
3,100310_00001,Philips,0,0.9815597534179688,67505.5234375,2.059069698696148
3,100318_00001,Siemens,0,0.9926826357841492,8418.3935546875,1.7602850863512862
3,100320_00001,Toshiba,0,0.9859634041786194,8546.9814453125,1.6036203127840958
3,100328_00001,Philips,1,0.9926256537437439,77992.578125,2.0680223065636714
3,100330_00001,Toshiba,0,0.9914224743843079,84352.4375,1.9581727898903802
3,100331_00001,Other,0,0.9926826357841492,40074.21875,1.907806303724357
3,100338_00001,Toshiba,0,0.9932942390441895,21619.77734375,1.753550339894277
3,100352_00001,Siemens,0,0.991305410861969,29929.689453125,1.911110878058648
3,100360_00001,Siemens,0,0.9893062710762024,12461.8564453125,1.7447275623654916
3,100374_00001,Siemens,0,0.9935117363929749,20678.75,1.841314349340705
3,100378_00001,Toshiba,0,0.9935867786407471,41980.671875,1.8637697253376049
3,100380_00001,Toshiba,0,0.9894702434539795,19518.9453125,1.8121417729653442
3,100387_00001,Toshiba,0,0.9933974742889404,15239.5224609375,1.7129083351562955
3,100389_00001,Toshiba,0,0.9901019334793091,12385.21484375,1.7480528435633715
3,100400_00001,Toshiba,0,0.9943581223487854,9849.060546875,1.745358057777383
3,100417_00001,Toshiba,0,0.9810401201248169,2400.987060546875,1.6155953590683823
3,100417_00002,Toshiba,0,0.9908919930458069,15700.1923828125,1.823378619300371
3,100419_00001,Toshiba,1,0.9900250434875488,21579.982421875,1.8330736049402185
3,100423_00001,Siemens,0,0.9926398992538452,9772.837890625,1.6895489049217707
3,100427_00001,Toshiba,1,0.9925393462181091,10190.4453125,1.715599037661055
3,100430_00001,Siemens,1,0.9929609894752502,8860.57421875,1.689485940934079
3,100434_00001,Toshiba,0,0.9885140061378479,17780.01171875,1.7808172384100238
3,100437_00001,Toshiba,0,0.9828891754150391,48539.82421875,2.0072526025699777
3,100439_00001,Siemens,0,0.9947084188461304,33543.8125,1.7883365779128353
3,100449_00001,Siemens,0,0.9904775619506836,32868.78125,1.954585659812572
3,100452_00001,Siemens,0,0.9912378191947937,8574.11328125,1.6932239830845481
3,100461_00001,Toshiba,0,0.9061560034751892,1379.8675537109375,1.3487784317548508
3,100469_00001,Toshiba,0,0.9944234490394592,10806.373046875,1.7607248820345283
3,100479_00001,Philips,1,0.992408037185669,6936.494140625,1.7611835285121757
3,100485_00001,Siemens,0,0.9879462122917175,20446.19140625,1.8947828968668925
3,100492_00001,Philips,1,0.992452085018158,12668.3828125,1.7927598864479046
3,100498_00001,Siemens,1,0.9936856627464294,9017.9658203125,1.772863480396969
3,100500_00001,Siemens,0,0.9882676005363464,7961.3916015625,1.6052120606567428
3,100508_00001,Toshiba,1,0.995309054851532,14251.5693359375,1.7915272512847453
3,100516_00001,Toshiba,0,0.9874961376190186,30748.751953125,1.910021181720121
3,100523_00001,Toshiba,0,0.994455873966217,87123.015625,1.9788246004946033
3,100524_00001,Siemens,0,0.9860711693763733,8265.4462890625,1.767419933164906
3,100528_00001,Siemens,1,0.9932418465614319,5851.71484375,1.7568650793186877
3,100529_00001,Toshiba,0,0.9924666285514832,8737.65234375,1.729112195278414
3,100538_00001,Toshiba,0,0.9888203740119934,13792.5322265625,1.7398564167258284
3,100546_00001,Siemens,0,0.9916841983795166,8408.29296875,1.7207113296827379
3,100551_00001,Siemens,0,0.9510514140129089,3186.3779296875,1.554772557459313
3,100563_00001,Philips,1,0.9918910264968872,28896.7265625,1.8621345651511778
3,100565_00001,Siemens,1,0.9934738278388977,13390.7998046875,1.6888578757793047
3,100567_00001,Toshiba,0,0.9918121099472046,10966.943359375,1.7339966862045306
3,100569_00001,Toshiba,0,0.9910666346549988,8443.96484375,1.691957739483377
3,100580_00001,Toshiba,0,0.9914886951446533,12775.248046875,1.7340396434439322
3,100581_00001,Siemens,0,0.9960927367210388,20797.83203125,1.797828980221165
3,100584_00001,Toshiba,0,0.9929336309432983,61660.65625,1.8999583444819281
3,100590_00001,Siemens,0,0.9222025275230408,4547.119140625,1.4514696555945448
3,100600_00001,Siemens,0,0.9927109479904175,11546.5654296875,1.6813392901805053
3,100608_00001,Philips,1,0.9919223785400391,7253.81298828125,1.7370749842411852
3,100613_00001,Siemens,1,0.9913725852966309,17969.865234375,1.8090377953165842
3,100620_00001,Siemens,0,0.9941574335098267,11016.275390625,1.7860488946302702
3,100621_00001,Toshiba,0,0.993574321269989,11921.361328125,1.7192734515117833
3,100631_00001,Siemens,0,0.9890553951263428,55690.796875,1.975755740179236
3,100637_00001,Toshiba,0,0.9928231239318848,43627.73828125,1.8644776958885978
3,100639_00001,Toshiba,0,0.9910320043563843,14181.8583984375,1.7543888606545444
3,100646_00001,Siemens,0,0.9653811454772949,695.5348510742188,1.4669869641669502
3,100649_00001,Other,1,0.9930827617645264,11251.2841796875,1.7281424177891818
3,100650_00001,Siemens,0,0.9850141406059265,2084.3525390625,1.5100844337753152
3,100659_00001,Siemens,0,0.9926683902740479,12418.953125,1.780480825436934
3,100665_00001,Philips,1,0.9943581223487854,5719.2197265625,1.6448067401288562
3,100678_00001,Toshiba,0,0.9917484521865845,4483.5107421875,1.638090576668671
3,100686_00001,Other,0,0.9923341274261475,9318.916015625,1.7871923310518503
3,100694_00001,Siemens,0,0.9908213019371033,8853.748046875,1.7160189847066623
3,100708_00001,Siemens,0,0.9936487078666687,13774.4345703125,1.7564282492134238
3,100712_00001,Toshiba,1,0.9911182522773743,18486.6328125,1.7243545268791487
3,100724_00001,Siemens,0,0.994213879108429,32771.6953125,1.8212024642301303
3,100738_00001,Philips,0,0.9914886951446533,13718.990234375,1.8073843990333174
3,100743_00001,Toshiba,1,0.9931361675262451,11521.2529296875,1.7417019292010074
3,100750_00001,Philips,0,0.9915380477905273,27461.5234375,1.7944471824387078
3,100755_00001,Philips,1,0.9917961359024048,57138.35546875,1.867199202222317
3,100757_00001,Siemens,1,0.9917484521865845,19108.5390625,1.8397927771942277
3,100779_00001,Toshiba,0,0.9941118359565735,30223.396484375,1.8847700393388285
3,100782_00001,Siemens,0,0.9856352806091309,6263.556640625,1.6706637243148308
3,100792_00001,Siemens,0,0.9938429594039917,9209.2880859375,1.646265616318721
3,100807_00001,Siemens,0,0.9875444173812866,10700.4716796875,1.6985459477037146
3,100808_00001,Toshiba,0,0.3664763569831848,330.7559509277344,0.3664763569831848
3,100809_00001,Siemens,1,0.9909622073173523,135944.25,2.073095559262267
3,100815_00001,Toshiba,1,0.9873506426811218,11733.017578125,1.7937346325316055
3,100831_00001,Siemens,1,0.988469660282135,25906.57421875,1.839729436211932
3,100832_00001,Siemens,0,0.9953904151916504,5929.22412109375,1.6585765406123576
3,100848_00001,Toshiba,0,0.9929472208023071,30603.89453125,1.895447980198192
3,100849_00001,Siemens,0,0.9600626826286316,2350.615234375,1.519735270977569
3,100857_00001,Toshiba,0,0.9929881691932678,20055.14453125,1.8571015477206452
3,100873_00001,Siemens,0,0.9948803186416626,8205.9833984375,1.6102212137852927
3,100878_00001,Siemens,0,0.9931628704071045,17669.025390625,1.7606472103478434
3,100883_00001,Toshiba,0,0.9925969839096069,2759.037109375,1.546253769042299
3,100884_00001,Toshiba,1,0.9925103187561035,12203.8515625,1.8479408610443853
3,100890_00001,Toshiba,0,0.9897116422653198,3050.626220703125,1.5126168622673106
3,100891_00001,Toshiba,0,0.9935867786407471,26854.06640625,1.8359488728218412
3,100892_00001,Siemens,0,0.9879229664802551,14815.20703125,1.6925252125991066
3,100893_00001,Siemens,0,0.9944342970848083,21317.4609375,1.7648183226441303
3,100897_00001,Siemens,0,0.9895715713500977,2430.734619140625,1.5763354408273522
3,100900_00001,Siemens,0,0.9935368895530701,3537.051025390625,1.6183685109747714
3,100908_00001,Philips,1,0.9909797310829163,7347.02294921875,1.7757682791196316
3,100916_00001,Siemens,0,0.9895108342170715,12063.9638671875,1.7607459293003815
3,100917_00001,Toshiba,0,0.9945201277732849,20207.57421875,1.7735211868298457
3,100922_00001,Siemens,0,0.9916195869445801,17147.82421875,1.761841193938744
3,100946_00001,Siemens,0,0.9930017590522766,7382.18896484375,1.707012957238064
3,100952_00001,Siemens,0,0.9967711567878723,17954.9453125,1.7798684487940437
3,100953_00001,Toshiba,0,0.9934865236282349,4129.9462890625,1.6242994820679781
3,100955_00001,Toshiba,0,0.9933974742889404,24150.146484375,1.8390533880943962
3,100956_00001,Toshiba,1,0.9941118359565735,83908.5078125,2.0751304542410733
3,100961_00001,Toshiba,0,0.9921841025352478,7514.95556640625,1.6245573822242214
3,100962_00001,Siemens,0,0.9951040744781494,12786.416015625,1.753994281793592
3,100972_00001,Toshiba,0,0.9837850332260132,86132.0390625,2.0720726406117325
3,100983_00001,Siemens,1,0.9896518588066101,16028.685546875,1.7290940016944276
3,100987_00001,Philips,0,0.9858003854751587,10470.689453125,1.6859806848224743
3,100990_00001,Philips,0,0.9903102517127991,11458.6630859375,1.689776255390005
3,100993_00001,Toshiba,0,0.9927951693534851,15021.716796875,1.7877542504380286
3,100997_00001,Toshiba,0,0.9915544390678406,5466.70068359375,1.6681192613973197
3,101002_00001,Siemens,0,0.9924374222755432,26177.453125,1.755175379644396
3,101013_00001,Philips,1,0.9910838603973389,9013.3095703125,1.6519743734455623
3,101015_00001,Siemens,1,0.9929336309432983,22244.904296875,1.7841764054541773
3,101027_00001,Siemens,0,0.9919379353523254,10380.908203125,1.6526677173720083
3,101039_00001,Toshiba,0,0.9958174824714661,20393.005859375,1.7398634014045729
3,101044_00001,Philips,1,0.9896718263626099,28670.28125,1.9039374873423651
3,101047_00001,Toshiba,0,0.9937222599983215,13607.015625,1.7808168553887602
3,101057_00001,Siemens,0,0.991186797618866,48681.8984375,1.9175349635229542
3,101080_00001,Philips,1,0.9875203371047974,66900.1328125,1.9677280324781872
3,101082_00001,Siemens,0,0.9756929278373718,924.56884765625,1.4702505366625618
3,101085_00001,Philips,1,0.9941459894180298,13779.2509765625,1.832753430836383
3,101098_00001,Toshiba,0,0.9906237721443176,10383.044921875,1.6623518474761347
3,101105_00001,Siemens,0,0.9874721169471741,42701.22265625,1.9823259495651149
3,101112_00001,Toshiba,1,0.9867772459983826,18905.830078125,1.7621468389949957
3,101118_00001,Philips,1,0.9887554049491882,108027.3984375,2.008963592997935
3,101125_00001,Siemens,0,0.9942697286605835,11828.9765625,1.68035877621651
3,101132_00001,Philips,1,0.9933589100837708,50752.234375,1.9334937909351053
3,101140_00001,Siemens,0,0.9930961728096008,46221.6796875,1.8547599681021034
3,101142_00001,Philips,1,0.9936364889144897,22515.17578125,1.8239848407957453
3,101144_00001,Philips,1,0.9933459758758545,10975.9599609375,1.7089718638165206
3,101150_00001,Toshiba,0,0.9939963817596436,35839.8828125,1.8841792128311818
3,101153_00001,Siemens,0,0.9933589100837708,28290.75390625,1.876608157044239
3,101154_00001,Siemens,0,0.982557475566864,12211.82421875,1.720443688511614
3,101160_00001,Philips,1,0.9917484521865845,13905.6650390625,1.816134327521643
3,101164_00001,Siemens,0,0.9880158305168152,108253.6953125,2.1201556527016696
3,101171_00001,Philips,0,0.9914391040802002,9559.232421875,1.7813804166609752
3,101173_00001,Toshiba,1,0.9825407862663269,5344.6416015625,1.7172355959667547
3,101182_00001,Siemens,0,0.9943471550941467,7778.96923828125,1.6960461411388534
3,101186_00001,Toshiba,0,0.9874961376190186,23845.44921875,1.8524676107676392
3,101188_00001,Toshiba,1,0.9856629967689514,7367.251953125,1.7020945761252266
3,101191_00001,Toshiba,0,0.9926967024803162,3280.77978515625,1.6470107623248957
3,101193_00001,Toshiba,0,0.9888849258422852,18585.84765625,1.7580389736542452
3,101209_00001,Philips,1,0.9931095838546753,153233.796875,2.0725714415515566
3,101215_00001,Siemens,1,0.9931228756904602,7956.09130859375,1.6892245112735718
3,101222_00001,Philips,1,0.9936733245849609,51691.33203125,1.9241470363777897
3,101226_00001,Toshiba,0,0.9941118359565735,7903.75927734375,1.6902757376782427
3,101230_00001,Toshiba,0,0.9939847588539124,10520.52734375,1.750088459114705
3,101232_00001,Toshiba,1,0.9931628704071045,48251.8203125,1.9928257244210688
3,101241_00001,Siemens,0,0.9886682629585266,2272.01416015625,1.5029771694890606
3,101243_00001,Siemens,0,0.9816303849220276,8987.6328125,1.6411275594201884
3,101249_00001,Siemens,1,0.9948803186416626,39219.60546875,1.8808773214037493
3,101251_00001,Siemens,0,0.9940890073776245,2937.351318359375,1.6025164021722071
3,101252_00001,Toshiba,0,0.9847230911254883,12949.166015625,1.7896493533041935
3,101253_00001,Siemens,1,0.992864727973938,23775.552734375,1.7705915588719685
3,101256_00001,Siemens,0,0.9944987893104553,14617.419921875,1.73890840201836
3,101269_00001,Siemens,0,0.9927250146865845,43803.83984375,1.9204350078152497
3,101270_00001,Toshiba,0,0.9931628704071045,13583.822265625,1.7251343365851441
3,101282_00001,Toshiba,0,0.9955403208732605,7925.1103515625,1.6410370703765962
3,101285_00001,Siemens,0,0.9963570237159729,15132.5361328125,1.7609888845893646
3,101292_00001,Toshiba,0,0.992864727973938,11896.291015625,1.7823035033669417
3,101303_00001,Siemens,0,0.9928091764450073,37579.51171875,1.9666243372028942
3,101311_00001,Toshiba,0,0.9931095838546753,5661.5185546875,1.7393614676933005
3,101316_00001,Philips,1,0.9921080470085144,8351.69140625,1.7325672305543283
3,101320_00001,Siemens,0,0.9931228756904602,51963.25,1.9905663921335202
3,101323_00001,Siemens,0,0.9915052056312561,34388.7578125,1.9354276889718929
3,101327_00001,Philips,0,0.9916033148765564,57111.1171875,1.9593166191159317
3,101331_00001,Philips,1,0.9906600117683411,20661.208984375,1.8727168431335828
3,101332_00001,Siemens,0,0.9867772459983826,2873.487548828125,1.5256049772981848
3,101335_00001,Siemens,0,0.9929881691932678,26081.740234375,1.9225031253872356
3,101337_00001,Toshiba,0,0.9920772910118103,2034.912841796875,1.5501471731278782
3,101338_00001,Siemens,1,0.9879229664802551,6447.22216796875,1.6359696152213685
3,101343_00001,Siemens,0,0.8871068358421326,2365.6669921875,1.4307042565290946
3,101345_00001,Toshiba,1,0.9880388379096985,25365.15625,1.9110580321810313
3,101349_00001,Toshiba,0,0.9893680214881897,5650.21337890625,1.6104035090048319
3,101360_00001,Siemens,1,0.9943471550941467,24384.50390625,1.8221470185181903
3,101361_00001,Siemens,0,0.9948803186416626,8042.30859375,1.66538248915555
3,101361_00002,Siemens,0,0.9940312504768372,7146.5615234375,1.6522836135691303
3,101372_00001,Siemens,1,0.9912039041519165,7250.1279296875,1.7335954907847095
3,101389_00001,Siemens,0,0.995643138885498,38002.15625,1.8716796340839552
3,101395_00001,Siemens,0,0.9896718263626099,16292.587890625,1.7727102605060712
3,101412_00001,Other,1,0.9922294020652771,10447.302734375,1.7227257772143012
3,101413_00001,Siemens,1,0.9882901906967163,62033.04296875,2.0372814457299793
3,101418_00001,Siemens,1,0.990767776966095,14125.76171875,1.7040421783862973
3,101425_00001,Siemens,1,0.994168758392334,18856.189453125,1.8854334093249432
3,101427_00001,Philips,1,0.9919847846031189,4853.5185546875,1.6857917074502566
3,101429_00001,Toshiba,0,0.9862841367721558,8636.642578125,1.6712742578651367
3,101433_00001,Philips,0,0.9900057911872864,4409.38232421875,1.6653939068609664
3,101437_00001,Siemens,0,0.9679599404335022,6310.42822265625,1.6761805568860129
3,101439_00001,Toshiba,0,0.9904221296310425,24527.021484375,1.7702520804079607
3,101440_00001,Siemens,0,0.9934101700782776,11142.6953125,1.7525662328826286
3,101446_00001,Philips,1,0.9904221296310425,9007.017578125,1.808195102118807
3,101447_00001,Siemens,0,0.9913222789764404,27451.046875,1.8069415743740622
3,101452_00001,Toshiba,0,0.9922893643379211,10629.91796875,1.7395480817327686
3,101463_00001,Siemens,0,0.9899086952209473,8358.8916015625,1.7296332255978808
3,101482_00001,Philips,1,0.9878528118133545,46175.09375,1.8919948318198194
3,101483_00001,Philips,1,0.9901971817016602,11366.3193359375,1.7038205099668016
3,101488_00001,Philips,1,0.9878528118133545,3506.16748046875,1.62379138712145
3,101507_00001,Siemens,0,0.9902161359786987,5424.916015625,1.7001607048068816
3,101514_00001,Philips,0,0.9893474578857422,30459.81640625,1.9349597577860147
3,101517_00001,Siemens,1,0.9921841025352478,16004.064453125,1.7956083354390042
3,101519_00001,Siemens,0,0.9937829375267029,6239.919921875,1.7055979835738542
3,101524_00001,Siemens,0,0.9907140731811523,10363.408203125,1.7200948371068971
3,101533_00001,Philips,1,0.9926826357841492,37800.84765625,1.8894001843692019
3,101550_00001,Philips,1,0.984752357006073,56789.25,2.021336810590949
3,101558_00001,Toshiba,0,0.9910838603973389,6091.44677734375,1.6750707439709673
3,101571_00001,Siemens,0,0.9849852323532104,54526.92578125,1.9467452634448106
3,101573_00001,Toshiba,0,0.9923192858695984,16567.70703125,1.8598075509536813
3,101581_00001,Toshiba,0,0.9878761768341064,14313.3212890625,1.7144566873067786
3,101586_00001,Toshiba,0,0.9918437600135803,48684.359375,1.835457598714113
3,101589_00001,Philips,1,0.9851289987564087,25368.5234375,1.8712252082061451
3,101608_00001,Siemens,0,0.9900250434875488,8683.935546875,1.658459779454193
3,101610_00001,Siemens,0,0.9728823304176331,5156.64990234375,1.6038817418214681
3,101617_00001,Toshiba,0,0.9930961728096008,22155.369140625,1.777620803961144
3,101618_00001,Siemens,0,0.9909971952438354,41004.984375,1.8882505998345795
3,101629_00001,Siemens,0,0.9923341274261475,4390.91650390625,1.6877347502753195
3,101632_00001,Siemens,0,0.98046875,1630.889892578125,1.5044988792214715
3,101633_00001,Siemens,0,0.9904590845108032,9530.8759765625,1.7589009812863545
3,101634_00001,Philips,1,0.9917643666267395,11255.943359375,1.7747275615149132
3,101637_00001,Toshiba,1,0.9909447431564331,14831.224609375,1.8555735480050009
3,101646_00001,Siemens,0,0.9935117363929749,34857.125,1.7926456866640579
3,101661_00001,Toshiba,1,0.9887771010398865,59539.9609375,2.004764044985713
3,101666_00001,Philips,1,0.9914886951446533,29641.025390625,1.8525444686741577
3,101673_00001,Siemens,0,0.9932550191879272,14817.056640625,1.758933561046225
3,101676_00001,Siemens,0,0.9902538657188416,4535.115234375,1.7055983927479006
3,101677_00001,Toshiba,0,0.9939847588539124,5686.86328125,1.6520858611484766
3,101683_00001,Toshiba,0,0.9915870428085327,5318.8935546875,1.693465468327052
3,101687_00001,Siemens,1,0.9954879879951477,123185.078125,2.0161629433150896
3,101691_00001,Other,0,0.9926542043685913,22772.72265625,1.8531951450072695
3,101692_00001,Philips,1,0.9927391409873962,8311.2578125,1.6693759115785987
3,101695_00001,Philips,1,0.9930827617645264,19616.822265625,1.8438337399342053
3,101698_00001,Siemens,1,0.993561863899231,28567.68359375,1.8929280933507349
3,101699_00001,Siemens,0,0.9704926013946533,3192.263916015625,1.5355331731986301
3,101703_00001,Siemens,0,0.9918910264968872,66454.4375,1.8796172635364263
3,101705_00001,Siemens,0,0.9899476170539856,10985.6064453125,1.7053119946431121
3,101708_00001,Toshiba,0,0.990767776966095,9025.3583984375,1.7819529274432726
3,101710_00001,Toshiba,0,0.9931760430335999,15201.9609375,1.8045813116980494
3,101717_00001,Toshiba,1,0.9910838603973389,66340.7890625,2.011420432503395
3,101720_00001,Philips,0,0.9901971817016602,12234.3935546875,1.8394651704452232
3,101737_00001,Siemens,0,0.9923341274261475,42289.140625,1.8863943661084879
3,101738_00001,Siemens,0,0.9939024448394775,73808.4453125,1.9277181058549584
3,101740_00001,Siemens,0,0.9953363537788391,10194.3828125,1.7201481352605386
3,101746_00001,Toshiba,0,0.9602494835853577,3746.463623046875,1.5489051171582067
3,101751_00001,Philips,1,0.9895311594009399,19097.16796875,1.8249862025646173
3,101752_00001,Toshiba,1,0.9920772910118103,5582.00146484375,1.7204607604705346
3,101755_00001,Siemens,0,0.749454140663147,783.284423828125,0.8445430909781065
3,101760_00001,Toshiba,0,0.9939613342285156,15341.64453125,1.7830106371318246
3,101764_00001,Toshiba,0,0.9802431464195251,19433.017578125,1.8598422984211378
3,101773_00001,Philips,1,0.992408037185669,29474.6328125,1.8614672688270328
3,101779_00001,Siemens,0,0.9903663396835327,25492.525390625,1.7859241864941802
3,101781_00001,Siemens,0,0.9920926690101624,48893.3984375,1.8838194623286246
3,101784_00001,Toshiba,0,0.9913892149925232,37785.46875,1.7921715409301913
3,101793_00001,Siemens,0,0.9888418912887573,5677.138671875,1.631458733333823
3,101794_00001,Siemens,1,0.991635799407959,24552.203125,1.7638186146217585
3,101796_00001,Toshiba,1,0.9947289824485779,3306.16015625,1.673681450305028
3,101804_00001,Toshiba,0,0.9916033148765564,4508.560546875,1.664221145102646
3,101807_00001,Toshiba,0,0.9866748452186584,28180.203125,1.8671331547567043
3,101810_00001,Philips,0,0.9935494065284729,2396.37890625,1.6035177930922373
3,101822_00001,Siemens,0,0.990532636642456,12215.6484375,1.7805405868315978
3,101825_00001,Toshiba,0,0.9916519522666931,19644.599609375,1.8399948337195209
3,101826_00001,Toshiba,0,0.9937950372695923,14724.783203125,1.7082487249972382
3,101829_00001,Siemens,1,0.9547740817070007,4957.5517578125,1.4961197626259295
3,101831_00001,Toshiba,0,0.9902915358543396,8246.0107421875,1.7723784970945475
3,101836_00001,Philips,1,0.9881309270858765,118609.703125,2.0346712582352
3,101840_00001,Siemens,0,0.9914721846580505,13088.36328125,1.807112838499809
3,101844_00001,Toshiba,0,0.992046594619751,5688.72802734375,1.6938148185578226
3,101845_00001,Philips,1,0.9845160245895386,31771.935546875,1.9042250312027202
3,101846_00001,Philips,1,0.9914058446884155,35663.98828125,1.9319647987144335
3,101847_00001,Siemens,1,0.9937829375267029,27123.2578125,1.8770880573720692
3,101852_00001,Toshiba,1,0.9864417314529419,13880.1337890625,1.7115298407353676
3,101855_00001,Philips,1,0.9937829375267029,19634.3984375,1.774970292000503
3,101865_00001,Siemens,0,0.9906960725784302,23395.18359375,1.8376638240395147
3,101866_00001,Siemens,0,0.9825407862663269,4057.174072265625,1.5822623792529897
3,101876_00001,Siemens,0,0.9909447431564331,34775.625,1.977174790560327
3,101878_00001,Siemens,0,0.9951608777046204,8816.302734375,1.6657591062483308
3,101879_00001,Siemens,0,0.9912885427474976,4776.9462890625,1.6198030460352397
3,101880_00001,Philips,1,0.9918437600135803,10699.654296875,1.7457648333429487
3,101886_00001,Siemens,1,0.9914058446884155,29856.353515625,1.8350771997159518
3,101887_00001,Siemens,0,0.9860174059867859,1779.81982421875,1.5788146643563172
3,101902_00001,Philips,0,0.9910838603973389,9042.291015625,1.670102083458706
3,101911_00001,Siemens,0,0.9938429594039917,8267.669921875,1.6809546623486402
3,101929_00001,Siemens,0,0.9867772459983826,6301.2880859375,1.6353069260617932
3,101930_00001,Other,1,0.9926256537437439,11466.0751953125,1.8428934947161282
3,101932_00001,Siemens,0,0.9932550191879272,8221.2060546875,1.699819215766556
3,101933_00001,Toshiba,0,0.9934611320495605,9654.1611328125,1.7152625472943972
3,101936_00001,Siemens,0,0.9921233057975769,6061.88916015625,1.724485402136351
3,101944_00001,Siemens,0,0.9904775619506836,27260.244140625,1.8897396847427976
3,101946_00001,Siemens,0,0.9899476170539856,9064.5,1.6571431406744277
3,101950_00001,Siemens,0,0.9929336309432983,12355.55859375,1.744568330330047
3,101951_00001,Toshiba,0,0.9857729077339172,8389.298828125,1.7116929251748922
3,101956_00001,Philips,1,0.9875683188438416,3652.562255859375,1.6040022096055015
3,101957_00001,Siemens,0,0.9928091764450073,20901.8125,1.8057900112603538
3,101958_00001,Toshiba,0,0.9916033148765564,13114.8046875,1.7541918684489022
3,101960_00001,Toshiba,1,0.9899671077728271,47679.7734375,1.9934445945791235
3,101962_00001,Siemens,0,0.9923638105392456,14184.046875,1.7435495268253929
3,101975_00001,Siemens,0,0.9848983883857727,26790.162109375,1.8479482076231881
3,101977_00001,Siemens,1,0.9946877956390381,10183.888671875,1.7423589044970547
3,101978_00001,Siemens,0,0.9926683902740479,7165.27978515625,1.6670391360138315
3,101985_00001,Philips,0,0.9897513389587402,97011.875,2.0914558815131183
3,101990_00001,Toshiba,0,0.9928370118141174,32595.86328125,1.8502238236067021
3,101992_00001,Siemens,0,0.9915707111358643,4148.1650390625,1.6975353678412344
3,101996_00001,Siemens,0,0.982724130153656,20679.259765625,1.8085014588404715
3,102002_00001,Philips,1,0.9937708973884583,21244.251953125,1.781213936715223
3,102022_00001,Siemens,0,0.9917961359024048,11137.75390625,1.7438262792113177
3,102023_00001,Siemens,1,0.9926683902740479,28502.759765625,1.8701329678962146
3,102043_00001,Siemens,0,0.9938070178031921,33386.73046875,1.8563062794221077
3,102048_00001,Toshiba,1,0.9946671724319458,10180.873046875,1.6840225548292602
3,102055_00001,Siemens,0,0.9951136708259583,15779.927734375,1.7219091396331654
3,102057_00001,Toshiba,1,0.9941118359565735,7133.84716796875,1.6903272417743813
3,102066_00001,Other,1,0.9917002320289612,25739.568359375,1.8003344464401345
3,102071_00001,Siemens,0,0.9943471550941467,46240.5,1.933101240340269
3,102072_00001,Toshiba,1,0.9928370118141174,10776.501953125,1.6878455977312088
3,102075_00001,Other,0,0.9947084188461304,15275.90234375,1.84980451089642
3,102076_00001,Siemens,0,0.9941800832748413,6323.4111328125,1.721027480064132
3,102080_00001,Toshiba,0,0.9864938259124756,5160.94677734375,1.736994909104089
3,102087_00001,Siemens,0,0.9940428137779236,10735.982421875,1.6899348324258718
3,102089_00001,Siemens,0,0.9956685304641724,17938.720703125,1.7966614036576913
3,102097_00001,Siemens,0,0.9930423498153687,8919.2119140625,1.7853812573746437
3,102099_00001,Siemens,0,0.9891397356987,3697.69189453125,1.6919451969348127
3,102106_00001,Toshiba,0,0.9879695177078247,10906.16796875,1.6943126575825878
3,102115_00001,Philips,1,0.992864727973938,26467.310546875,1.848476495562025
3,102126_00001,Siemens,0,0.9932550191879272,23042.451171875,1.7758105639673125
3,102129_00001,Siemens,0,0.9906960725784302,8096.64453125,1.7699328651963775
3,102131_00001,Toshiba,0,0.987375020980835,5758.20361328125,1.7311077399590034
3,102138_00001,Philips,1,0.9926398992538452,9048.0478515625,1.7386682519297578
3,102146_00001,Siemens,0,0.9933330416679382,12725.5107421875,1.7468938103163922
3,102148_00001,Toshiba,0,0.9921385645866394,3312.621826171875,1.5842381141664503
3,102162_00001,Siemens,0,0.9902161359786987,2896.91357421875,1.6071835586940493
3,102165_00001,Philips,0,0.935523509979248,1053.3023681640625,1.3407491310517405
3,102169_00001,Siemens,0,0.9938429594039917,5509.603515625,1.686444503866245
3,102185_00001,Toshiba,0,0.9824230670928955,15082.3857421875,1.845397521916393
3,102186_00001,Siemens,0,0.992061972618103,21353.94921875,1.8404490862483687
3,102203_00001,Philips,1,0.995226263999939,13353.1748046875,1.6949656797797967
3,102217_00001,Toshiba,0,0.9937345385551453,5348.6240234375,1.6347065889191128
4,100003_00001,Toshiba,1,0.9912039041519165,14586.8544921875,1.8788727499762379
4,100008_00001,Toshiba,0,0.9952724575996399,70426.296875,1.9954144330588048
4,100017_00001,Siemens,0,0.9948102235794067,12268.8427734375,1.7612112866220342
4,100022_00001,Toshiba,0,0.9941003918647766,3798.5888671875,1.6990142813045996
4,100023_00001,Siemens,0,0.9916033148765564,4399.353515625,1.594285448793795
4,100024_00001,Siemens,0,0.9948902130126953,5607.37841796875,1.6868424875062114
4,100033_00001,Siemens,1,0.12934772670269012,435.1181640625,0.12934772670269012
4,100035_00001,Philips,0,0.9765800833702087,2451.34033203125,1.6092716437250105
4,100038_00001,Siemens,0,0.9788546562194824,1156.380126953125,1.537278818785279
4,100043_00001,Siemens,1,0.9939024448394775,20938.412109375,1.8901212814154569
4,100046_00001,Toshiba,0,0.9924374222755432,40277.3984375,1.8742189246925511
4,100049_00001,Toshiba,0,0.9936487078666687,5137.6689453125,1.6566599968281075
4,100061_00001,Siemens,0,0.9921537041664124,4998.17333984375,1.6316070556556803
4,100063_00001,Siemens,0,0.9902161359786987,3275.982177734375,1.6874370956893505
4,100075_00001,Toshiba,0,0.991186797618866,4052.33544921875,1.6773352345772492
4,100088_00001,Philips,0,0.9903102517127991,1592.9166259765625,1.597638958724729
4,100099_00001,Philips,0,0.9934230446815491,42610.23046875,1.9484360416786137
4,100101_00001,Toshiba,1,0.9933589100837708,10119.7919921875,1.7208808872423078
4,100103_00001,Toshiba,0,0.9938787817955017,60013.84375,1.9031461548008162
4,100106_00001,Siemens,0,0.9943031072616577,15636.7275390625,1.729740211098257
4,100113_00001,Siemens,1,0.9840630292892456,122193.2421875,2.1034827531591453
4,100124_00001,Philips,1,0.9596109390258789,4566.7587890625,1.634619433345151
4,100128_00001,Other,0,0.9937829375267029,7280.59326171875,1.7219380925361654
4,100130_00001,Philips,1,0.9915215969085693,1539.82275390625,1.5608027741125634
4,100148_00001,Siemens,0,0.9592307209968567,4467.61865234375,1.5533803648244022
4,100150_00001,Philips,1,0.9930827617645264,12906.55078125,1.8538786078834826
4,100157_00001,Philips,1,0.994541347026825,10739.830078125,1.7921815598841662
4,100159_00001,Philips,0,0.9936240911483765,23573.82421875,1.8676963941839042
4,100173_00001,Siemens,0,0.9931228756904602,1760.1923828125,1.5947368295731377
4,100184_00001,Toshiba,0,0.8611299395561218,8590.4482421875,1.548636804894266
4,100186_00001,Siemens,0,0.9941459894180298,1989.281982421875,1.6187145620756807
4,100192_00001,Toshiba,0,0.9903849363327026,4869.18603515625,1.722493913113755
4,100194_00001,Philips,1,0.9916195869445801,72945.828125,2.013897416218319
4,100195_00001,Siemens,0,0.9904406070709229,7736.1962890625,1.7416693780902657
4,100203_00001,Other,0,0.9939613342285156,29485.24609375,1.8354458268283476
4,100204_00001,Siemens,1,0.9957436919212341,12249.466796875,1.724602069338645
4,100208_00001,Philips,1,0.9953363537788391,10441.646484375,1.653203066758703
4,100212_00001,Siemens,0,0.9921689629554749,8149.8857421875,1.693543090421475
4,100225_00001,Philips,0,0.9898695349693298,3569.616455078125,1.6238962081606956
4,100231_00001,Siemens,0,0.9618217349052429,7388.5478515625,1.6939249232009626
4,100244_00001,Toshiba,1,0.9905508756637573,134709.171875,2.080345438194055
4,100245_00001,Siemens,1,0.9822707772254944,13311.841796875,1.7950636857330298
4,100252_00001,Siemens,0,0.9949001669883728,22325.28515625,1.727021504321623
4,100254_00001,Siemens,0,0.9949396848678589,3446.32861328125,1.6292803989661637
4,100256_00001,Siemens,0,0.9846641421318054,4516.74951171875,1.6430039462715096
4,100258_00001,Siemens,0,0.9911527037620544,23751.22265625,1.932638563576733
4,100259_00001,Toshiba,1,0.9879462122917175,3412.59814453125,1.6708045159902831
4,100262_00001,Siemens,1,0.9860442876815796,32255.828125,1.88543190948027
4,100264_00001,Siemens,0,0.9930152893066406,3571.479736328125,1.6033857973030616
4,100265_00001,Toshiba,1,0.9924374222755432,8870.515625,1.7686553975948744
4,100265_00002,Philips,1,0.9925537705421448,84089.1875,2.0038342912705156
4,100269_00001,Toshiba,0,0.9816303849220276,5642.99609375,1.616654935291343
4,100276_00001,Toshiba,1,0.9913222789764404,3116.050048828125,1.6691676857846152
4,100289_00001,Siemens,0,0.9956346154212952,12596.1611328125,1.791866143412628
4,100302_00001,Siemens,0,0.9921841025352478,4631.61181640625,1.6770983583398082
4,100304_00001,Philips,0,0.9907855987548828,8415.3447265625,1.7318189363749517
4,100306_00001,Toshiba,0,0.9880388379096985,8199.6337890625,1.683953444105169
4,100312_00001,Siemens,1,0.988447368144989,11466.3828125,1.8292136012961535
4,100316_00001,Toshiba,1,0.991635799407959,30439.96875,1.966587661812848
4,100317_00001,Toshiba,0,0.9931628704071045,7670.087890625,1.727153776227905
4,100346_00001,Siemens,0,0.9575167298316956,3418.458251953125,1.4788961863789425
4,100347_00001,Siemens,1,0.9930017590522766,10461.734375,1.7383566253840201
4,100354_00001,Toshiba,0,0.8155264854431152,485.7640686035156,1.2014005721077055
4,100356_00001,Toshiba,1,0.9940658807754517,4544.55224609375,1.7286955073005947
4,100358_00001,Toshiba,0,0.9898303151130676,10124.861328125,1.7672707050335839
4,100362_00001,Siemens,0,0.9731642603874207,4193.9755859375,1.6123059550810348
4,100363_00001,Siemens,0,0.9899086952209473,909.7659912109375,1.5399144422819346
4,100366_00001,Toshiba,0,0.9937466382980347,12648.623046875,1.8121575070509681
4,100369_00001,Philips,1,0.9942474365234375,60817.10546875,1.9628836491931354
4,100370_00001,Siemens,0,0.9940890073776245,39983.7734375,1.9706726577229658
4,100377_00001,Siemens,0,0.9924227595329285,25756.14453125,1.9098692478737278
4,100383_00001,Siemens,0,0.9922744631767273,16576.33203125,1.8124280387855003
4,100399_00001,Toshiba,0,0.9909971952438354,18851.091796875,1.8908092629613644
4,100404_00001,Toshiba,1,0.9946255087852478,12131.470703125,1.7113145153241747
4,100407_00001,Philips,1,0.9915707111358643,7483.96728515625,1.7571334440681334
4,100409_00001,Toshiba,1,0.9921992421150208,36039.92578125,1.9819674983229703
4,100420_00001,Siemens,0,0.9967899918556213,16272.568359375,1.8395165873611046
4,100428_00001,Siemens,0,0.9917643666267395,6997.8603515625,1.7120618547216429
4,100436_00001,Siemens,1,0.992452085018158,41145.4609375,1.9808653870839918
4,100445_00001,Siemens,0,0.9583432078361511,1024.233642578125,1.4940477280402913
4,100454_00001,Siemens,0,0.992408037185669,13469.62890625,1.7714617903592158
4,100455_00001,Siemens,0,0.9745803475379944,4077.955810546875,1.6645734780499235
4,100455_00002,Siemens,0,0.9769567847251892,1821.713623046875,1.4645628104980752
4,100458_00001,Siemens,0,0.9926256537437439,81635.7265625,1.9589346910280265
4,100459_00001,Toshiba,0,0.9942362904548645,9407.330078125,1.6576148960610704
4,100464_00001,Siemens,1,0.9953904151916504,17561.4921875,1.7671295745541207
4,100470_00001,Toshiba,0,0.9947900772094727,3343.48291015625,1.631990307306347
4,100472_00001,Siemens,0,0.9940197467803955,4797.02880859375,1.6320151690255769
4,100475_00001,Toshiba,0,0.9864417314529419,16832.12109375,1.7864096909804699
4,100483_00001,Toshiba,0,0.9889278411865234,3780.29638671875,1.671373259417991
4,100487_00001,Toshiba,0,0.967563807964325,2439.27001953125,1.5571734559929404
4,100495_00001,Toshiba,0,0.9913390278816223,5275.1162109375,1.7167733769064808
4,100499_00001,Toshiba,0,0.9932550191879272,2539.6328125,1.6474384105968571
4,100503_00001,Siemens,1,0.9927951693534851,12516.8134765625,1.858774180818601
4,100511_00001,Siemens,0,0.9879229664802551,11583.818359375,1.8129702401847159
4,100515_00001,Toshiba,1,0.9951419830322266,8417.0703125,1.7494303372804219
4,100527_00001,Toshiba,0,0.9897909760475159,6491.65576171875,1.7085919850729734
4,100532_00001,Toshiba,0,0.9933717250823975,1275.3914794921875,1.4927690718742004
4,100533_00001,Toshiba,1,0.9921537041664124,63845.03125,1.997720962977896
4,100535_00001,Toshiba,0,0.9867772459983826,3913.388427734375,1.5945123489835153
4,100540_00001,Siemens,0,0.9915380477905273,33769.3203125,1.8795149658329957
4,100545_00001,Toshiba,1,0.7139803767204285,536.5211181640625,0.9705537880567717
4,100549_00001,Siemens,0,0.9930423498153687,6937.97802734375,1.6875640607883589
4,100552_00001,Siemens,0,0.9929060935974121,35010.35546875,1.8116684063825677
4,100555_00001,Philips,1,0.9938190579414368,12180.984375,1.8298120778819893
4,100560_00001,Siemens,0,0.05577168986201286,331.9835205078125,0.05577168986201286
4,100564_00001,Toshiba,1,0.7662936449050903,961.421142578125,1.12057252451309
4,100568_00001,Toshiba,0,0.9942362904548645,5348.8515625,1.6318568475089676
4,100599_00001,Other,1,0.9916841983795166,4642.3564453125,1.590085287598084
4,100603_00001,Siemens,0,0.9938070178031921,8927.298828125,1.7021719004671225
4,100615_00001,Toshiba,0,0.9930289387702942,68526.25,1.9686442119517056
4,100618_00001,Siemens,0,0.9938309192657471,6068.32080078125,1.6993293511097505
4,100623_00001,Philips,1,0.9909096360206604,9055.25,1.7668856570308173
4,100625_00001,Siemens,0,0.9932287931442261,11090.837890625,1.725336080189813
4,100634_00001,Toshiba,1,0.9929746389389038,7455.791015625,1.7169770539038671
4,100651_00001,Philips,0,0.995226263999939,23343.474609375,1.7713469105634216
4,100658_00001,Siemens,1,0.986828088760376,24244.875,1.9277402883677608
4,100661_00001,Siemens,0,0.9964063763618469,19092.28125,1.7478460873828001
4,100666_00001,Siemens,0,0.9856076240539551,1559.4212646484375,1.57175371711278
4,100670_00001,Siemens,0,0.9936364889144897,9076.634765625,1.710123563826548
4,100671_00001,Siemens,0,0.8528128862380981,647.1201782226562,1.271735258704662
4,100672_00001,Siemens,0,0.992046594619751,4207.59716796875,1.7111147444554997
4,100674_00001,Siemens,0,0.9882221817970276,9701.0537109375,1.6436949206784954
4,100679_00001,Philips,1,0.9948603510856628,7497.94140625,1.6575160176878803
4,100682_00001,Philips,0,0.9744591116905212,54815.73046875,2.0041957493902567
4,100684_00001,Other,1,0.9954439401626587,4396.05859375,1.5947847440235394
4,100685_00001,Siemens,0,0.8320320844650269,1511.5164794921875,1.2417718464521472
4,100688_00001,Siemens,0,0.9950946569442749,10801.45703125,1.6983915592901542
4,100690_00001,Philips,1,0.9436599016189575,512.2537231445312,1.3758568067880856
4,100701_00001,Siemens,0,0.9931095838546753,10159.39453125,1.7863496171584876
4,100702_00001,Toshiba,0,0.9920312166213989,19520.125,1.8295372046966187
4,100707_00001,Toshiba,0,0.9928370118141174,34333.05078125,1.9261880911711293
4,100713_00001,Philips,1,0.9916195869445801,6480.01513671875,1.689675934780484
4,100717_00001,Siemens,0,0.9883801937103271,3586.4404296875,1.6583424168559138
4,100725_00001,Toshiba,1,0.9924666285514832,78943.09375,2.050878289488803
4,100729_00001,Toshiba,0,0.9912885427474976,9273.962890625,1.696821957010081
4,100737_00001,Toshiba,0,0.9897116422653198,3083.7861328125,1.6275910595338716
4,100742_00001,Siemens,0,0.9946671724319458,12364.01171875,1.8114649146057828
4,100753_00001,Siemens,0,0.9913892149925232,1913.89892578125,1.5356324203486733
4,100754_00001,Siemens,0,0.9935243129730225,5958.36767578125,1.7192803751168069
4,100761_00001,Siemens,0,0.9904406070709229,8601.2861328125,1.7286835644456287
4,100764_00001,Siemens,0,0.9946255087852478,3114.0009765625,1.6220292140042898
4,100771_00001,Siemens,0,0.6079541444778442,431.1052551269531,0.77614309342741
4,100777_00001,Siemens,0,0.996870219707489,11143.837890625,1.7951444964643486
4,100784_00001,Philips,0,0.991305410861969,976.76123046875,1.5595369863890098
4,100787_00001,Toshiba,0,0.9921233057975769,13828.068359375,1.7615723544498987
4,100791_00001,Siemens,0,0.9936856627464294,35202.3359375,1.9569526293359205
4,100800_00001,Siemens,0,0.9894702434539795,12462.2529296875,1.7554399943964059
4,100804_00001,Siemens,0,0.9786922335624695,2722.858154296875,1.6396408887859304
4,100812_00001,Toshiba,0,0.9955403208732605,8099.0927734375,1.780597109521026
4,100814_00001,Siemens,0,0.9926113486289978,10388.1337890625,1.714419705040602
4,100816_00001,Siemens,0,0.6071828603744507,535.3349609375,0.7483441352950834
4,100822_00001,Toshiba,1,0.9947595000267029,11924.548828125,1.7405792250696512
4,100825_00001,Toshiba,1,0.9923785924911499,30069.5078125,1.9139839522176958
4,100827_00001,Toshiba,0,0.9867261648178101,57717.09765625,1.9335974721249085
4,100833_00001,Siemens,0,0.994929850101471,6011.123046875,1.7642481597304138
4,100836_00001,Toshiba,0,0.9950467348098755,4568.244140625,1.63711461547169
4,100837_00001,Philips,1,0.9188450574874878,1796.86962890625,1.403849886198515
4,100842_00001,Philips,1,0.9904775619506836,60584.48046875,1.9678067565308437
4,100852_00001,Philips,1,0.9919691681861877,8896.5,1.8086391749515287
4,100853_00001,Siemens,0,0.9900828003883362,22944.5234375,1.915017885919149
4,100865_00001,Toshiba,0,0.9955315589904785,13127.759765625,1.7293868790106184
4,100867_00001,Siemens,0,0.9927109479904175,12167.00390625,1.7421269101146426
4,100869_00001,Toshiba,0,0.9952077269554138,20664.25,1.8206244404995826
4,100877_00001,Philips,0,0.9760836362838745,4335.29443359375,1.7056875979407025
4,100887_00001,Toshiba,0,0.9584988951683044,325.5682373046875,1.349327578681803
4,100888_00001,Siemens,0,0.9854404330253601,8077.4189453125,1.7798565934697743
4,100889_00001,Toshiba,0,0.9933071732521057,10585.1923828125,1.7681465115979504
4,100911_00001,Other,0,0.986954391002655,6557.89892578125,1.6696081655967898
4,100919_00001,Siemens,1,0.98973149061203,1339.9110107421875,1.4928786899400623
4,100920_00001,Toshiba,0,0.9932550191879272,2791.755859375,1.6295862835890629
4,100921_00001,Toshiba,0,0.9887771010398865,2495.53759765625,1.6344648678774598
4,100933_00001,Philips,1,0.9915707111358643,19997.986328125,1.9047592303361973
4,100934_00001,Philips,1,0.9890975952148438,77951.5,2.083737183380997
4,100937_00001,Toshiba,0,0.9935494065284729,17122.1328125,1.8532343380988712
4,100941_00001,Other,1,0.9930017590522766,1612.4593505859375,1.5770081175770971
4,100944_00001,Toshiba,0,0.9944126009941101,6465.10546875,1.7294234364533423
4,100945_00001,Siemens,0,0.9714016318321228,1147.811279296875,1.4010035861057943
4,100949_00001,Toshiba,0,0.9954350590705872,2511.13720703125,1.6667196443309396
4,100950_00001,Siemens,1,0.991355836391449,15062.9248046875,1.8012740320743674
4,100959_00001,Toshiba,1,0.9960391521453857,12319.2265625,1.7120317479401261
4,100960_00001,Siemens,0,0.9958980679512024,15896.884765625,1.8577047764468002
4,100967_00001,Philips,1,0.5578349232673645,1160.780029296875,0.6965990885606419
4,100968_00001,Siemens,0,0.993890643119812,13273.6171875,1.8128053839051916
4,100970_00001,Siemens,0,0.9897513389587402,749.910400390625,1.5223487087492238
4,100991_00001,Siemens,0,0.9906056523323059,12547.1708984375,1.7707848672616964
4,100994_00001,Philips,1,0.9918121099472046,7026.58349609375,1.7845250917354598
4,101003_00001,Siemens,1,0.9917484521865845,33827.65234375,1.973485973579099
4,101004_00001,Siemens,0,0.9946980476379395,3618.41845703125,1.6469042528537226
4,101023_00001,Philips,1,0.9942586421966553,19670.21484375,1.8241053959682583
4,101026_00001,Philips,1,0.9946671724319458,19950.369140625,1.842472845154047
4,101048_00001,Siemens,1,0.9926398992538452,8067.583984375,1.7816429408711103
4,101053_00001,Siemens,0,0.9946463704109192,12346.62890625,1.8089036679746495
4,101059_00001,Toshiba,0,0.993320107460022,3907.955078125,1.6505409790442305
4,101063_00001,Siemens,1,0.9939378499984741,6861.70703125,1.7685340051491323
4,101073_00001,Siemens,0,0.9957767128944397,6764.8701171875,1.6835885921971459
4,101076_00001,Siemens,0,0.9853278994560242,2533.02001953125,1.5812623622096313
4,101084_00001,Siemens,0,0.9941459894180298,21645.98046875,1.7686129925050047
4,101090_00001,Toshiba,0,0.9926113486289978,1706.122314453125,1.5670397596963082
4,101104_00001,Other,0,0.9898892045021057,35608.6796875,1.863790413853503
4,101107_00001,Siemens,0,0.9921992421150208,2289.427001953125,1.5347286246626852
4,101108_00001,Toshiba,0,0.9937950372695923,22725.50390625,1.8467668601688167
4,101114_00001,Toshiba,0,0.918333888053894,875.0125732421875,1.380211728645065
4,101122_00001,Toshiba,1,0.9874961376190186,3765.543212890625,1.6999335390028198
4,101130_00001,Siemens,0,0.9968335032463074,23475.12109375,1.8148456297627797
4,101131_00001,Siemens,0,0.9932942390441895,8349.2255859375,1.7592700702931663
4,101134_00001,Siemens,0,0.9937708973884583,3111.3837890625,1.5986262567845069
4,101135_00001,Other,1,0.9924374222755432,24275.12109375,1.8275868218111426
4,101141_00001,Siemens,0,0.06822642683982849,251.75794982910156,0.06822642683982849
4,101148_00001,Siemens,0,0.9884026646614075,5378.20654296875,1.5788583564873075
4,101162_00001,Siemens,0,0.9933974742889404,16424.248046875,1.7931455999698533
4,101165_00001,Toshiba,0,0.9900828003883362,36860.328125,1.9694387566668077
4,101167_00001,Toshiba,0,0.9921689629554749,20151.6015625,1.8319745290296678
4,101175_00001,Philips,1,0.9932680726051331,10367.5537109375,1.7353689338251808
4,101176_00001,Siemens,0,0.9951889514923096,26769.515625,1.8797855822834515
4,101179_00001,Siemens,0,0.9940774440765381,4057.05517578125,1.5962696563752252
4,101181_00001,Siemens,0,0.991635799407959,1640.2833251953125,1.5555509907716405
4,101184_00001,Siemens,0,0.9938429594039917,27702.0859375,1.8219097255061063
4,101197_00001,Siemens,0,0.9851003289222717,3691.10791015625,1.5803969131267808
4,101200_00001,Siemens,0,0.9938787817955017,2064.75146484375,1.5670259959009614
4,101208_00001,Siemens,0,0.9829874038696289,5944.4833984375,1.655089078522181
4,101211_00001,Siemens,0,0.9894702434539795,944.9420166015625,1.4920657483699935
4,101221_00001,Philips,1,0.9930017590522766,16073.9697265625,1.7616542366207912
4,101225_00001,Siemens,0,0.9918121099472046,10631.4150390625,1.828131781870239
4,101227_00001,Toshiba,1,0.9937587976455688,5486.3671875,1.69733007885746
4,101233_00001,Toshiba,0,0.9879229664802551,3401.205810546875,1.654963602152227
4,101246_00001,Siemens,0,0.9944666028022766,7690.16845703125,1.5803095662728948
4,101255_00001,Siemens,0,0.9951419830322266,5581.35693359375,1.6716438666993563
4,101271_00001,Siemens,1,0.9933974742889404,25047.509765625,1.8054128163892642
4,101275_00001,Toshiba,0,0.9919535517692566,3498.21484375,1.651173969411408
4,101278_00001,Toshiba,0,0.992452085018158,6671.63671875,1.7258318782166173
4,101281_00001,Siemens,0,0.9943140745162964,24217.966796875,1.886675090872514
4,101284_00001,Philips,1,0.9946358799934387,4537.416015625,1.7142557423375737
4,101291_00001,Philips,0,0.9914058446884155,7701.6826171875,1.7451718139334869
4,101298_00001,Siemens,0,0.9881993532180786,14805.177734375,1.8473643638034247
4,101321_00001,Philips,1,0.9906600117683411,26196.087890625,1.9494912984338013
4,101326_00001,Toshiba,0,0.9951136708259583,6408.6259765625,1.6226365998110757
4,101330_00001,Siemens,0,0.9937587976455688,30182.80859375,1.8930956199712672
4,101350_00001,Siemens,0,0.9937587976455688,9084.7294921875,1.645917299671423
4,101356_00001,Siemens,0,0.9939496517181396,513.88720703125,1.4140846192638108
4,101366_00001,Siemens,0,0.00972727220505476,247.43862915039062,0.00972727220505476
4,101369_00001,Philips,1,0.9929746389389038,10975.216796875,1.7763552788304509
4,101375_00001,Siemens,1,0.9879695177078247,9181.90234375,1.8138175764371216
4,101388_00001,Toshiba,0,0.9917163252830505,7902.24951171875,1.761133644969894
4,101390_00001,Toshiba,0,0.9937345385551453,4887.80517578125,1.667203509276052
4,101393_00001,Toshiba,0,0.9904590845108032,27278.21484375,1.8303917597363668
4,101394_00001,Other,1,0.9904406070709229,5972.09716796875,1.7208945907829527
4,101396_00001,Toshiba,1,0.9925969839096069,5604.89404296875,1.6484368702646317
4,101397_00001,Toshiba,0,0.99405437707901,7392.220703125,1.6496433136117825
4,101398_00001,Toshiba,0,0.994562566280365,2531.646484375,1.643619534466696
4,101422_00001,Siemens,0,0.34673479199409485,386.2977294921875,0.34673479199409485
4,101431_00001,Siemens,0,0.03426161780953407,72.67972564697266,0.03426161780953407
4,101432_00001,Siemens,0,0.9918437600135803,21433.2109375,1.8416055821325046
4,101441_00001,Siemens,0,0.9902538657188416,5746.724609375,1.7209483454946337
4,101444_00001,Siemens,0,0.9905874133110046,9189.8291015625,1.7438061970210101
4,101454_00001,Siemens,1,0.9943690896034241,8873.23828125,1.7744349155735726
4,101470_00001,Toshiba,0,0.9943471550941467,8644.732421875,1.7634061233259135
4,101473_00001,Siemens,0,0.9906418919563293,116248.609375,2.104788200655309
4,101474_00001,Siemens,0,0.9796676635742188,325.4115295410156,1.3638538765463397
4,101486_00001,Toshiba,0,0.988447368144989,19886.236328125,1.8856249952229682
4,101490_00001,Toshiba,0,0.9862841367721558,3761.028076171875,1.6098450416091667
4,101493_00001,Toshiba,0,0.9939963817596436,5673.37548828125,1.5957892075738536
4,101503_00001,Siemens,1,0.9893680214881897,10192.2119140625,1.8292353930410659
4,101504_00001,Siemens,0,0.9948503375053406,27080.46484375,1.8839834266589655
4,101510_00001,Toshiba,0,0.9926256537437439,6294.67578125,1.6689897856322582
4,101516_00001,Toshiba,0,0.9890342950820923,3031.270263671875,1.6293579415503814
4,101521_00001,Siemens,1,0.9897513389587402,40150.25,2.002236131296655
4,101530_00001,Philips,1,0.9930423498153687,6444.89111328125,1.7591683579026987
4,101542_00001,Toshiba,0,0.9939730763435364,21678.97265625,1.819544197290163
4,101543_00001,Philips,1,0.9898303151130676,70722.203125,2.0407556882472893
4,101544_00001,Siemens,0,0.9434518814086914,554.329345703125,1.3692639440211638
4,101545_00001,Philips,1,0.9819965362548828,11923.607421875,1.634655798138094
4,101553_00001,Siemens,0,0.9929198622703552,3115.203369140625,1.6592543286311492
4,101563_00001,Siemens,1,0.9912039041519165,22257.806640625,1.865500886143543
4,101564_00001,Siemens,1,0.9895513653755188,17566.345703125,1.8976295205213158
4,101569_00001,Philips,1,0.9870545864105225,16551.453125,1.7690220608394238
4,101578_00001,Philips,1,0.986151397228241,11960.091796875,1.7493335804116106
4,101580_00001,Siemens,0,0.9919847846031189,3004.5166015625,1.6218259011828136
4,101583_00001,Siemens,0,0.9949592351913452,18424.681640625,1.7777063860790234
4,101593_00001,Philips,1,0.9947186708450317,3919.137939453125,1.7055730926347445
4,101607_00001,Toshiba,0,0.9941913485527039,6172.4228515625,1.7179231235079153
4,101611_00001,Toshiba,0,0.9828232526779175,1739.494384765625,1.6073169023730556
4,101616_00001,Philips,1,0.9821683764457703,12731.73046875,1.843604680721195
4,101622_00001,Philips,0,0.9847230911254883,14422.1484375,1.8397145680532863
4,101624_00001,Siemens,0,0.9900828003883362,2426.872802734375,1.5863701539591228
4,101626_00001,Toshiba,0,0.9862841367721558,6289.03125,1.6809251507412653
4,101627_00001,Siemens,0,0.9963994026184082,10141.95703125,1.69462141996319
4,101631_00001,Siemens,0,0.9935368895530701,5156.79248046875,1.743409089312178
4,101638_00001,Toshiba,0,0.9934484362602234,12011.5244140625,1.7461721716395227
4,101640_00001,Philips,1,0.9888203740119934,3486.444580078125,1.6850585639387614
4,101650_00001,Siemens,0,0.9906237721443176,12211.845703125,1.853423002747794
4,101652_00001,Toshiba,0,0.9915215969085693,10885.4052734375,1.6447791277221424
4,101657_00001,Toshiba,0,0.973569393157959,5181.9453125,1.6900118808531357
4,101662_00001,Siemens,0,0.9894090890884399,14684.826171875,1.8636322956618545
4,101664_00001,Toshiba,0,0.9884918928146362,30221.10546875,1.8770331155864863
4,101689_00001,Siemens,1,0.9941913485527039,9991.06640625,1.7427769167046219
4,101690_00001,Toshiba,0,0.965348482131958,3184.173583984375,1.627898793650521
4,101694_00001,Siemens,1,0.995969295501709,32839.95703125,1.957309420868228
4,101696_00001,Siemens,1,0.9938070178031921,3786.64697265625,1.5842499760992943
4,101718_00001,Toshiba,0,0.9833430051803589,2660.900390625,1.5715999248727184
4,101719_00001,Toshiba,0,0.9944342970848083,4614.98974609375,1.6382804198604028
4,101721_00001,Philips,1,0.9900828003883362,111943.296875,2.1342091997926147
4,101723_00001,Toshiba,0,0.9917643666267395,2476.89599609375,1.5187134114025962
4,101729_00001,Siemens,0,0.9931495785713196,10656.7041015625,1.805781761355239
4,101732_00001,Siemens,0,0.9927812218666077,44031.03515625,1.8534624704620175
4,101739_00001,Siemens,0,0.9757392406463623,909.50244140625,1.2060015163251891
4,101753_00001,Toshiba,0,0.9318976402282715,2281.350341796875,1.4079790738658202
4,101758_00001,Siemens,0,0.9944773316383362,13392.798828125,1.8344390695117536
4,101769_00001,Siemens,0,0.7901257872581482,229.01638793945312,0.9792469704750221
4,101771_00001,Siemens,0,0.9892441034317017,6072.1884765625,1.6142729685751127
4,101776_00001,Siemens,0,0.9949001669883728,5268.7646484375,1.7144586837507614
4,101778_00001,Toshiba,0,0.9929609894752502,13588.89453125,1.8353454697655254
4,101783_00001,Siemens,0,0.9930558800697327,12256.962890625,1.830081780446575
4,101789_00001,Toshiba,0,0.9872773289680481,3066.28369140625,1.6071009267242637
4,101791_00001,Siemens,0,0.9878528118133545,27679.9453125,1.9017624450080868
4,101799_00001,Siemens,0,0.9697281122207642,1830.3697509765625,1.4655415556281293
4,101816_00001,Philips,1,0.9896118640899658,12287.0703125,1.838660502420019
4,101817_00001,Siemens,0,0.9549003839492798,10799.162109375,1.7623905964998117
4,101820_00001,Toshiba,0,0.9890553951263428,4510.54052734375,1.6895897345632571
4,101824_00001,Toshiba,0,0.9927109479904175,11812.625,1.753333183204872
4,101832_00001,Other,1,0.9927672147750854,39928.0625,1.858450154385061
4,101834_00001,Toshiba,0,0.9934611320495605,4264.9130859375,1.621002065075464
4,101843_00001,Siemens,0,0.954562783241272,2068.585693359375,1.485191465759626
4,101859_00001,Toshiba,0,0.9925969839096069,5868.7275390625,1.6637175270393014
4,101861_00001,Siemens,0,0.9887987971305847,5442.888671875,1.5595768954924036
4,101870_00001,Siemens,0,0.9942025542259216,6107.02392578125,1.6540687162402201
4,101871_00001,Toshiba,0,0.9805620312690735,2714.05029296875,1.548126836185678
4,101874_00001,Siemens,0,0.9915052056312561,8945.43359375,1.6517304065221052
4,101883_00001,Siemens,0,0.9914721846580505,16939.513671875,1.8652953226255582
4,101888_00001,Siemens,0,0.9873262047767639,3769.033203125,1.591024912383276
4,101891_00001,Philips,0,0.9930558800697327,1983.654296875,1.5254991717037303
4,101898_00001,Philips,1,0.9927532076835632,19100.349609375,1.8147331707689065
4,101907_00001,Siemens,0,0.9894702434539795,2238.324462890625,1.6130198318756725
4,101912_00001,Toshiba,1,0.995372474193573,3710.569091796875,1.612325520643654
4,101917_00001,Philips,1,0.9932550191879272,5648.8603515625,1.668814960562327
4,101922_00001,Toshiba,0,0.9937100410461426,14584.6943359375,1.8515054936561062
4,101923_00001,Toshiba,0,0.9919535517692566,23908.16796875,1.9239106723277535
4,101925_00001,Siemens,0,0.9934611320495605,9409.427734375,1.7075407399880898
4,101939_00001,Siemens,0,0.9916841983795166,18892.505859375,1.6920750476286928
4,101943_00001,Toshiba,0,0.9901971817016602,1107.1131591796875,1.4624363869567076
4,101947_00001,Siemens,0,0.9921385645866394,6152.08740234375,1.690561123701532
4,101959_00001,Siemens,0,0.9898107051849365,3757.003173828125,1.58819267402019
4,101964_00001,Philips,1,0.9944987893104553,14376.8623046875,1.720088594427136
4,101971_00001,Philips,1,0.9580301642417908,13413.26171875,1.731320328073924
4,101980_00001,Siemens,1,0.9937950372695923,11468.7470703125,1.7700044515325726
4,101983_00001,Siemens,1,0.9928786158561707,31686.04296875,1.9550888898360574
4,101984_00001,Toshiba,0,0.9878058433532715,15691.9365234375,1.73517096556115
4,101988_00001,Siemens,1,0.9904959201812744,11226.568359375,1.7410034637249148
4,102006_00001,Philips,1,0.993574321269989,54829.1015625,1.978349108618869
4,102010_00001,Siemens,0,0.9942025542259216,13934.404296875,1.8024924919984797
4,102016_00001,Toshiba,0,0.9856352806091309,2351.00537109375,1.5681080028672911
4,102031_00001,Siemens,0,0.9815951585769653,5274.86962890625,1.6666171900704578
4,102036_00001,Toshiba,0,0.9947186708450317,10092.466796875,1.7303170772992484
4,102042_00001,Siemens,0,0.9917961359024048,1799.8759765625,1.5749915456706856
4,102054_00001,Siemens,1,0.9934230446815491,9113.9794921875,1.7263114834958526
4,102058_00001,Philips,1,0.9924958944320679,8987.7685546875,1.6633995608079424
4,102060_00001,Siemens,0,0.9941800832748413,18415.435546875,1.7513503175115142
4,102062_00001,Siemens,0,0.9936610460281372,2534.5439453125,1.5222530040700775
4,102064_00001,Siemens,0,0.9939963817596436,3062.9794921875,1.550290098511611
4,102077_00001,Toshiba,0,0.9881537556648254,4395.4189453125,1.6837333044039866
4,102095_00001,Toshiba,0,0.9952999353408813,18683.20703125,1.840334862955663
4,102096_00001,Toshiba,0,0.9865199327468872,8769.2109375,1.6679106586322032
4,102098_00001,Toshiba,0,0.967808187007904,3527.11376953125,1.5885143444679422
4,102100_00001,Toshiba,0,0.9925103187561035,2637.379638671875,1.669993832331744
4,102101_00001,Philips,0,0.9927391409873962,2419.7314453125,1.5630133188913702
4,102102_00001,Toshiba,1,0.9918121099472046,14446.328125,1.820824162965526
4,102105_00001,Siemens,1,0.9965233206748962,13103.138671875,1.8588326533245823
4,102107_00001,Siemens,1,0.9917002320289612,20802.5390625,1.923568138087695
4,102114_00001,Siemens,0,0.9893680214881897,49352.68359375,1.9734114866747687
4,102119_00001,Siemens,0,0.9958741068840027,17526.7421875,1.7711990742697286
4,102122_00001,Toshiba,0,0.9909096360206604,5831.419921875,1.686050455840797
4,102127_00001,Siemens,0,0.9897116422653198,3305.0068359375,1.6226745675297012
4,102132_00001,Toshiba,1,0.9887337684631348,49049.37890625,2.0303818868431414
4,102137_00001,Philips,1,0.9939613342285156,1871.2645263671875,1.6355774886114167
4,102143_00001,Siemens,0,0.38468098640441895,1445.5516357421875,0.38468098640441895
4,102145_00001,Toshiba,0,0.992452085018158,5508.86669921875,1.7042047429174443
4,102147_00001,Toshiba,1,0.9896917939186096,24226.36328125,1.9315253734850484
4,102154_00001,Toshiba,0,0.9911182522773743,2322.658203125,1.5404279710897344
4,102159_00001,Toshiba,1,0.9748451709747314,1289.849365234375,1.478355761314539
4,102161_00001,Siemens,0,0.7457688450813293,933.1016235351562,1.0804444916401637
4,102164_00001,Philips,1,0.9930827617645264,12014.16796875,1.804901193069337
4,102166_00001,Philips,1,0.9941800832748413,9725.73828125,1.8251793407350734
4,102177_00001,Toshiba,0,0.9656089544296265,2161.50244140625,1.5524261462793238
4,102182_00001,Toshiba,0,0.9960159659385681,1239.071044921875,1.5563014575358565
4,102188_00001,Philips,0,0.9881079792976379,60499.828125,1.9225184332005505
4,102190_00001,Philips,1,0.991455614566803,3281.346435546875,1.6831990119638587
4,102193_00001,Siemens,1,0.9903290271759033,18406.287109375,1.8343345320382933
4,102196_00001,Toshiba,0,0.9931495785713196,18936.34765625,1.8136553675288092
4,102209_00001,Philips,0,0.9847817420959473,29029.57421875,1.9105049650195083
4,102219_00001,Other,0,0.9298236966133118,2479.124755859375,1.5461610613258778
4,102221_00001,Siemens,0,0.9949983358383179,43448.71875,1.8510561741795348
4,102222_00001,Toshiba,0,0.988646388053894,12999.81640625,1.6762171859156727
