{
  "accuracy": 0.8220338983050848,
  "precision": 0.6727272727272727,
  "recall": 0.925,
  "f1": 0.7789473684210526,
  "auc": 0.9439102564102564
}