k,inertia,silhouette
2,10819656.0,0.15509394
3,9955231.0,0.097374484
4,9549863.0,0.07665735
5,9207754.0,0.08697666
6,8897534.0,0.097084574
7,8666096.0,0.08575324
8,8476060.0,0.080684766
9,8349397.0,0.08177451
10,8223967.0,0.08250044
11,8141622.0,0.0802932
12,8027902.0,0.07004297
13,7950426.0,0.07182427
14,7889152.0,0.07349198
15,7828975.0,0.066825405
