cluster,n_slices,acc,precision,recall,f1,auc
0,2020,0.997029702970297,0.9936708860759493,0.9691358024691358,0.98125,0.9997176042206541
1,1493,1.0,1.0,1.0,1.0,1.0
