Model,Slice_Acc,Slice_F1,Slice_AUC,Patient_Acc,Patient_F1,Patient_AUC,Patients
Global,0.9982920580700256,0.9927360774818402,0.9998942185786399,1.0,1.0,1.0,17
Cluster-0,0.9985869053226566,0.995768688293371,1.0,1.0,1.0,1.0,17
Cluster-1,0.9883449883449883,0.9771689497716894,0.9999677508820134,1.0,1.0,1.0,17
