pairing,w_ct,auc_mean,auc_std,n_mean
label-matched,0.3,0.9977118644067797,0.0023515994789001984,99.0
label-matched,0.5,0.9994067796610169,0.0013264810036015876,99.0
label-matched,0.7,0.9997457627118644,0.0005684918586863607,99.0
label-mismatch (control),0.3,0.3519491525423729,0.014674114850758818,99.0
label-mismatch (control),0.5,0.9811016949152542,0.012989897296456193,99.0
label-mismatch (control),0.7,0.9928813559322034,0.009000622404984214,99.0
