w_ct,w_bio,auc,acc,f1,n
0.3,0.7,0.9983050847457627,0.9696969696969697,0.963855421686747,99
0.5,0.5,1.0,1.0,1.0,99
0.7,0.30000000000000004,1.0,1.0,1.0,99
