k,inertia,silhouette
2,36847480.0,0.060883373
3,35664400.0,0.05773253
4,34996308.0,-0.0051469835
5,34405724.0,-0.004795276
6,33936052.0,-0.003944086
7,33489392.0,-0.007373598
8,33112600.0,-0.0017071156
9,32795496.0,-0.00055534224
10,32609818.0,-0.009686511
11,32384738.0,-0.03464843
12,32202724.0,-0.029461337
13,32032230.0,-0.02877943
14,31870836.0,-0.02814491
15,31697976.0,-0.03440701
