fold,case,scanner,y,p_max,p_sum,cc_psz
0,100003_00001,Toshiba,1,0.9864417314529419,14183.23046875,1.8669656455330572
0,100008_00001,Toshiba,0,0.9685303568840027,2644.02001953125,1.605559868704895
0,100019_00001,Siemens,0,0.9876639246940613,3589.284423828125,1.614152174469131
0,100024_00001,Siemens,0,0.982724130153656,7157.6494140625,1.731423473312571
0,100027_00001,Siemens,0,0.9241418242454529,1193.27197265625,1.4569682589510564
0,100032_00001,Siemens,0,0.9811848998069763,2558.666748046875,1.595314074839736
0,100037_00001,Other,0,0.953057050704956,11746.91796875,1.7706886780457687
0,100045_00001,Toshiba,0,0.9888418912887573,4778.611328125,1.6255986418971036
0,100057_00001,Siemens,0,0.954308032989502,2288.349853515625,1.5351444509056233
0,100066_00001,Toshiba,0,0.9620362520217896,11225.3583984375,1.68780387249107
0,100077_00001,Toshiba,0,0.9675945043563843,14519.6259765625,1.6577668991155006
0,100078_00001,Toshiba,0,0.8008477687835693,808.7494506835938,1.188281947331788
0,100081_00001,Siemens,0,0.9747971296310425,1653.931396484375,1.559682486437116
0,100090_00001,Siemens,0,0.983628511428833,2138.807861328125,1.603075639415849
0,100101_00001,Toshiba,1,0.9286680221557617,7747.51806640625,1.5606022568080302
0,100104_00001,Toshiba,0,0.9396923184394836,14271.140625,1.6536513567065083
0,100111_00001,Siemens,0,0.9799574017524719,6004.42919921875,1.6454624938115234
0,100112_00001,Other,0,0.9647224545478821,3143.15869140625,1.5620922277166451
0,100113_00001,Siemens,1,0.9848400950431824,78160.9453125,2.050095974140796
0,100115_00001,Toshiba,0,0.9823893308639526,1378.24072265625,1.5711006308009472
0,100117_00001,Siemens,0,0.9828562140464783,6686.71435546875,1.760108293074769
0,100122_00001,Siemens,0,0.7832432985305786,975.5979614257812,1.1851410944585123
0,100124_00001,Philips,1,0.976445734500885,6833.0009765625,1.7316426497495405
0,100128_00001,Other,0,0.9593832492828369,3894.0498046875,1.586828359588122
0,100141_00001,Toshiba,0,0.9892441034317017,5721.21630859375,1.6880314287433482
0,100146_00001,Siemens,0,0.9888418912887573,7614.958984375,1.7583868568455763
0,100152_00001,Toshiba,0,0.9881079792976379,65058.98046875,1.9915987209798698
0,100154_00001,Toshiba,0,0.9827572107315063,17333.759765625,1.8787935958944562
0,100169_00001,Toshiba,0,0.9086179733276367,1315.017822265625,1.3951921229553976
0,100171_00001,Siemens,0,0.9803937673568726,8949.005859375,1.6818346770208
0,100172_00001,Toshiba,0,0.961713969707489,4426.267578125,1.6367864305893771
0,100173_00001,Siemens,0,0.9761064648628235,4906.453125,1.6946753010522337
0,100177_00001,Siemens,0,0.9869040250778198,13929.693359375,1.8198969430520229
0,100178_00001,Siemens,0,0.8967949151992798,692.1929931640625,1.3582191150922398
0,100186_00001,Siemens,0,0.7588235139846802,1045.6195068359375,1.1639228873674357
0,100188_00001,Siemens,0,0.9711290597915649,4952.056640625,1.5495084840674151
0,100191_00001,Toshiba,0,0.8216888904571533,378.2415466308594,1.1455066258272513
0,100195_00001,Siemens,0,0.9187722206115723,2385.867431640625,1.5073998734055862
0,100203_00001,Other,0,0.9682914614677429,5311.8759765625,1.5287842883791347
0,100206_00001,Siemens,0,0.9585765600204468,621.6226806640625,1.385794290226339
0,100207_00001,Toshiba,0,0.9855243563652039,6065.44580078125,1.6571981769183788
0,100213_00001,Siemens,1,0.9908567667007446,4618.97607421875,1.715183134025626
0,100214_00001,Toshiba,0,0.9750121831893921,6792.9775390625,1.6691177231331986
0,100216_00001,Siemens,0,0.9776925444602966,11339.962890625,1.688743815626702
0,100219_00001,Philips,1,0.9247556924819946,2174.44580078125,1.486167388584162
0,100227_00001,Philips,0,0.9843363761901855,10855.94921875,1.7266628864767333
0,100229_00001,Siemens,1,0.9876400828361511,31099.306640625,1.9372098628480314
0,100234_00001,Philips,1,0.986151397228241,12734.646484375,1.7865747973513795
0,100235_00001,Toshiba,1,0.9844563603401184,100831.7734375,2.1247945734337077
0,100236_00001,Siemens,0,0.9241418242454529,1150.0802001953125,1.4695311853339759
0,100237_00001,Philips,0,0.9857729077339172,10568.9189453125,1.788834146454605
0,100247_00001,Philips,1,0.9856352806091309,25982.458984375,1.9429092851088292
0,100249_00001,Siemens,0,0.8456876873970032,5780.1396484375,1.447088125302992
0,100250_00001,Siemens,0,0.961243748664856,2091.26708984375,1.5528653882490562
0,100255_00001,Siemens,1,0.9856629967689514,11919.9853515625,1.7799741270935294
0,100257_00001,Siemens,1,0.9901019334793091,4271.21875,1.6458149956719426
0,100266_00001,Siemens,1,0.9884026646614075,7017.5205078125,1.7858087806097385
0,100294_00001,Toshiba,0,0.8173559308052063,1747.3741455078125,1.2933255961470125
0,100298_00001,Toshiba,0,0.9859904050827026,19180.791015625,1.8503909120454984
0,100300_00001,Siemens,0,0.9801102876663208,1769.9091796875,1.5440855573865444
0,100309_00001,Siemens,0,0.9770664572715759,5155.0029296875,1.6864392337064422
0,100312_00001,Siemens,1,0.9876400828361511,18133.515625,1.8915466942342152
0,100318_00001,Siemens,0,0.9381806254386902,5487.79638671875,1.5918034674358446
0,100320_00001,Toshiba,0,0.9675024151802063,16483.904296875,1.7812759327163474
0,100333_00001,Siemens,0,0.9888418912887573,5254.36865234375,1.6465350844964974
0,100337_00001,Siemens,0,0.9765800833702087,4080.4990234375,1.5754079607321998
0,100339_00001,Other,1,0.9894090890884399,55619.73046875,1.8934649584674634
0,100341_00001,Toshiba,0,0.9611344933509827,13304.1630859375,1.6743548340616319
0,100348_00001,Toshiba,0,0.4144099950790405,139.31446838378906,0.4144099950790405
0,100355_00001,Siemens,1,0.9321451187133789,648.3180541992188,1.3813478433578186
0,100369_00001,Philips,1,0.9788949489593506,3681.140625,1.6002909841179997
0,100372_00001,Philips,1,0.9826576113700867,68444.671875,2.0543655800545038
0,100373_00001,Philips,1,0.9858003854751587,8590.662109375,1.803190909368768
0,100376_00001,Siemens,0,0.986415684223175,1888.976318359375,1.5578077431022128
0,100380_00001,Toshiba,0,0.9884250164031982,10443.98046875,1.758993301511831
0,100383_00001,Siemens,0,0.7454910278320312,830.0697631835938,1.093483019845019
0,100393_00001,Siemens,0,0.9876876473426819,5551.2197265625,1.7026670544935343
0,100405_00001,Philips,1,0.9852146506309509,102619.1875,2.1204989972814356
0,100406_00001,Siemens,0,0.9846641421318054,18478.80078125,1.885957284630198
0,100410_00001,Siemens,0,0.9087799787521362,6346.73486328125,1.5664906627165769
0,100411_00001,Siemens,0,0.9621075391769409,9683.384765625,1.6843082726306922
0,100419_00001,Toshiba,1,0.9871044158935547,10767.3798828125,1.8339454201391703
0,100420_00001,Siemens,0,0.9761745929718018,9330.197265625,1.7405809290488152
0,100425_00001,Siemens,0,0.9761064648628235,26508.40234375,1.7654310074092536
0,100432_00001,Toshiba,0,0.983628511428833,114707.2265625,2.129812851139915
0,100434_00001,Toshiba,0,0.9679599404335022,4243.33203125,1.615454519776992
0,100441_00001,Siemens,0,0.7786493301391602,1295.154052734375,1.170459476894397
0,100442_00001,Siemens,0,0.9712656736373901,4000.187255859375,1.5787549355962491
0,100445_00001,Siemens,0,0.9597243666648865,3913.802978515625,1.5672963461189577
0,100446_00001,Toshiba,0,0.287017822265625,255.19419860839844,0.287017822265625
0,100456_00001,Toshiba,0,0.6296892166137695,167.48915100097656,0.780408977473814
0,100466_00001,Toshiba,0,0.9508236050605774,3461.278076171875,1.556527671920001
0,100467_00001,Philips,1,0.9866234660148621,6205.33203125,1.7640525116930834
0,100477_00001,Philips,1,0.9854684472084045,13434.1611328125,1.8563025920881469
0,100482_00001,Siemens,0,0.9757854342460632,2255.74853515625,1.553410291359982
0,100483_00001,Toshiba,0,0.9575565457344055,7971.93603515625,1.6360820444389306
0,100487_00001,Toshiba,0,0.7896395921707153,1500.10107421875,1.189012907356627
0,100491_00001,Toshiba,0,0.975669801235199,28626.078125,1.9012655039469435
0,100504_00001,Toshiba,0,0.9648882150650024,3486.8896484375,1.6338535713203937
0,100519_00001,Toshiba,0,0.9848109483718872,4223.0849609375,1.592597591277426
0,100522_00001,Toshiba,0,0.9886682629585266,4059.0283203125,1.6856290440732018
0,100524_00001,Siemens,0,0.8776865601539612,1039.501708984375,1.3567880526121714
0,100526_00001,Philips,1,0.9878761768341064,15366.98828125,1.872420007303115
0,100540_00001,Siemens,0,0.9881079792976379,15086.884765625,1.8510980235097507
0,100544_00001,Philips,1,0.956308901309967,1557.75390625,1.4364329753448908
0,100545_00001,Toshiba,1,0.9680808186531067,3933.52490234375,1.6141325673098408
0,100546_00001,Siemens,0,0.9462003111839294,1414.077392578125,1.4490938016609782
0,100549_00001,Siemens,0,0.9578728675842285,3210.501953125,1.549110684509586
0,100550_00001,Siemens,0,0.9795113801956177,8630.49609375,1.790989802959924
0,100551_00001,Siemens,0,0.8389438390731812,758.40771484375,1.187306818062377
0,100572_00001,Siemens,0,0.9312752485275269,4117.98681640625,1.507715117211302
0,100574_00001,Toshiba,1,0.988447368144989,8019.14013671875,1.76200173817543
0,100576_00001,Toshiba,1,0.9867261648178101,9601.318359375,1.8134638337465543
0,100586_00001,Toshiba,0,0.9735190272331238,3321.831787109375,1.6190823016517926
0,100590_00001,Siemens,0,0.9853278994560242,7621.8857421875,1.7154996581704618
0,100594_00001,Siemens,0,0.9830850958824158,5517.2060546875,1.6944121741470113
0,100596_00001,Siemens,0,0.9773492217063904,5909.5576171875,1.7278402502389747
0,100597_00001,Siemens,0,0.9851576089859009,25484.583984375,1.9328528480697982
0,100611_00001,Siemens,1,0.9834068417549133,40276.87890625,1.9949986694491246
0,100618_00001,Siemens,0,0.9766469597816467,2189.61962890625,1.592739782721418
0,100621_00001,Toshiba,0,0.9747490882873535,8040.7216796875,1.625120613115525
0,100622_00001,Siemens,0,0.9865199327468872,4714.2607421875,1.6722039135481357
0,100636_00001,Philips,1,0.9890342950820923,8627.1796875,1.7896585285839801
0,100639_00001,Toshiba,0,0.9686195850372314,2975.747802734375,1.5688565344012593
0,100641_00001,Siemens,0,0.988949179649353,6973.9169921875,1.7401876744629847
0,100652_00001,Philips,1,0.9783639311790466,1993.25439453125,1.6152851974650297
0,100655_00001,Siemens,1,0.9659639000892639,3031.65673828125,1.5096917182279876
0,100668_00001,Siemens,1,0.9881309270858765,10578.994140625,1.8265853242129364
0,100671_00001,Siemens,0,0.9585765600204468,3872.2412109375,1.6067292823504888
0,100675_00001,Siemens,0,0.9248236417770386,10428.853515625,1.7153490019424555
0,100676_00001,Siemens,0,0.9858003854751587,20220.53515625,1.8739459310217317
0,100690_00001,Philips,1,0.967348575592041,1556.0904541015625,1.5446793317527365
0,100695_00001,Toshiba,1,0.9892855286598206,23080.7578125,1.8327313658847622
0,100697_00001,Siemens,0,0.9224823713302612,1742.4464111328125,1.4953445645608823
0,100715_00001,Philips,1,0.9886682629585266,13185.47265625,1.8302531686457688
0,100726_00001,Philips,0,0.975923478603363,5366.39892578125,1.6219198100523777
0,100734_00001,Philips,1,0.8206132054328918,594.3506469726562,1.1233091943552667
0,100737_00001,Toshiba,0,0.9286680221557617,1831.9759521484375,1.508267061233092
0,100742_00001,Siemens,0,0.9421884417533875,1295.3299560546875,1.4529098703040397
0,100744_00001,Siemens,0,0.988558292388916,4801.57177734375,1.617367279745033
0,100745_00001,Philips,1,0.9866234660148621,17992.998046875,1.8959910121419175
0,100746_00001,Toshiba,0,0.9669452905654907,1110.963134765625,1.471637922994389
0,100747_00001,Toshiba,1,0.9886900782585144,6440.65380859375,1.7754110088636823
0,100755_00001,Philips,1,0.9838472008705139,21589.24609375,1.77912943562603
0,100780_00001,Philips,1,0.90473473072052,10179.0166015625,1.5989266345654103
0,100784_00001,Philips,0,0.5614646673202515,168.751953125,0.6694697639569257
0,100792_00001,Siemens,0,0.9012274742126465,962.9385375976562,1.2843029853140016
0,100795_00001,Philips,1,0.9849852323532104,4489.623046875,1.6947574496481685
0,100801_00001,Siemens,0,0.9767802357673645,21208.646484375,1.88300464791584
0,100802_00001,Philips,0,0.9742639064788818,2553.049072265625,1.5861297821806175
0,100807_00001,Siemens,0,0.7718434929847717,1100.9951171875,1.1893860391051778
0,100815_00001,Toshiba,1,0.9803186058998108,12686.9912109375,1.7431270886509833
0,100823_00001,Siemens,0,0.9439706206321716,1012.6138305664062,1.2188896275878078
0,100827_00001,Toshiba,0,0.9794918298721313,36894.84765625,1.8157259112310877
0,100834_00001,Toshiba,0,0.2813068926334381,379.69622802734375,0.2813068926334381
0,100838_00001,Toshiba,0,0.945600688457489,1914.6785888671875,1.417120224666562
0,100839_00001,Siemens,0,0.9646891355514526,3820.01611328125,1.6114452928945189
0,100846_00001,Toshiba,0,0.9899476170539856,5965.8232421875,1.6905634111198522
0,100857_00001,Toshiba,0,0.95707768201828,2165.984375,1.5436307187041671
0,100862_00001,Siemens,0,0.9832144975662231,44395.4296875,1.9998730918059617
0,100867_00001,Siemens,0,0.9561864137649536,5004.5380859375,1.582647949115828
0,100871_00001,Philips,1,0.9886024594306946,14346.4873046875,1.8714291058158576
0,100880_00001,Siemens,0,0.9782188534736633,15519.2158203125,1.703371014802586
0,100882_00001,Toshiba,1,0.990767776966095,2527.718505859375,1.5667521706395409
0,100891_00001,Toshiba,0,0.8329172730445862,3353.34423828125,1.3993072067368504
0,100892_00001,Siemens,0,0.9877822995185852,4601.9912109375,1.629591550556964
0,100904_00001,Siemens,1,0.9891397356987,3680.768798828125,1.6793870072992991
0,100906_00001,Siemens,0,0.9444848895072937,4755.876953125,1.5345005987378504
0,100907_00001,Siemens,0,0.9082116484642029,3446.109375,1.4562083997372743
0,100908_00001,Philips,1,0.9875683188438416,4945.9404296875,1.7423298824121725
0,100909_00001,Toshiba,0,0.9340951442718506,2957.833984375,1.472990467335413
0,100910_00001,Toshiba,0,0.9852146506309509,11467.93359375,1.8380916132492018
0,100918_00001,Siemens,0,0.9263036847114563,2985.64453125,1.2990035613917505
0,100922_00001,Siemens,0,0.9406808614730835,1431.193115234375,1.4350297847279752
0,100931_00001,Philips,1,0.9801673293113708,1787.1463623046875,1.5387503419689692
0,100940_00001,Siemens,0,0.985042929649353,3197.629150390625,1.6322654906589273
0,100951_00001,Siemens,0,0.9819446802139282,9350.9814453125,1.7527560951207644
0,100953_00001,Toshiba,0,0.970520555973053,3897.9208984375,1.5913499232638149
0,100956_00001,Toshiba,1,0.9864417314529419,76551.7578125,1.9761134493972599
0,100966_00001,Siemens,0,0.9878058433532715,9924.646484375,1.8250366447667339
0,100975_00001,Philips,1,0.9906418919563293,6907.29541015625,1.7849463500195168
0,100982_00001,Siemens,0,0.9806178212165833,16726.5859375,1.8521572110284652
0,100998_00001,Siemens,0,0.9282138347625732,698.6481323242188,1.4048734947244639
0,101007_00001,Toshiba,1,0.9845458269119263,42378.75390625,2.0053414041915665
0,101016_00001,Toshiba,0,0.988949179649353,19112.28125,1.8353932116968443
0,101025_00001,Siemens,0,0.8889999389648438,4291.1240234375,1.4161301226264231
0,101030_00001,Siemens,0,0.8888070583343506,1863.73974609375,1.4289342587852372
0,101031_00001,Philips,1,0.9859364032745361,60033.67578125,2.0552278314262677
0,101040_00001,Siemens,0,0.9658674597740173,3088.382080078125,1.5544004414759909
0,101041_00001,Toshiba,0,0.9861246943473816,3187.788330078125,1.5890843292488288
0,101046_00001,Siemens,1,0.9655115008354187,3895.93994140625,1.6572771838924238
0,101047_00001,Toshiba,0,0.9661878347396851,3937.626953125,1.544286787503534
0,101050_00001,Toshiba,1,0.9870045781135559,64044.37890625,2.066733813173058
0,101054_00001,Toshiba,1,0.9843363761901855,4224.34912109375,1.6750197953528723
0,101055_00001,Toshiba,0,0.9793540239334106,2162.498046875,1.5333785326908602
0,101062_00001,Philips,1,0.9859634041786194,2486.39599609375,1.655454408468812
0,101065_00001,Toshiba,0,0.9767580628395081,22420.0,1.8392866970382458
0,101066_00001,Siemens,0,0.9597998261451721,4652.408203125,1.5516139335372794
0,101069_00001,Toshiba,0,0.987616240978241,10428.0146484375,1.8314573922909456
0,101081_00001,Siemens,0,0.6054200530052185,775.9284057617188,0.7980182775310619
0,101090_00001,Toshiba,0,0.9645224213600159,2555.089599609375,1.5535666616785555
0,101092_00001,Philips,1,0.9869040250778198,15922.0439453125,1.8762318370607856
0,101096_00001,Siemens,0,0.9257686138153076,2824.9453125,1.4690866035891963
0,101098_00001,Toshiba,0,0.9868533611297607,4516.9462890625,1.699871481196347
0,101104_00001,Other,0,0.9865716695785522,16804.16796875,1.860243879792277
0,101110_00001,Toshiba,0,0.9728566408157349,5415.45458984375,1.6833649879896635
0,101112_00001,Toshiba,1,0.9867261648178101,23839.908203125,1.9295472662647983
0,101118_00001,Philips,1,0.9849563241004944,56005.86328125,2.044035811320069
0,101119_00001,Toshiba,0,0.9809308648109436,1741.937744140625,1.5146289053616657
0,101122_00001,Toshiba,1,0.9866490960121155,5804.25830078125,1.74645256057162
0,101124_00001,Philips,0,0.9821169972419739,2453.564208984375,1.5438083242620375
0,101132_00001,Philips,1,0.9896118640899658,31595.017578125,1.9159786934524896
0,101137_00001,Toshiba,1,0.9887337684631348,9089.4443359375,1.817481627736096
0,101150_00001,Toshiba,0,0.9898892045021057,13057.82421875,1.8005702225110094
0,101152_00001,Toshiba,0,0.8272008895874023,1327.5555419921875,1.216879317204633
0,101155_00001,Siemens,0,0.9865716695785522,4938.330078125,1.689612850971545
0,101161_00001,Toshiba,1,0.9890553951263428,7303.4287109375,1.737662674614226
0,101164_00001,Siemens,0,0.9730620980262756,5221.9580078125,1.6675827400223664
0,101165_00001,Toshiba,0,0.9742639064788818,13251.64453125,1.7543207605942055
0,101169_00001,Philips,1,0.9890342950820923,21730.140625,1.9232595091648435
0,101182_00001,Siemens,0,0.9805434346199036,2299.692626953125,1.4838779103009365
0,101184_00001,Siemens,0,0.9730108976364136,10625.6103515625,1.7896717270225029
0,101187_00001,Siemens,0,0.9763104915618896,7714.447265625,1.76315111821846
0,101205_00001,Toshiba,1,0.9894295334815979,18426.40625,1.8149060560660564
0,101208_00001,Siemens,0,0.9459512829780579,1068.519287109375,1.4470846129701842
0,101209_00001,Philips,1,0.9882676005363464,69950.078125,2.048328088620917
0,101218_00001,Siemens,0,0.9778411984443665,21015.419921875,1.8876614506915503
0,101229_00001,Philips,1,0.9874721169471741,6341.6640625,1.7723126715728417
0,101231_00001,Toshiba,0,0.9707155227661133,18290.818359375,1.8188807769631008
0,101236_00001,Philips,1,0.9858275651931763,2916.206787109375,1.6281940210772998
0,101241_00001,Siemens,0,0.9777563810348511,4392.4990234375,1.6647644870589775
0,101243_00001,Siemens,0,0.9356411695480347,4337.365234375,1.6091028259260483
0,101248_00001,Toshiba,0,0.9736195802688599,4330.50537109375,1.6706882364819557
0,101250_00001,Siemens,0,0.9857729077339172,7142.88720703125,1.6981725917393258
0,101252_00001,Toshiba,0,0.9673795104026794,13012.912109375,1.808230335987706
0,101264_00001,Philips,1,0.9873018264770508,50577.1484375,2.0233337933358557
0,101271_00001,Siemens,1,0.9874479174613953,6895.5654296875,1.661971524313707
0,101277_00001,Toshiba,0,0.9263036847114563,1679.3099365234375,1.3901104163087128
0,101285_00001,Siemens,0,0.9385759830474854,1712.4656982421875,1.460958028958607
0,101290_00001,Siemens,1,0.9825909733772278,45963.38671875,2.0131414167728727
0,101305_00001,Siemens,0,0.9742639064788818,1528.46435546875,1.5266229439343473
0,101307_00001,Siemens,0,0.9673795104026794,2655.7958984375,1.5739348978366339
0,101311_00001,Toshiba,0,0.7637481689453125,840.3115844726562,1.1221489761344938
0,101313_00001,Philips,1,0.9896917939186096,5388.98486328125,1.6351618470904659
0,101314_00001,Philips,1,0.983628511428833,48585.6328125,2.011725617191074
0,101336_00001,Philips,1,0.9903849363327026,14640.2021484375,1.8654703831224377
0,101339_00001,Siemens,1,0.987616240978241,2958.460693359375,1.6853278531534903
0,101344_00001,Toshiba,0,0.83601975440979,905.0187377929688,1.2921258469133379
0,101346_00001,Toshiba,0,0.977022647857666,2692.64501953125,1.528000716111117
0,101348_00001,Toshiba,1,0.9818578958511353,1532.5164794921875,1.5188479193828026
0,101357_00001,Siemens,0,0.9657061100006104,14700.306640625,1.7111497856099926
0,101367_00001,Philips,1,0.9898695349693298,4178.53759765625,1.7249130508232429
0,101377_00001,Siemens,1,0.9895513653755188,8178.20751953125,1.7487765216293862
0,101378_00001,Philips,1,0.9582260847091675,12881.10546875,1.7952445690240404
0,101382_00001,Siemens,0,0.9568765759468079,4925.24462890625,1.6584911337231034
0,101388_00001,Toshiba,0,0.9726754426956177,9289.3818359375,1.6836512610138066
0,101391_00001,Siemens,1,0.9894499182701111,3338.2587890625,1.6717869921790396
0,101392_00001,Siemens,1,0.9886900782585144,4409.4638671875,1.7314145131377343
0,101396_00001,Toshiba,1,0.98973149061203,3785.01123046875,1.6515609994066285
0,101398_00001,Toshiba,0,0.929248034954071,3163.69189453125,1.5691432857794514
0,101416_00001,Siemens,0,0.9793145656585693,4825.9296875,1.6895648687681755
0,101420_00001,Siemens,0,0.9388007521629333,1377.794189453125,1.4462198150767018
0,101428_00001,Siemens,0,0.9906600117683411,9842.748046875,1.7030209474888822
0,101429_00001,Toshiba,0,0.7171604633331299,896.7677612304688,0.9889578561905472
0,101431_00001,Siemens,0,0.8961151242256165,662.911865234375,1.3528000472566653
0,101447_00001,Siemens,0,0.9761973023414612,4280.3974609375,1.6287255939328216
0,101458_00001,Toshiba,0,0.9864938259124756,50624.96484375,2.014320032936766
0,101468_00001,Toshiba,0,0.6653018593788147,1095.6724853515625,0.9520263903729204
0,101476_00001,Siemens,0,0.9879926443099976,4042.869384765625,1.6131338519954515
0,101477_00001,Philips,0,0.9584211707115173,9745.2353515625,1.7618628838260644
0,101489_00001,Siemens,0,0.9614253044128418,11065.6962890625,1.602082683760409
0,101491_00001,Toshiba,0,0.5692017078399658,386.01556396484375,0.6243146516437169
0,101501_00001,Philips,1,0.9821512699127197,11858.26953125,1.7519407006836893
0,101512_00001,Toshiba,1,0.9829874038696289,4298.07275390625,1.7047816840318955
0,101513_00001,Siemens,0,0.9696707129478455,2101.79248046875,1.5557046360787454
0,101515_00001,Toshiba,0,0.9511421918869019,1261.2296142578125,1.4921458185747378
0,101524_00001,Siemens,0,0.9787330031394958,3921.65478515625,1.5641541829114332
0,101528_00001,Toshiba,0,0.9698996543884277,1760.39892578125,1.5693305502438852
0,101540_00001,Siemens,1,0.9872773289680481,4951.61181640625,1.6925710137038914
0,101543_00001,Philips,1,0.982030987739563,153271.59375,2.179908028531276
0,101548_00001,Siemens,1,0.9812389612197876,4344.240234375,1.5864294991922976
0,101551_00001,Toshiba,0,0.9071478247642517,6094.89501953125,1.480549142957495
0,101559_00001,Toshiba,0,0.9114953279495239,632.9569702148438,1.3454214368771924
0,101560_00001,Philips,1,0.9823893308639526,6644.501953125,1.729957958767831
0,101561_00001,Philips,1,0.9878761768341064,3673.4306640625,1.7045265685475837
0,101565_00001,Siemens,1,0.9237988591194153,2518.38037109375,1.4189576139180489
0,101568_00001,Siemens,0,0.9854684472084045,63793.390625,2.046887898097723
0,101579_00001,Toshiba,0,0.9634031057357788,5748.966796875,1.5887899499249032
0,101589_00001,Philips,1,0.9789151549339294,23429.080078125,1.8713318104695997
0,101592_00001,Philips,1,0.9776925444602966,2366.6015625,1.5540919926714523
0,101598_00001,Philips,1,0.9890553951263428,14405.8701171875,1.8735750569769585
0,101608_00001,Siemens,0,0.9003546833992004,1559.537841796875,1.4605800916359033
0,101611_00001,Toshiba,0,0.9616780281066895,874.9630737304688,1.446840728074776
0,101619_00001,Toshiba,0,0.9458513259887695,4118.15625,1.5801216011287718
0,101620_00001,Toshiba,0,0.957912266254425,1948.81298828125,1.5535856887825459
0,101622_00001,Philips,0,0.9860174059867859,25180.513671875,1.9345949069213324
0,101624_00001,Siemens,0,0.9636091589927673,2672.312744140625,1.5207148088362987
0,101627_00001,Siemens,0,0.8861251473426819,486.4410400390625,1.2449483046172969
0,101628_00001,Siemens,0,0.8739159107208252,2370.549560546875,1.4214843090340787
0,101637_00001,Toshiba,1,0.9871540665626526,11962.9248046875,1.8453172159161608
0,101645_00001,Toshiba,1,0.9875203371047974,19268.26171875,1.8966277806154708
0,101649_00001,Toshiba,0,0.9885140061378479,4092.869873046875,1.6509926080048292
0,101652_00001,Toshiba,0,0.9855243563652039,21587.15234375,1.8878295941686594
0,101655_00001,Toshiba,0,0.9650202989578247,43367.87890625,1.951491365593706
0,101661_00001,Toshiba,1,0.9872773289680481,48980.171875,2.0291045910773193
0,101671_00001,Toshiba,0,0.9888203740119934,5803.947265625,1.7240777663990448
0,101678_00001,Toshiba,0,0.9734686613082886,1425.0311279296875,1.4770284631877943
0,101689_00001,Siemens,1,0.9903290271759033,5407.2587890625,1.753854101470295
0,101712_00001,Toshiba,0,0.9850716590881348,15301.8134765625,1.789517374077105
0,101714_00001,Other,0,0.9553191661834717,1840.7913818359375,1.4969374808790887
0,101716_00001,Toshiba,1,0.9904035329818726,11588.216796875,1.8481558165133658
0,101717_00001,Toshiba,1,0.9848109483718872,50573.71875,2.0303242568072712
0,101723_00001,Toshiba,0,0.7724448442459106,477.1970520019531,0.9790510745455664
0,101731_00001,Toshiba,0,0.9903663396835327,2488.920654296875,1.6245391876469462
0,101738_00001,Siemens,0,0.9496226906776428,7524.30908203125,1.6538457335862629
0,101747_00001,Toshiba,1,0.9874235987663269,7990.57470703125,1.7755468817081357
0,101749_00001,Toshiba,1,0.9846936464309692,51938.33984375,2.032410794311441
0,101757_00001,Siemens,1,0.982185423374176,4790.0107421875,1.6038402460404961
0,101773_00001,Philips,1,0.9846641421318054,2821.798828125,1.6717088203164399
0,101779_00001,Siemens,0,0.8758400678634644,2453.422607421875,1.3434089506618994
0,101790_00001,Siemens,0,0.9819273352622986,5114.71142578125,1.6272139963275605
0,101804_00001,Toshiba,0,0.7095728516578674,343.4876708984375,0.9043070100188365
0,101806_00001,Siemens,1,0.9619291424751282,4783.951171875,1.61505502440186
0,101807_00001,Toshiba,0,0.7888273000717163,2682.956787109375,1.2583285163751339
0,101816_00001,Philips,1,0.9874479174613953,9992.5322265625,1.8256128945424879
0,101824_00001,Toshiba,0,0.9634719491004944,2825.2509765625,1.4946846069836937
0,101826_00001,Toshiba,0,0.9860174059867859,2260.303466796875,1.5375844765478477
0,101830_00001,Siemens,0,0.9870296716690063,10681.7138671875,1.8047225441720256
0,101836_00001,Philips,1,0.984605073928833,68014.8046875,2.0580832515202503
0,101841_00001,Siemens,1,0.9850716590881348,127212.0234375,2.0978402113645798
0,101842_00001,Toshiba,1,0.9875922799110413,3973.919189453125,1.7175800372157535
0,101847_00001,Siemens,1,0.9854684472084045,3260.2236328125,1.6145584939477058
0,101856_00001,Philips,1,0.9875683188438416,6541.52880859375,1.7680172920783848
0,101865_00001,Siemens,0,0.9866490960121155,10423.736328125,1.790110412046878
0,101871_00001,Toshiba,0,0.8902942538261414,4469.38818359375,1.4577973879928872
0,101874_00001,Siemens,0,0.9875203371047974,12969.7568359375,1.7615976559305333
0,101882_00001,Philips,0,0.9885140061378479,37948.11328125,1.9254586978544663
0,101894_00001,Philips,0,0.8954312801361084,1610.5086669921875,1.4136211720600642
0,101913_00001,Philips,0,0.8998278379440308,3503.59130859375,1.4210576020540582
0,101925_00001,Siemens,0,0.762600839138031,1194.6358642578125,1.0735519351789624
0,101933_00001,Toshiba,0,0.9840630292892456,6850.39990234375,1.7185403243921324
0,101943_00001,Toshiba,0,0.760205864906311,560.7366943359375,1.0676044846417303
0,101946_00001,Siemens,0,0.9237300753593445,2648.133056640625,1.5311369820469811
0,101951_00001,Toshiba,0,0.7286034822463989,476.8663330078125,0.9936586003751089
0,101965_00001,Philips,1,0.9880158305168152,17220.23828125,1.8945834528585224
0,101979_00001,Siemens,0,0.963711678981781,8137.3193359375,1.6609578569226766
0,101986_00001,Siemens,0,0.9440738558769226,996.3456420898438,1.4633004486603645
0,101987_00001,Siemens,1,0.9897909760475159,4740.6064453125,1.7238858877990224
0,101991_00001,Toshiba,0,0.8671482801437378,3332.9345703125,1.4242151518920236
0,101993_00001,Siemens,0,0.9803186058998108,1133.8995361328125,1.5112518346009396
0,101996_00001,Siemens,0,0.9394705891609192,10658.8125,1.6646209975097375
0,102020_00001,Siemens,1,0.980262041091919,2186.4970703125,1.6306128989803452
0,102021_00001,Siemens,0,0.9296960830688477,3849.35302734375,1.575037740698162
0,102022_00001,Siemens,0,0.49334755539894104,915.4197998046875,0.49334755539894104
0,102023_00001,Siemens,1,0.9873018264770508,28884.38671875,1.9247452743152722
0,102027_00001,Toshiba,0,0.9317735433578491,7415.87646484375,1.6108867763147239
0,102031_00001,Siemens,0,0.9664421677589417,5485.50390625,1.604089341437388
0,102032_00001,Siemens,0,0.9818925857543945,31458.9453125,1.9351787715223194
0,102039_00001,Toshiba,1,0.9860442876815796,15573.103515625,1.8789718967639564
0,102051_00001,Philips,1,0.740174412727356,911.2534790039062,1.0750408952182928
0,102052_00001,Siemens,0,0.6050992012023926,914.7374877929688,0.8348733160254287
0,102064_00001,Siemens,0,0.9855799674987793,2674.643310546875,1.5924982539026578
0,102065_00001,Philips,1,0.9869040250778198,104412.28125,2.1141891956472523
0,102066_00001,Other,1,0.9378969073295593,2663.4248046875,1.5246543325006112
0,102076_00001,Siemens,0,0.9282138347625732,1465.60546875,1.450717202061415
0,102077_00001,Toshiba,0,0.9653811454772949,2261.300048828125,1.5504441779506908
0,102080_00001,Toshiba,0,0.7972412705421448,258.1456604003906,1.1056356251268091
0,102091_00001,Philips,1,0.973418116569519,1869.40966796875,1.5747923621951536
0,102092_00001,Toshiba,0,0.9853842854499817,11979.7509765625,1.6876467050805168
0,102093_00001,Philips,0,0.9799382090568542,18326.13671875,1.8282791381830406
0,102094_00001,Philips,1,0.9864417314529419,16752.341796875,1.873545079547331
0,102095_00001,Toshiba,0,0.8645393252372742,870.1759033203125,1.2843814763564272
0,102096_00001,Toshiba,0,0.9884026646614075,4452.1201171875,1.676692632241972
0,102106_00001,Toshiba,0,0.9859364032745361,2771.664306640625,1.6635745644292583
0,102107_00001,Siemens,1,0.9875444173812866,25500.025390625,1.9441894843724365
0,102116_00001,Toshiba,0,0.9849852323532104,3110.16943359375,1.648981373417828
0,102124_00001,Toshiba,0,0.8864204287528992,1070.5654296875,1.302926522030688
0,102127_00001,Siemens,0,0.9868786931037903,995.9749145507812,1.548329244875472
0,102137_00001,Philips,1,0.973869264125824,2134.8291015625,1.581166564469021
0,102138_00001,Philips,1,0.9890342950820923,4484.6630859375,1.7333539193872236
0,102165_00001,Philips,0,0.8310744762420654,764.5215454101562,1.191773164609879
0,102169_00001,Siemens,0,0.633863627910614,274.33282470703125,0.8238228691816115
0,102175_00001,Philips,0,0.9882676005363464,13091.439453125,1.797270985780216
0,102179_00001,Philips,1,0.9897909760475159,9554.6083984375,1.7400133899014898
0,102184_00001,Siemens,0,0.9006171822547913,1251.391357421875,1.3533840769999035
0,102187_00001,Toshiba,0,0.9849274158477783,2215.64794921875,1.6014718040117903
0,102193_00001,Siemens,1,0.9858003854751587,11500.73046875,1.8407568478180907
0,102195_00001,Toshiba,1,0.9879462122917175,8414.9423828125,1.8062006942506401
0,102196_00001,Toshiba,0,0.9878996014595032,16781.287109375,1.890292722475655
0,102197_00001,Toshiba,0,0.9511876106262207,6234.7412109375,1.627604107328752
0,102207_00001,Toshiba,0,0.9813107252120972,5027.8134765625,1.7307339175929317
0,102212_00001,Philips,0,0.9828232526779175,94520.9765625,2.111766190984008
0,102216_00001,Siemens,1,0.986929178237915,25055.47265625,1.9416852444939854
1,100000_00001,Toshiba,0,0.9026954770088196,1399.513916015625,1.4439009172504782
1,100002_00001,Toshiba,1,0.9870296716690063,36811.35546875,1.982969423159517
1,100011_00001,Siemens,1,0.9867261648178101,13038.568359375,1.7919973289652313
1,100017_00001,Siemens,0,0.341802179813385,726.8973999023438,0.341802179813385
1,100021_00001,Siemens,1,0.986336886882782,25512.740234375,1.9354420105324912
1,100022_00001,Toshiba,0,0.9775857925415039,1858.461181640625,1.5439475252817203
1,100026_00001,Toshiba,0,0.9369805455207825,1970.64501953125,1.4575787455454268
1,100031_00001,Siemens,0,0.9494823217391968,2298.283447265625,1.5154686726905398
1,100044_00001,Toshiba,0,0.9844264388084412,2549.196533203125,1.620745483941395
1,100047_00005,Toshiba,0,0.9601374864578247,5666.541015625,1.6456707094253862
1,100050_00001,Toshiba,1,0.9883352518081665,8722.767578125,1.740595690664846
1,100052_00001,Siemens,0,0.9805434346199036,3872.096923828125,1.636781589343863
1,100055_00001,Toshiba,0,0.9702399373054504,2334.1826171875,1.599593721086147
1,100059_00001,Toshiba,0,0.9849274158477783,3282.299560546875,1.6727897563762677
1,100064_00001,Toshiba,0,0.9839708209037781,1286.9783935546875,1.556645578973703
1,100068_00001,Siemens,0,0.8035594820976257,2284.634521484375,1.3325796266432222
1,100069_00001,Siemens,0,0.7552762031555176,4453.57275390625,1.1512939114427099
1,100071_00001,Toshiba,0,0.9872527718544006,5484.83984375,1.7017887036293458
1,100072_00001,Toshiba,0,0.9788949489593506,17458.330078125,1.8325283540485746
1,100075_00001,Toshiba,0,0.9862577319145203,7504.6162109375,1.7780462411160003
1,100096_00001,Philips,1,0.988558292388916,23206.994140625,1.9223577253566242
1,100099_00001,Philips,0,0.9866234660148621,34749.86328125,1.9018994513119096
1,100107_00001,Siemens,1,0.9885361194610596,22120.728515625,1.8605647191406234
1,100109_00001,Toshiba,0,0.7299049496650696,1115.45361328125,1.0329906281118988
1,100127_00001,Toshiba,1,0.9871540665626526,89791.2109375,1.9879020760991086
1,100131_00001,Siemens,0,0.9845753908157349,23264.802734375,1.9204634961488358
1,100136_00001,Philips,0,0.9852997064590454,3172.750732421875,1.6615431973193266
1,100143_00001,Philips,1,0.9862311482429504,4911.7470703125,1.6850565881510484
1,100155_00001,Philips,0,0.9834068417549133,57049.9453125,2.0329806130729335
1,100160_00001,Siemens,0,0.9647224545478821,7237.9208984375,1.674111632865988
1,100161_00001,Philips,1,0.9836598634719849,4638.08349609375,1.681423134245173
1,100168_00001,Philips,1,0.9888203740119934,17884.734375,1.8964594523878984
1,100184_00001,Toshiba,0,0.9859364032745361,13823.009765625,1.8171882737666265
1,100187_00001,Philips,1,0.9806919097900391,6404.3486328125,1.7289911700662648
1,100197_00001,Toshiba,1,0.9864938259124756,10347.5390625,1.775975610627586
1,100200_00001,Toshiba,1,0.9878528118133545,8447.5927734375,1.733585430905438
1,100202_00001,Siemens,0,0.9804874062538147,100420.046875,2.095976385163042
1,100204_00001,Siemens,1,0.9865458011627197,4261.69482421875,1.7061335119198706
1,100218_00001,Toshiba,0,0.776707649230957,1068.8563232421875,1.1656105998962283
1,100226_00001,Philips,1,0.9879926443099976,1967.1021728515625,1.6048394716059777
1,100228_00001,Siemens,0,0.9829874038696289,1913.7303466796875,1.5159765777687315
1,100231_00001,Siemens,0,0.9842759370803833,87196.71875,2.040376265138814
1,100243_00001,Siemens,1,0.9879229664802551,5790.69384765625,1.69722992865813
1,100248_00001,Siemens,1,0.9883578419685364,3128.23828125,1.6853999926517542
1,100251_00001,Siemens,0,0.793906033039093,1330.8031005859375,1.1057576051924838
1,100268_00001,Siemens,0,0.9866490960121155,18588.25390625,1.8102016638645433
1,100272_00001,Siemens,0,0.88333660364151,915.3396606445312,1.3660501187100471
1,100279_00001,Toshiba,0,0.9854404330253601,58680.94140625,2.051485288538369
1,100281_00001,Toshiba,0,0.9628131985664368,31798.51953125,1.837707048810132
1,100285_00001,Philips,1,0.9851576089859009,12900.9462890625,1.797978791583608
1,100290_00001,Toshiba,1,0.9867772459983826,11355.931640625,1.7887466042991689
1,100296_00001,Philips,1,0.987129271030426,29786.314453125,1.9599461967187275
1,100301_00001,Siemens,0,0.9603239297866821,1358.59521484375,1.4548179976357596
1,100303_00001,Toshiba,0,0.9741657972335815,16320.5341796875,1.8056783135940007
1,100316_00001,Toshiba,1,0.9868786931037903,38172.59765625,1.9833656409412699
1,100317_00001,Toshiba,0,0.984001636505127,1229.6612548828125,1.563319473833385
1,100323_00001,Philips,1,0.9869794845581055,2271.433349609375,1.6210274167657122
1,100343_00001,Siemens,0,0.9646226167678833,3368.82177734375,1.5911609789252783
1,100344_00001,Siemens,1,0.9882901906967163,9873.37890625,1.8238282737696707
1,100345_00001,Philips,1,0.9886682629585266,3323.25048828125,1.6927083262226195
1,100352_00001,Siemens,0,0.982557475566864,4709.1884765625,1.5732746111569944
1,100360_00001,Siemens,0,0.898944079875946,1252.6041259765625,1.392437654416506
1,100384_00001,Siemens,0,0.8839892745018005,662.5284423828125,1.2472465335853147
1,100385_00001,Philips,1,0.9862577319145203,6763.0576171875,1.713313222930699
1,100413_00001,Siemens,1,0.961207389831543,7881.97607421875,1.6814131432058204
1,100422_00001,Other,0,0.9627432227134705,20840.36328125,1.7657182759884908
1,100426_00001,Philips,1,0.987129271030426,15300.4599609375,1.80428284328984
1,100431_00001,Philips,1,0.9857181310653687,9084.4931640625,1.8048338917485895
1,100435_00001,Toshiba,1,0.9868786931037903,14085.6044921875,1.8288060655677347
1,100439_00001,Siemens,0,0.9866748452186584,23085.96484375,1.8806546374317992
1,100443_00001,Siemens,0,0.9234544038772583,3250.2802734375,1.5144788806621758
1,100452_00001,Siemens,0,0.973993182182312,3614.79541015625,1.591246751848708
1,100454_00001,Siemens,0,0.9893269538879395,4147.84619140625,1.6040803347475863
1,100464_00001,Siemens,1,0.9783433079719543,10776.265625,1.6618979005402417
1,100471_00001,Toshiba,0,0.8257302641868591,530.0886840820312,1.185513742998522
1,100472_00001,Siemens,0,0.8843892216682434,4460.9912109375,1.3467993844238608
1,100474_00001,Philips,1,0.9883578419685364,64586.7734375,1.9332770048063104
1,100476_00001,Toshiba,0,0.9858549237251282,5474.4560546875,1.7059477165332015
1,100481_00001,Toshiba,0,0.9811668992042542,2967.963623046875,1.5973680537362789
1,100500_00001,Siemens,0,0.9659959077835083,5136.84619140625,1.607296022953435
1,100501_00001,Siemens,0,0.9208608865737915,3424.967041015625,1.4710584176490324
1,100502_00001,Toshiba,0,0.9868026375770569,3361.0205078125,1.6938229061448462
1,100503_00001,Siemens,1,0.9561044573783875,3854.585693359375,1.5126644718298545
1,100510_00001,Toshiba,0,0.8257302641868591,672.7271118164062,1.2271562608074775
1,100512_00001,Philips,1,0.9854124188423157,56313.4375,2.045192554736456
1,100513_00001,Siemens,0,0.9801293015480042,10762.267578125,1.8067227440524842
1,100520_00001,Philips,1,0.9870045781135559,33288.36328125,1.9762562601350897
1,100525_00001,Toshiba,0,0.9730108976364136,1684.544189453125,1.534234590890562
1,100528_00001,Siemens,1,0.9863104820251465,7895.70068359375,1.793239977438839
1,100555_00001,Philips,1,0.9875444173812866,9671.9541015625,1.8214070477940174
1,100562_00001,Siemens,0,0.9764232039451599,4434.77734375,1.6582679184065263
1,100565_00001,Siemens,1,0.9891605973243713,4962.1689453125,1.6674384569820666
1,100571_00001,Siemens,0,0.9095862507820129,2299.255615234375,1.414201430299306
1,100573_00001,Siemens,0,0.9477207660675049,1607.69970703125,1.514859258462536
1,100591_00001,Siemens,0,0.9797453284263611,3341.966064453125,1.6112630683721068
1,100606_00001,Toshiba,0,0.977521538734436,4071.12353515625,1.58869726328498
1,100610_00001,Toshiba,0,0.9535353183746338,4345.08251953125,1.5551837445975016
1,100614_00001,Toshiba,0,0.9873018264770508,5811.53271484375,1.685898285039424
1,100615_00001,Toshiba,0,0.9494354724884033,7106.55078125,1.6855587552813442
1,100619_00001,Siemens,1,0.9874479174613953,4674.10400390625,1.7180940037415497
1,100634_00001,Toshiba,1,0.9827902317047119,16347.892578125,1.7413606008680989
1,100638_00001,Siemens,0,0.9281486868858337,2967.398193359375,1.5320469554403233
1,100642_00001,Philips,1,0.9870045781135559,5916.3916015625,1.7512082598083152
1,100651_00001,Philips,0,0.37834423780441284,1279.6746826171875,0.37834423780441284
1,100657_00001,Siemens,0,0.9807472825050354,2517.169677734375,1.6028482149437293
1,100659_00001,Siemens,0,0.9293763041496277,1844.0062255859375,1.4482683617589356
1,100660_00001,Siemens,0,0.19368058443069458,1204.8358154296875,0.19368058443069458
1,100661_00001,Siemens,0,0.975272536277771,5130.0947265625,1.5997801927772959
1,100665_00001,Philips,1,0.9883578419685364,3963.68994140625,1.7116750657768198
1,100669_00001,Philips,0,0.8984106183052063,773.5889892578125,1.3584907098333259
1,100670_00001,Siemens,0,0.9785287380218506,628.0924682617188,1.4784327450100754
1,100674_00001,Siemens,0,0.9618934392929077,13621.666015625,1.6375407662550399
1,100678_00001,Toshiba,0,0.9875444173812866,1387.066162109375,1.537046370294961
1,100680_00001,Toshiba,0,0.9776925444602966,2243.894775390625,1.5311440648552492
1,100684_00001,Other,1,0.9877586960792542,2273.67333984375,1.4796125783555165
1,100699_00001,Siemens,0,0.9850716590881348,564.9889526367188,1.4523198428440922
1,100701_00001,Siemens,0,0.9497160315513611,1074.566162109375,1.4447972958398576
1,100705_00001,Siemens,1,0.9705485105514526,4526.37451171875,1.6491063463993125
1,100711_00001,Toshiba,1,0.9876876473426819,46918.375,2.0224724040949527
1,100712_00001,Toshiba,1,0.9844563603401184,3594.794677734375,1.6384323622242938
1,100714_00001,Philips,1,0.9867772459983826,7830.09521484375,1.7946669564045243
1,100723_00001,Toshiba,0,0.9791954755783081,10913.0927734375,1.7547629281670953
1,100725_00001,Toshiba,1,0.9860979318618774,74317.640625,2.083536488790549
1,100738_00001,Philips,0,0.9871044158935547,8399.0400390625,1.8038543653522814
1,100743_00001,Toshiba,1,0.9874961376190186,6797.8896484375,1.7778326258524568
1,100752_00001,Philips,0,0.9537081718444824,1850.936279296875,1.4210036156499457
1,100753_00001,Siemens,0,0.9551102519035339,927.3560180664062,1.3569805474620968
1,100754_00001,Siemens,0,0.979393482208252,5274.65478515625,1.7306221677373412
1,100757_00001,Siemens,1,0.9861246943473816,15840.9306640625,1.8797004222361795
1,100760_00001,Toshiba,0,0.9583821892738342,951.6220092773438,1.4913959988049508
1,100767_00001,Siemens,0,0.9856352806091309,22437.669921875,1.811458942085847
1,100771_00001,Siemens,0,0.5088797211647034,573.018798828125,0.5581519898334827
1,100774_00001,Toshiba,0,0.9751545190811157,2376.503173828125,1.5530815332673018
1,100776_00001,Other,1,0.9870296716690063,31613.51953125,1.9701458991755563
1,100788_00001,Toshiba,0,0.9879229664802551,2076.384521484375,1.6213666827590896
1,100789_00001,Siemens,1,0.8796645402908325,2744.48388671875,1.4402151632781741
1,100794_00001,Siemens,0,0.9566342234611511,1764.8868408203125,1.3937932042063343
1,100800_00001,Siemens,0,0.9376118779182434,7558.95068359375,1.5448849398578546
1,100804_00001,Siemens,0,0.9104658365249634,877.99462890625,1.39216649514308
1,100808_00001,Toshiba,0,0.9636433720588684,2384.989501953125,1.478313214391681
1,100819_00001,Siemens,0,0.9862046241760254,14921.2734375,1.8536257555786402
1,100820_00001,Siemens,1,0.9838472008705139,2347.419677734375,1.5681809711454406
1,100825_00001,Toshiba,1,0.9873018264770508,33087.0859375,1.9747963536473752
1,100847_00001,Other,0,0.9845160245895386,120900.234375,2.147554551607324
1,100853_00001,Siemens,0,0.9871044158935547,29299.69140625,1.9589105407901812
1,100864_00001,Toshiba,0,0.9873993396759033,2902.205810546875,1.680924033975168
1,100883_00001,Toshiba,0,0.9863631129264832,2333.424560546875,1.586794341831603
1,100884_00001,Toshiba,1,0.9868026375770569,10682.6142578125,1.8142584747635613
1,100885_00001,Siemens,0,0.9831499457359314,530.5245361328125,1.47630840954425
1,100890_00001,Toshiba,0,0.8787311315536499,1076.48095703125,1.275650388738231
1,100893_00001,Siemens,0,0.984605073928833,4622.19921875,1.6094909699938276
1,100894_00001,Siemens,0,0.9851289987564087,10383.056640625,1.655437586481211
1,100896_00001,Siemens,0,0.9788343906402588,3488.8212890625,1.5066528607805996
1,100897_00001,Siemens,0,0.8052495718002319,1448.4990234375,1.2050910481739001
1,100902_00001,Siemens,0,0.5876473188400269,1271.783447265625,0.7657173429245759
1,100912_00001,Siemens,1,0.9731897711753845,5392.26708984375,1.6480327627821685
1,100914_00001,Philips,0,0.9819273352622986,4672.7646484375,1.676245071175992
1,100915_00001,Siemens,1,0.987129271030426,21408.763671875,1.9184673430970582
1,100919_00001,Siemens,1,0.9832789301872253,2731.90771484375,1.6495491753754856
1,100921_00001,Toshiba,0,0.9646891355514526,3477.156982421875,1.582041274969958
1,100939_00001,Siemens,0,0.9852997064590454,6698.68798828125,1.7720119051840768
1,100944_00001,Toshiba,0,0.37777018547058105,449.1441345214844,0.37777018547058105
1,100945_00001,Siemens,0,0.7759445905685425,2152.5888671875,1.083685994067911
1,100946_00001,Siemens,0,0.9673178195953369,1789.47314453125,1.5878628408598066
1,100950_00001,Siemens,1,0.986828088760376,6349.349609375,1.7694083122335498
1,100952_00001,Siemens,0,0.9841241240501404,33912.93359375,1.9518978678686099
1,100959_00001,Toshiba,1,0.9755536317825317,23479.505859375,1.8458418232225393
1,100962_00001,Siemens,0,0.9178933501243591,1156.0867919921875,1.3879506356614753
1,100969_00001,Philips,0,0.9852713346481323,178666.34375,2.2084573660228513
1,100971_00001,Siemens,0,0.6537903547286987,298.3599548339844,0.8009150640565544
1,100978_00001,Toshiba,1,0.9868533611297607,16460.154296875,1.886049212065469
1,100981_00001,Siemens,1,0.9805434346199036,6178.97021484375,1.617457170697645
1,100986_00001,Philips,0,0.9757624268531799,5079.3310546875,1.6219170854563838
1,100987_00001,Philips,0,0.9765576720237732,2469.027587890625,1.5786264744485505
1,101008_00001,Siemens,0,0.5180280804634094,3811.21533203125,0.5425277641253794
1,101014_00001,Philips,1,0.9868533611297607,2585.43701171875,1.6359899995458775
1,101018_00001,Siemens,0,0.9688266515731812,8804.591796875,1.6548539397932718
1,101024_00001,Other,1,0.9883352518081665,5226.25927734375,1.7288146791354744
1,101029_00001,Siemens,1,0.9735944867134094,26305.953125,1.769985130149696
1,101033_00001,Siemens,0,0.0030813636258244514,111.78910827636719,0.0030813636258244514
1,101039_00001,Toshiba,0,0.7241393327713013,1277.4549560546875,1.0527829472035786
1,101044_00001,Philips,1,0.986151397228241,19465.447265625,1.9068292371784867
1,101045_00001,Other,1,0.8772140741348267,1096.8895263671875,1.3238994652992568
1,101057_00001,Siemens,0,0.9854684472084045,34261.5390625,1.8579439255206418
1,101058_00001,Siemens,0,0.9564718008041382,404.9849853515625,1.3454057162146447
1,101072_00001,Toshiba,0,0.9436079859733582,30555.0546875,1.7069910097739063
1,101075_00001,Toshiba,0,0.9576753973960876,5028.70751953125,1.5695541590092013
1,101079_00001,Siemens,0,0.6106856465339661,288.2141418457031,0.7245704238963934
1,101083_00001,Philips,1,0.9865975975990295,5520.17626953125,1.743964317882008
1,101088_00001,Siemens,0,0.9874235987663269,1714.5936279296875,1.6128051987900782
1,101091_00001,Siemens,1,0.9862311482429504,8466.78125,1.8032202309633554
1,101095_00001,Siemens,0,0.949669361114502,1518.4337158203125,1.4745457418242978
1,101097_00001,Philips,1,0.9867772459983826,7872.2841796875,1.7388011528468108
1,101101_00001,Toshiba,1,0.9089417457580566,22864.048828125,1.6800125636461163
1,101102_00001,Toshiba,1,0.9859092831611633,14623.046875,1.8682657729355532
1,101103_00001,Philips,1,0.9852713346481323,20402.115234375,1.910394647279935
1,101107_00001,Siemens,0,0.9822876453399658,3530.475830078125,1.6253702186358727
1,101113_00001,Toshiba,0,0.3591955304145813,235.07009887695312,0.3591955304145813
1,101120_00001,Philips,1,0.9876639246940613,6913.23193359375,1.7818127856552282
1,101125_00001,Siemens,0,0.9170801043510437,1524.6885986328125,1.418642365954077
1,101140_00001,Siemens,0,0.8345417976379395,7053.95263671875,1.3344977370898021
1,101144_00001,Philips,1,0.9584988951683044,6741.9443359375,1.4802677003458664
1,101153_00001,Siemens,0,0.9849852323532104,28501.16796875,1.9529692067864823
1,101160_00001,Philips,1,0.986929178237915,32735.54296875,1.9505695227401336
1,101166_00001,Toshiba,0,0.9854124188423157,1783.2596435546875,1.6057008773527908
1,101170_00001,Toshiba,0,0.9860979318618774,9083.2919921875,1.6996371905630985
1,101172_00001,Siemens,0,0.9870296716690063,71443.078125,2.0804014451295463
1,101179_00001,Siemens,0,0.9757161140441895,2456.777587890625,1.5195624977458924
1,101181_00001,Siemens,0,0.9853561520576477,4478.03955078125,1.7164672848484959
1,101186_00001,Toshiba,0,0.8296300768852234,874.1930541992188,1.1270075737403364
1,101189_00001,Siemens,0,0.9737446904182434,8567.412109375,1.727596915633087
1,101193_00001,Toshiba,0,0.9786719083786011,4122.26513671875,1.5867291877883845
1,101211_00001,Siemens,0,0.9158841967582703,3348.015380859375,1.469818533785554
1,101214_00001,Siemens,0,0.8764759302139282,153.38815307617188,1.1391423703826773
1,101215_00001,Siemens,1,0.9874235987663269,1999.045166015625,1.600309489239457
1,101216_00001,Siemens,0,0.9883801937103271,12908.626953125,1.708657780160477
1,101217_00001,Siemens,1,0.9716717004776001,3995.722412109375,1.6334102585693346
1,101224_00001,Siemens,0,0.9852713346481323,7064.17138671875,1.6557226390231374
1,101225_00001,Siemens,0,0.7908535599708557,1095.7330322265625,1.1480788775835484
1,101232_00001,Toshiba,1,0.9882901906967163,8160.8486328125,1.7080371621234969
1,101247_00001,Siemens,1,0.9833109378814697,2870.79150390625,1.5893855889216164
1,101249_00001,Siemens,1,0.9877822995185852,15455.7998046875,1.8792272585884404
1,101253_00001,Siemens,1,0.9643214344978333,7628.19287109375,1.6582967985253916
1,101257_00001,Philips,0,0.986954391002655,28303.212890625,1.9403020101281867
1,101258_00001,Siemens,1,0.9858549237251282,34397.2421875,1.9739543339510546
1,101273_00001,Siemens,0,0.9851003289222717,1331.6173095703125,1.5895582246665831
1,101279_00001,Philips,0,0.9854404330253601,20384.015625,1.9114138987486953
1,101284_00001,Philips,1,0.9867004752159119,2481.224365234375,1.6571095859152383
1,101296_00001,Philips,1,0.9847817420959473,43329.328125,1.9843807865279524
1,101300_00001,Siemens,0,0.9879695177078247,3670.48291015625,1.6724817586796128
1,101304_00001,Siemens,0,0.982724130153656,16949.63671875,1.8786852197258612
1,101310_00001,Siemens,0,0.9792551398277283,19084.708984375,1.7657111669969934
1,101316_00001,Philips,1,0.9798033833503723,2095.68212890625,1.5892395488459214
1,101318_00001,Siemens,0,0.12137298285961151,380.84521484375,0.12137298285961151
1,101323_00001,Siemens,0,0.9845160245895386,48386.65625,2.0133472848229053
1,101328_00001,Siemens,0,0.9875683188438416,15204.7138671875,1.7666071604386095
1,101329_00001,Siemens,0,0.7896395921707153,8465.62109375,1.3305391361709398
1,101330_00001,Siemens,0,0.9850716590881348,10854.935546875,1.7267401578729875
1,101345_00001,Toshiba,1,0.9863894581794739,37316.37890625,1.9927243143999107
1,101356_00001,Siemens,0,0.9838781356811523,1620.1854248046875,1.59592395316309
1,101361_00002,Siemens,0,0.8274101614952087,879.8972778320312,1.2201151790729685
1,101364_00001,Siemens,0,0.9742639064788818,2073.66259765625,1.5843487725992134
1,101366_00001,Siemens,0,0.9227612018585205,4952.49853515625,1.5349725340010532
1,101372_00001,Siemens,1,0.8577680587768555,1747.4759521484375,1.3169702873610418
1,101375_00001,Siemens,1,0.9853842854499817,11038.904296875,1.8290965410723372
1,101383_00001,Toshiba,0,0.9824230670928955,1473.5308837890625,1.5765134763066018
1,101384_00001,Siemens,0,0.5037230849266052,1050.94970703125,0.5275462263727091
1,101387_00001,Toshiba,0,0.9594592452049255,3270.68798828125,1.4369978442211293
1,101389_00001,Siemens,0,0.9873993396759033,5217.1435546875,1.716044920453439
1,101395_00001,Siemens,0,0.1534857153892517,136.0778045654297,0.1534857153892517
1,101402_00001,Siemens,0,0.7310585975646973,405.91143798828125,1.0064786040412528
1,101409_00001,Philips,1,0.9875203371047974,4860.42724609375,1.6807075061993797
1,101413_00001,Siemens,1,0.9872035384178162,60926.5,2.059571501191284
1,101426_00001,Philips,0,0.9856629967689514,28409.791015625,1.9549049639249145
1,101430_00001,Siemens,0,0.9843062162399292,3553.463134765625,1.5939565293710753
1,101436_00001,Philips,1,0.9859904050827026,999.2581787109375,1.5505961066530634
1,101442_00001,Toshiba,0,0.518805205821991,411.7848815917969,0.5906690219651607
1,101445_00001,Siemens,0,0.9778622388839722,2439.39990234375,1.6372484592042627
1,101446_00001,Philips,1,0.9863894581794739,7805.32080078125,1.7934597831970311
1,101448_00001,Toshiba,0,0.6316795349121094,739.7039794921875,0.8641510312827791
1,101452_00001,Toshiba,0,0.9770883321762085,1666.0247802734375,1.5079328253693751
1,101453_00001,Siemens,0,0.9265034794807434,913.3795166015625,1.4203421239947793
1,101467_00001,Toshiba,0,0.9629179239273071,3731.216796875,1.6056741496292266
1,101474_00001,Siemens,0,0.9867516756057739,2557.075439453125,1.644285588702114
1,101480_00001,Toshiba,1,0.9848983883857727,41117.8359375,1.975421762273922
1,101492_00001,Siemens,0,0.8864204287528992,1654.60546875,1.4450926502150503
1,101495_00001,Toshiba,0,0.986336886882782,3593.0615234375,1.6557091733758234
1,101497_00001,Other,0,0.9860979318618774,7714.5205078125,1.6755271271094787
1,101499_00001,Siemens,0,0.9783433079719543,4046.134033203125,1.600720896852206
1,101505_00001,Philips,1,0.9846641421318054,1677.34912109375,1.4992480524565133
1,101509_00001,Siemens,1,0.9864938259124756,5213.26123046875,1.743622464695026
1,101519_00001,Siemens,0,0.30554190278053284,320.9209289550781,0.30554190278053284
1,101529_00001,Siemens,0,0.9866234660148621,8215.3251953125,1.781909655155605
1,101545_00001,Philips,1,0.9854404330253601,72916.953125,2.0747253403948753
1,101549_00001,Toshiba,0,0.93974769115448,5623.6201171875,1.6407400996845698
1,101552_00001,Siemens,0,0.7281204462051392,1389.04248046875,0.9978726575349304
1,101563_00001,Siemens,1,0.9875444173812866,31887.21484375,1.9709914449459927
1,101569_00001,Philips,1,0.9860174059867859,10461.3603515625,1.824942643673721
1,101574_00001,Philips,1,0.9851289987564087,41182.44140625,2.0021532345243513
1,101590_00001,Siemens,0,0.9848692417144775,13353.115234375,1.7266638469180484
1,101600_00001,Philips,1,0.9880158305168152,6959.1728515625,1.692415591602682
1,101616_00001,Philips,1,0.961207389831543,5637.041015625,1.5861544196066892
1,101621_00001,Siemens,0,0.9161846041679382,324.9996337890625,1.3012282302279745
1,101623_00001,Siemens,0,0.6525182723999023,236.0415496826172,0.804219378034166
1,101625_00001,Philips,1,0.9873018264770508,2207.171142578125,1.6489680543342453
1,101629_00001,Siemens,0,0.9793145656585693,1227.8966064453125,1.5204068435692275
1,101630_00001,Siemens,0,0.9827572107315063,14618.0849609375,1.6471605896575323
1,101632_00001,Siemens,0,0.982557475566864,2377.126953125,1.590970945718468
1,101636_00001,Siemens,1,0.9861780405044556,111588.71875,2.137354600142427
1,101647_00001,Siemens,0,0.9822537302970886,73422.234375,2.069315315493279
1,101651_00001,Siemens,0,0.9864938259124756,8883.533203125,1.6713110345884832
1,101657_00001,Toshiba,0,0.9846641421318054,7589.36767578125,1.7427617360086787
1,101667_00001,Toshiba,0,0.9823216199874878,2213.034423828125,1.581715314134068
1,101669_00001,Philips,1,0.986954391002655,20123.8125,1.9098620539481885
1,101675_00001,Siemens,0,0.9643214344978333,1783.00830078125,1.4571661614966136
1,101677_00001,Toshiba,0,0.9059898257255554,1042.2628173828125,1.4049224042001736
1,101684_00001,Siemens,0,0.9810945987701416,23011.25390625,1.9142509419045575
1,101691_00001,Other,0,0.9880849719047546,6938.154296875,1.7600674478376042
1,101692_00001,Philips,1,0.9852429628372192,8864.916015625,1.7578726351896765
1,101693_00001,Philips,0,0.9223425984382629,3995.85009765625,1.5062493301338875
1,101706_00001,Siemens,0,0.9868786931037903,29230.8046875,1.9545715858333768
1,101709_00001,Toshiba,0,0.9876400828361511,3289.846923828125,1.6313632195220504
1,101711_00001,Siemens,0,0.9879926443099976,12533.0673828125,1.7548390465471313
1,101719_00001,Toshiba,0,0.902265727519989,1546.583740234375,1.2942484760080166
1,101728_00001,Siemens,1,0.9871044158935547,33680.21875,1.9748939927803912
1,101732_00001,Siemens,0,0.9729595184326172,22221.61328125,1.8287308518847372
1,101735_00001,Philips,1,0.9873018264770508,15502.7373046875,1.6654671039748838
1,101743_00001,Toshiba,0,0.9547319412231445,4418.22802734375,1.6355939701730056
1,101744_00001,Philips,1,0.9883801937103271,12383.3544921875,1.8529774561016217
1,101746_00001,Toshiba,0,0.9792153835296631,27382.666015625,1.8697322174318445
1,101751_00001,Philips,1,0.9863894581794739,15794.8330078125,1.8768277179810016
1,101752_00001,Toshiba,1,0.9656413197517395,1569.239501953125,1.5613661467163076
1,101753_00001,Toshiba,0,0.9848692417144775,5050.7587890625,1.723948921810286
1,101761_00001,Toshiba,0,0.9866234660148621,3683.93896484375,1.6765380459206365
1,101769_00001,Siemens,0,0.9687971472740173,4138.689453125,1.67938605455724
1,101774_00001,Toshiba,0,0.9808392524719238,11486.4169921875,1.7394791411419044
1,101777_00001,Siemens,0,0.9020070433616638,2620.974365234375,1.3770031037114718
1,101784_00001,Toshiba,0,0.9801483154296875,26053.220703125,1.9253453350692078
1,101785_00001,Siemens,0,0.9614614844322205,1906.3980712890625,1.581616983825991
1,101787_00001,Toshiba,1,0.8777390122413635,4503.5927734375,1.3322902433974242
1,101792_00001,Toshiba,1,0.9883127808570862,7517.83837890625,1.725558615620818
1,101793_00001,Siemens,0,0.9851576089859009,23315.8203125,1.8031618367019862
1,101796_00001,Toshiba,1,0.9872527718544006,2165.582763671875,1.638253045681287
1,101799_00001,Siemens,0,0.9848983883857727,2715.673828125,1.6530614886271735
1,101829_00001,Siemens,1,0.328583300113678,115.93054962158203,0.328583300113678
1,101831_00001,Toshiba,0,0.6064401865005493,566.8135375976562,0.7804615002263459
1,101849_00001,Toshiba,0,0.9814355969429016,1113.37744140625,1.5550550279942763
1,101850_00001,Philips,0,0.9859092831611633,13889.91796875,1.8386635657399661
1,101860_00001,Siemens,0,0.986828088760376,53304.00390625,2.0366741291361086
1,101862_00001,Philips,0,0.9863894581794739,3729.59521484375,1.6184014905482973
1,101863_00001,Siemens,1,0.9779467582702637,931.1836547851562,1.5066778186962106
1,101864_00001,Toshiba,0,0.8124956488609314,1297.8701171875,1.2385969050681305
1,101866_00001,Siemens,0,0.766555905342102,1111.2724609375,1.078692814549456
1,101873_00001,Toshiba,0,0.9711017608642578,980.6204833984375,1.5122449966119724
1,101888_00001,Siemens,0,0.0844927504658699,412.34918212890625,0.0844927504658699
1,101898_00001,Philips,1,0.9875444173812866,24964.5078125,1.879629632356732
1,101902_00001,Philips,0,0.9697853922843933,3973.059814453125,1.4347025742978943
1,101904_00001,Toshiba,0,0.9864417314529419,9517.7265625,1.6596925520047714
1,101906_00001,Toshiba,1,0.9865199327468872,13319.875,1.8593379000809858
1,101922_00001,Toshiba,0,0.9317735433578491,9920.3369140625,1.601125961576665
1,101928_00001,Siemens,0,0.9836912155151367,10437.537109375,1.7357904682497929
1,101941_00001,Toshiba,0,0.9744104743003845,32819.65234375,1.9503077443022716
1,101942_00001,Toshiba,0,0.94629967212677,1732.338134765625,1.5087016561522548
1,101952_00001,Siemens,1,0.9847230911254883,39699.9296875,1.9142391513662322
1,101953_00001,Siemens,0,0.9603983759880066,2184.832275390625,1.5648034994553803
1,101959_00001,Siemens,0,0.9128255248069763,2268.9541015625,1.4799718794106436
1,101970_00001,Siemens,0,0.6525735855102539,639.8571166992188,0.9117895711115349
1,101977_00001,Siemens,1,0.9776925444602966,4211.32421875,1.6819477814797372
1,101978_00001,Siemens,0,0.986954391002655,2736.940673828125,1.6507667087593052
1,101981_00001,Siemens,0,0.979841947555542,2724.101318359375,1.5531516986729634
1,101983_00001,Siemens,1,0.9866748452186584,29554.447265625,1.961428417615747
1,101985_00001,Philips,0,0.9870045781135559,153362.28125,2.1836776759730507
1,101990_00001,Toshiba,0,0.9820482730865479,10916.9091796875,1.8019893519973347
1,101998_00001,Philips,1,0.9826576113700867,8161.4736328125,1.785039697614461
1,101999_00001,Philips,0,0.9868786931037903,94538.84375,2.086203352270396
1,102002_00001,Philips,1,0.9865975975990295,6570.07861328125,1.743556499790591
1,102009_00001,Philips,1,0.541151225566864,2030.6336669921875,0.7068753310265078
1,102012_00001,Siemens,0,0.932637631893158,1194.111083984375,1.439045999240757
1,102015_00001,Toshiba,0,0.6673102974891663,1025.5701904296875,0.9888885558500259
1,102018_00001,Siemens,0,0.8908177614212036,6012.85400390625,1.5258143722972173
1,102028_00001,Siemens,0,0.986828088760376,6676.068359375,1.6887290426230765
1,102029_00001,Philips,1,0.987129271030426,10974.97265625,1.8162094786628167
1,102042_00001,Siemens,0,0.9726754426956177,1978.988037109375,1.4357332747547702
1,102044_00001,Toshiba,1,0.9850716590881348,45365.0390625,2.000012052847115
1,102045_00001,Siemens,1,0.9853561520576477,11604.5126953125,1.7981098815167946
1,102048_00001,Toshiba,1,0.9836912155151367,11233.3125,1.7249143136196603
1,102050_00001,Toshiba,1,0.9853561520576477,4866.29931640625,1.5980200066426777
1,102060_00001,Siemens,0,0.9788546562194824,3417.501708984375,1.5364530180246625
1,102061_00001,Philips,1,0.9861246943473816,51564.359375,2.0320535256214556
1,102067_00001,Toshiba,0,0.9692078232765198,2271.023681640625,1.5387216642062203
1,102071_00001,Siemens,0,0.9806364178657532,3188.029541015625,1.642372831653515
1,102072_00001,Toshiba,1,0.9564311504364014,4132.9765625,1.590198806240283
1,102089_00001,Siemens,0,0.9865458011627197,4884.10791015625,1.6649926106937278
1,102098_00001,Toshiba,0,0.9297599792480469,1140.794677734375,1.3517225302465847
1,102105_00001,Siemens,1,0.9868026375770569,12940.2392578125,1.8560842227030763
1,102111_00001,Philips,1,0.9868786931037903,8934.7900390625,1.7551509155240244
1,102125_00001,Other,0,0.9362850189208984,13982.1337890625,1.743701087757936
1,102126_00001,Siemens,0,0.9805992841720581,36794.90234375,1.8741737754190362
1,102153_00001,Siemens,0,0.7747538685798645,604.6903076171875,1.1453369303567364
1,102154_00001,Toshiba,0,0.07049557566642761,132.7053985595703,0.07049557566642761
1,102160_00001,Toshiba,1,0.9868786931037903,13659.9541015625,1.8632198511373894
1,102162_00001,Siemens,0,0.9781354665756226,1290.1376953125,1.5417583710094604
1,102166_00001,Philips,1,0.988244891166687,5970.400390625,1.7307897312636613
1,102167_00001,Siemens,1,0.9854684472084045,13137.5771484375,1.7626402973491029
1,102168_00001,Siemens,0,0.9857729077339172,93151.59375,2.109231757515167
1,102180_00001,Siemens,0,0.976445734500885,1831.122802734375,1.5862294791010074
1,102182_00001,Toshiba,0,0.9847230911254883,1532.64111328125,1.5206207309794133
1,102190_00001,Philips,1,0.9851576089859009,3060.25439453125,1.6786658778496464
1,102206_00001,Philips,1,0.9857729077339172,18506.669921875,1.8992552900619715
1,102208_00001,Toshiba,1,0.987129271030426,7375.13623046875,1.779548743857614
1,102209_00001,Philips,0,0.9795897603034973,14925.6103515625,1.848598131909178
1,102210_00001,Siemens,0,0.987129271030426,13241.4150390625,1.7902409852430352
1,102218_00001,Toshiba,1,0.9832789301872253,259327.03125,2.2572548469665334
2,100004_00001,Siemens,0,0.9829874038696289,1680.6636962890625,1.6024516021733584
2,100006_00001,Philips,0,0.987129271030426,5976.0849609375,1.62433523161131
2,100007_00001,Siemens,0,0.9550683498382568,5887.69189453125,1.512565554129692
2,100010_00001,Toshiba,0,0.8682134747505188,1612.252197265625,1.316988064718429
2,100016_00001,Toshiba,1,0.9825909733772278,15279.0830078125,1.7758214735837385
2,100028_00001,Toshiba,1,0.9903102517127991,10899.400390625,1.840724397860884
2,100035_00001,Philips,0,0.9774355292320251,6012.17919921875,1.6748354384349446
2,100039_00001,Toshiba,0,0.9867004752159119,6634.56787109375,1.6720614714638065
2,100041_00001,Siemens,0,0.9890130758285522,1739.3739013671875,1.6050060304755567
2,100051_00001,Siemens,0,0.9862577319145203,4714.65283203125,1.6224271955656102
2,100053_00001,Toshiba,0,0.990044355392456,4282.94677734375,1.7252176869583575
2,100054_00001,Siemens,0,0.9880620241165161,73695.4375,2.0293299252239927
2,100060_00001,Toshiba,1,0.9864417314529419,16019.4873046875,1.7867469780897713
2,100061_00001,Siemens,0,0.9777350425720215,4768.1767578125,1.6343213385877255
2,100063_00001,Siemens,0,0.9642541408538818,1565.6009521484375,1.5037748702561557
2,100080_00001,Siemens,0,0.9101468920707703,9662.9306640625,1.3976839725738346
2,100098_00001,Toshiba,0,0.9892024397850037,23157.19921875,1.9184696238344532
2,100100_00001,Other,1,0.9928786158561707,4747.05029296875,1.7459565662512384
2,100119_00001,Toshiba,0,0.8810019493103027,617.5584716796875,1.2897388288964673
2,100130_00001,Philips,1,0.7805788516998291,670.0887451171875,1.11273596501886
2,100132_00001,Siemens,0,0.9824568033218384,3769.57666015625,1.6930080467318405
2,100137_00001,Toshiba,0,0.8849372863769531,2680.885986328125,1.3280315730966394
2,100139_00001,Siemens,0,0.9608049392700195,2861.30029296875,1.5839801812726908
2,100145_00001,Siemens,0,0.9882221817970276,17370.064453125,1.7681979751857246
2,100149_00001,Siemens,0,0.991355836391449,2984.944091796875,1.6760717062052204
2,100150_00001,Philips,1,0.9924374222755432,8087.10693359375,1.8067358041461192
2,100151_00001,Siemens,0,0.954562783241272,1364.0029296875,1.4952780634554006
2,100166_00001,Siemens,1,0.9932811260223389,12968.736328125,1.8024116214342185
2,100175_00001,Siemens,0,0.9910320043563843,4638.3544921875,1.655186283688453
2,100180_00001,Philips,1,0.9917961359024048,16123.2939453125,1.8733333538976265
2,100182_00001,Toshiba,0,0.9897116422653198,10969.1337890625,1.8121875260554285
2,100192_00001,Toshiba,0,0.9820826053619385,1757.616943359375,1.5966284387032856
2,100193_00001,Toshiba,0,0.9606574773788452,4049.24267578125,1.5134937598295162
2,100209_00001,Toshiba,0,0.9588471055030823,1632.6693115234375,1.4550297611301657
2,100210_00001,Siemens,0,0.9747009873390198,4713.08349609375,1.6094698834932586
2,100211_00001,Siemens,0,0.9378969073295593,1256.2525634765625,1.407933099089016
2,100212_00001,Siemens,0,0.9714016318321228,44098.77734375,1.7728851108932593
2,100222_00001,Siemens,0,0.9588471055030823,2505.039306640625,1.5554681050063122
2,100224_00001,Toshiba,0,0.9868533611297607,1969.49658203125,1.5523014216041247
2,100225_00001,Philips,0,0.9913725852966309,2223.326171875,1.6563188290114284
2,100232_00001,Toshiba,0,0.9893885254859924,2551.781982421875,1.6117536625598194
2,100244_00001,Toshiba,1,0.9884918928146362,54035.63671875,2.044554510287328
2,100263_00001,Toshiba,0,0.9291195869445801,695.364501953125,1.3380583231225291
2,100265_00001,Toshiba,1,0.9886024594306946,2628.00927734375,1.6030574474918566
2,100269_00001,Toshiba,0,0.9553191661834717,2218.530517578125,1.5141797346270114
2,100270_00001,Siemens,0,0.8907702565193176,1675.5689697265625,1.3891751875072975
2,100273_00001,Siemens,0,0.9870794415473938,3853.933837890625,1.5402827516760083
2,100274_00001,Siemens,0,0.9927951693534851,2860.114990234375,1.6538350974830125
2,100275_00001,Siemens,1,0.9926826357841492,6112.40869140625,1.7740298787847484
2,100289_00001,Siemens,0,0.9904406070709229,48744.828125,1.901718177809704
2,100291_00001,Siemens,0,0.9803937673568726,3452.552490234375,1.5886128088449287
2,100307_00001,Siemens,0,0.9890342950820923,4435.04736328125,1.7299849267915808
2,100311_00001,Toshiba,0,0.9909622073173523,9927.9755859375,1.8118846330224427
2,100315_00001,Siemens,0,0.9779677391052246,3295.484130859375,1.6657757587418984
2,100322_00001,Siemens,0,0.8492224812507629,24178.578125,1.6247552004145513
2,100335_00001,Siemens,1,0.9889705181121826,26049.908203125,1.9484000690922254
2,100347_00001,Siemens,1,0.9923490285873413,4331.62890625,1.6792687745117716
2,100350_00001,Siemens,0,0.9534487724304199,14721.236328125,1.5725235110306712
2,100354_00001,Toshiba,0,0.8972460627555847,813.7437744140625,1.3072660731757835
2,100363_00001,Siemens,0,0.9889705181121826,4115.138671875,1.617974739381914
2,100366_00001,Toshiba,0,0.9816831350326538,7443.3046875,1.6305811505896537
2,100371_00001,Toshiba,0,0.9830526113510132,2912.408203125,1.6197567566401314
2,100375_00001,Toshiba,0,0.9893885254859924,2962.392333984375,1.682530168612593
2,100377_00001,Siemens,0,0.9912378191947937,20909.62109375,1.857745087202155
2,100388_00001,Philips,0,0.9922893643379211,13866.4580078125,1.7391957767648976
2,100392_00001,Toshiba,0,0.9476239681243896,843.8740844726562,1.4479866549574405
2,100395_00001,Siemens,0,0.5083667635917664,664.3338623046875,0.5469973631799433
2,100399_00001,Toshiba,0,0.9899281859397888,17804.765625,1.8657060955007583
2,100407_00001,Philips,1,0.9908567667007446,5169.94384765625,1.7537890224588475
2,100409_00001,Toshiba,1,0.9915380477905273,29008.439453125,1.9548756972495567
2,100416_00002,Siemens,1,0.9739684462547302,1735.4664306640625,1.5079365380371197
2,100417_00002,Toshiba,0,0.9857181310653687,3132.428466796875,1.6451672909806516
2,100427_00001,Toshiba,1,0.9915870428085327,4330.83740234375,1.6693887770543478
2,100430_00001,Siemens,1,0.9547740817070007,2537.091796875,1.5242362253782555
2,100437_00001,Toshiba,0,0.9827572107315063,65792.2578125,2.059760124662305
2,100456_00002,Toshiba,0,0.9591925740242004,2791.6953125,1.5781850883133217
2,100459_00001,Toshiba,0,0.9696420431137085,6345.77001953125,1.6425506138802342
2,100460_00001,Toshiba,0,0.9514138102531433,1779.3497314453125,1.5199561030928714
2,100465_00001,Siemens,0,0.849597156047821,399.3153381347656,1.1978877495106475
2,100468_00001,Toshiba,0,0.7815808057785034,526.9334716796875,1.1137993357364173
2,100469_00001,Toshiba,0,0.9605836272239685,5147.16796875,1.583470207127414
2,100478_00001,Toshiba,0,0.9922594428062439,5614.19287109375,1.720951140414822
2,100485_00001,Siemens,0,0.9908034801483154,21768.130859375,1.859312771467401
2,100486_00001,Toshiba,0,0.9775643944740295,3470.2783203125,1.5480886906954787
2,100489_00001,Siemens,0,0.983502209186554,5839.994140625,1.6755810038196723
2,100492_00001,Philips,1,0.9892855286598206,12792.0546875,1.7792522170002087
2,100509_00001,Toshiba,0,0.9332485198974609,12813.15234375,1.562368018862668
2,100511_00001,Siemens,0,0.9389688968658447,3710.685791015625,1.5015723925941948
2,100517_00001,Toshiba,0,0.9662834405899048,1778.6199951171875,1.5655988225310515
2,100523_00001,Toshiba,0,0.990767776966095,21697.5703125,1.7523249395694938
2,100530_00001,Philips,1,0.9919223785400391,3222.5087890625,1.6539878672941921
2,100531_00001,Siemens,0,0.9899086952209473,11685.6552734375,1.8180968279063838
2,100533_00001,Toshiba,1,0.9869794845581055,48870.5859375,2.0086997961364164
2,100534_00001,Siemens,0,0.972727358341217,1440.51318359375,1.5730564840134944
2,100541_00001,Philips,0,0.9826576113700867,54700.4609375,2.033923713883714
2,100552_00001,Siemens,0,0.9934738278388977,53925.609375,2.023261350028211
2,100559_00001,Siemens,0,0.9227612018585205,10112.6025390625,1.5529937958049416
2,100564_00001,Toshiba,1,0.9036349058151245,2712.314208984375,1.408396612190193
2,100566_00001,Toshiba,0,0.9305844902992249,886.7242431640625,1.3402761017975793
2,100570_00001,Toshiba,0,0.988469660282135,5595.5478515625,1.583732301647107
2,100580_00001,Toshiba,0,0.46496233344078064,310.6023254394531,0.46496233344078064
2,100581_00001,Siemens,0,0.9918121099472046,6938.64013671875,1.6610415045431441
2,100585_00001,Siemens,0,0.6805602312088013,1336.0714111328125,0.9642006730215658
2,100598_00001,Toshiba,0,0.987616240978241,107991.53125,2.1387142130429164
2,100608_00001,Philips,1,0.9926398992538452,5891.39111328125,1.7715885483389737
2,100609_00001,Siemens,0,0.9809491038322449,2201.602294921875,1.5975814058987743
2,100617_00001,Philips,1,0.9424007534980774,20221.779296875,1.6994864094241928
2,100620_00001,Siemens,0,0.8397339582443237,667.2450561523438,1.1727743712032448
2,100625_00001,Siemens,0,0.8180109858512878,1115.8658447265625,1.2342060265241337
2,100627_00001,Toshiba,0,0.9575565457344055,3480.833740234375,1.620675040138242
2,100628_00001,Siemens,0,0.928083598613739,1383.205322265625,1.4832092493117595
2,100637_00001,Toshiba,0,0.993320107460022,64124.55859375,1.8982011101589387
2,100650_00001,Siemens,0,0.9802808165550232,1253.706787109375,1.5580071907457176
2,100662_00001,Siemens,0,0.9849563241004944,7468.228515625,1.76671634976248
2,100667_00001,Philips,0,0.9910145401954651,11440.09375,1.8343942159902644
2,100683_00001,Toshiba,0,0.9447402954101562,1358.0853271484375,1.4343541457390065
2,100691_00001,Toshiba,1,0.8702117204666138,2581.741943359375,1.3704478709667822
2,100703_00001,Siemens,1,0.9811848998069763,28444.2421875,1.9351088782633876
2,100713_00001,Philips,1,0.9895715713500977,6482.8251953125,1.687394636036554
2,100718_00001,Siemens,0,0.8132384419441223,1181.80029296875,1.2488696247759399
2,100719_00001,Siemens,0,0.5723194479942322,356.1523132324219,0.6988336953051021
2,100728_00001,Philips,1,0.9926113486289978,6453.0947265625,1.7479826184355762
2,100729_00001,Toshiba,0,0.9817007184028625,7951.11181640625,1.6624828662330338
2,100731_00001,Toshiba,0,0.973418116569519,8373.7607421875,1.6976276762678455
2,100732_00001,Philips,1,0.9888203740119934,13664.7421875,1.8487942491554707
2,100735_00001,Siemens,0,0.9865199327468872,41114.91015625,1.9938812102114334
2,100741_00001,Siemens,0,0.9457511901855469,7876.81005859375,1.6625771069655393
2,100749_00001,Toshiba,0,0.9874235987663269,13211.8720703125,1.8295516473308462
2,100756_00001,Siemens,1,0.9920926690101624,7607.37060546875,1.7801269597580187
2,100763_00001,Toshiba,0,0.9032942056655884,1883.9412841796875,1.446357974487962
2,100766_00001,Toshiba,0,0.9818578958511353,115354.7265625,2.1297752445048697
2,100769_00001,Toshiba,0,0.9634719491004944,3656.197265625,1.5901802383369532
2,100778_00001,Siemens,0,0.9904406070709229,9149.638671875,1.7158252604924877
2,100779_00001,Toshiba,0,0.8366213440895081,1476.9744873046875,1.2268908092893063
2,100782_00001,Siemens,0,0.963949978351593,1772.1065673828125,1.5359949343005481
2,100785_00001,Siemens,0,0.9307105541229248,2576.550537109375,1.470760986734932
2,100790_00001,Philips,1,0.988469660282135,20213.583984375,1.915417737254373
2,100791_00001,Siemens,0,0.9914058446884155,26246.80078125,1.928502950013169
2,100811_00001,Siemens,0,0.9899671077728271,11002.97265625,1.7199017745827545
2,100812_00001,Toshiba,0,0.8523833751678467,2607.5244140625,1.3353248251175094
2,100817_00001,Toshiba,0,0.873214840888977,1161.74462890625,1.2654372326262073
2,100821_00001,Siemens,0,0.9773275852203369,13150.396484375,1.8144800654301876
2,100822_00001,Toshiba,1,0.9900636076927185,18688.44921875,1.8952913875959785
2,100826_00001,Other,1,0.9585376977920532,2967.2099609375,1.5145237534985792
2,100836_00001,Toshiba,0,0.9838472008705139,2086.9853515625,1.5651646558111783
2,100837_00001,Philips,1,0.9755536317825317,4270.8837890625,1.6563987904936317
2,100842_00001,Philips,1,0.9896118640899658,54133.09375,1.92701877589257
2,100851_00001,Siemens,0,0.9918279647827148,6997.46826171875,1.764239474065337
2,100859_00001,Toshiba,0,0.946793794631958,957.3549194335938,1.427511050716896
2,100861_00001,Toshiba,0,0.9929609894752502,10966.8466796875,1.6751211315028274
2,100873_00001,Siemens,0,0.9583432078361511,1928.9111328125,1.4746537890259834
2,100874_00001,Siemens,0,0.9828562140464783,2379.142333984375,1.5566787636863415
2,100881_00001,Toshiba,0,0.9885140061378479,27584.318359375,1.7997500493132044
2,100888_00001,Siemens,0,0.7631309032440186,390.4347839355469,1.0464681887609175
2,100901_00001,Siemens,0,0.915280282497406,2209.343994140625,1.4630056232519453
2,100920_00001,Toshiba,0,0.6137576103210449,451.3468933105469,0.8131378012511671
2,100926_00001,Philips,1,0.9848983883857727,37436.125,1.946558932641683
2,100928_00001,Toshiba,1,0.9927951693534851,19755.75390625,1.919708080458232
2,100932_00001,Philips,1,0.9931760430335999,15248.14453125,1.7389586182748136
2,100941_00001,Other,1,0.9852713346481323,4682.9013671875,1.6220142489386284
2,100942_00001,Siemens,1,0.9838472008705139,6320.44091796875,1.7046730582052794
2,100947_00001,Siemens,0,0.8237541317939758,2190.10595703125,1.3051261095820403
2,100963_00001,Siemens,0,0.8407825827598572,465.3987731933594,1.1332243156460227
2,100972_00001,Toshiba,0,0.9817181825637817,62604.31640625,2.0205738812049296
2,100973_00001,Siemens,0,0.9923490285873413,7387.3203125,1.7968154393787907
2,100977_00001,Siemens,0,0.45760631561279297,492.2092590332031,0.45760631561279297
2,100979_00001,Toshiba,0,0.9930961728096008,2431.25634765625,1.5888691771904697
2,100990_00001,Philips,0,0.9308992624282837,5396.3212890625,1.615913604402022
2,101002_00001,Siemens,0,0.7862948179244995,1120.975830078125,1.1258551351637756
2,101010_00001,Siemens,0,0.956916868686676,3723.1533203125,1.5263574190415807
2,101012_00001,Toshiba,0,0.9619291424751282,2922.34619140625,1.6000654684550732
2,101013_00001,Philips,1,0.9920926690101624,4226.01318359375,1.700476743720816
2,101026_00001,Philips,1,0.9893062710762024,13092.6513671875,1.7434919744879083
2,101028_00001,Siemens,0,0.9358759522438049,2402.3896484375,1.5223353108850608
2,101032_00001,Siemens,0,0.9813465476036072,1299.34228515625,1.498647086606027
2,101035_00001,Siemens,0,0.9888418912887573,2156.353759765625,1.6236414055152832
2,101036_00001,Siemens,0,0.9933589100837708,10447.30859375,1.789002894621027
2,101042_00001,Toshiba,0,0.964821994304657,2402.433837890625,1.537478947434886
2,101043_00001,Philips,1,0.9937587976455688,2248.329833984375,1.6632785245217507
2,101053_00001,Siemens,0,0.9812029004096985,3303.349609375,1.6262354102856436
2,101059_00001,Toshiba,0,0.9707987308502197,2356.134521484375,1.5050228061247113
2,101073_00001,Siemens,0,0.9093450307846069,1543.9130859375,1.413333391422643
2,101074_00001,Siemens,0,0.9596865773200989,3153.084716796875,1.5664987767526735
2,101076_00001,Siemens,0,0.9252974390983582,1202.7696533203125,1.4651198572297388
2,101085_00001,Philips,1,0.9846641421318054,30882.14453125,1.9582054754462503
2,101087_00001,Siemens,0,0.9828562140464783,4150.41259765625,1.5593714131247456
2,101089_00001,Toshiba,0,0.9477207660675049,2461.603759765625,1.4220359482386138
2,101093_00001,Toshiba,1,0.9769787192344666,2027.158447265625,1.5736897504611065
2,101099_00001,Siemens,0,0.9778622388839722,1348.5311279296875,1.4924538069308115
2,101108_00001,Toshiba,0,0.9923192858695984,6930.291015625,1.787532856275817
2,101109_00001,Toshiba,0,0.9923192858695984,8076.18896484375,1.6632875458730187
2,101114_00001,Toshiba,0,0.9812927842140198,2226.334716796875,1.6113723569257616
2,101117_00001,Philips,0,0.9926542043685913,9024.15625,1.776032045211801
2,101128_00001,Philips,1,0.9499022960662842,5994.98583984375,1.5556555924335091
2,101130_00001,Siemens,0,0.929440438747406,1999.1849365234375,1.5199509144313563
2,101131_00001,Siemens,0,0.9350505471229553,2870.328857421875,1.461881811085126
2,101134_00001,Siemens,0,0.9791557192802429,1464.685546875,1.5318341737902856
2,101142_00001,Philips,1,0.9857181310653687,69614.3984375,2.076280165463519
2,101143_00001,Siemens,0,0.9430335760116577,3707.052001953125,1.4467884970088598
2,101148_00001,Siemens,0,0.983020007610321,1899.1854248046875,1.614208615461245
2,101151_00001,Philips,1,0.9839708209037781,95709.46875,2.1099369032141166
2,101157_00001,Toshiba,0,0.9750834703445435,1672.4759521484375,1.5194948847617176
2,101176_00001,Siemens,0,0.9387446641921997,1935.468505859375,1.4598066494405333
2,101190_00001,Toshiba,0,0.9855521321296692,2528.9150390625,1.6579249199325994
2,101195_00001,Siemens,0,0.9892855286598206,3790.54833984375,1.6648389380722937
2,101200_00001,Siemens,0,0.9858821630477905,2356.19140625,1.581713700538755
2,101202_00001,Toshiba,0,0.9925682544708252,2791.322998046875,1.6561416612307938
2,101204_00001,Siemens,0,0.9538372755050659,6562.96142578125,1.6823016646331381
2,101206_00001,Toshiba,0,0.971563994884491,824.0971069335938,1.5202033148227416
2,101207_00001,Siemens,0,0.9810219407081604,1869.5076904296875,1.4828053809139121
2,101221_00001,Philips,1,0.9911354780197144,6462.61083984375,1.7796746148075369
2,101226_00001,Toshiba,0,0.9353464841842651,1535.83154296875,1.4684996019917818
2,101237_00001,Toshiba,0,0.9924227595329285,9258.341796875,1.8026852954672894
2,101240_00001,Philips,0,0.9700985550880432,3587.31884765625,1.5502382220881796
2,101255_00001,Siemens,0,0.9735190272331238,2105.222900390625,1.5597783034201573
2,101256_00001,Siemens,0,0.9872527718544006,8418.7333984375,1.6636491374315512
2,101261_00001,Toshiba,1,0.9934357404708862,2007.4691162109375,1.648402706127466
2,101263_00001,Toshiba,0,0.7662062048912048,411.0592346191406,1.0469049382205873
2,101267_00001,Philips,1,0.9885140061378479,43199.78515625,2.0144453020597357
2,101282_00001,Toshiba,0,0.9841545820236206,1776.7373046875,1.5877081944057059
2,101283_00001,Toshiba,0,0.7528311610221863,3914.81201171875,1.208814957926664
2,101292_00001,Toshiba,0,0.9881079792976379,4173.1025390625,1.7192424676381193
2,101306_00001,Philips,1,0.9880849719047546,34481.1640625,1.9281910593538896
2,101312_00001,Siemens,0,0.9620718955993652,3734.0654296875,1.619129686724503
2,101325_00001,Siemens,0,0.9637799859046936,3520.474853515625,1.5320749638918567
2,101333_00001,Toshiba,0,0.9636433720588684,2661.357421875,1.4654450372730967
2,101335_00001,Siemens,0,0.973418116569519,5288.9736328125,1.6275925905921882
2,101337_00001,Toshiba,0,0.904902994632721,297.6233825683594,1.2485215024398437
2,101338_00001,Siemens,1,0.9822537302970886,3955.689697265625,1.6654576054162005
2,101352_00001,Philips,1,0.9901782274246216,10507.8203125,1.8379035554633494
2,101359_00001,Toshiba,0,0.9266363382339478,6817.81103515625,1.564870483790283
2,101369_00001,Philips,1,0.9927812218666077,7878.9482421875,1.742309856012983
2,101371_00001,Philips,0,0.9863104820251465,5106.68798828125,1.6247004669399687
2,101373_00001,Toshiba,0,0.8859278559684753,614.1636962890625,1.299475152808281
2,101374_00001,Siemens,0,0.9517288208007812,760.561279296875,1.4006392130671288
2,101376_00001,Siemens,1,0.9896317720413208,22932.28125,1.9320195083228886
2,101379_00001,Siemens,0,0.9725192785263062,2538.33740234375,1.4795333151405854
2,101380_00001,Siemens,0,0.9570375084877014,1900.2198486328125,1.5016274172406525
2,101386_00001,Siemens,0,0.9746528267860413,5222.267578125,1.6586176484553476
2,101397_00001,Toshiba,0,0.9167081117630005,1530.862060546875,1.3885609203326725
2,101411_00001,Siemens,0,0.9908567667007446,1323.26123046875,1.5356701726327477
2,101412_00001,Other,1,0.7905303239822388,2065.3076171875,1.0984649073010082
2,101415_00001,Toshiba,1,0.9917484521865845,44896.41015625,1.9819999463960702
2,101418_00001,Siemens,1,0.9678385257720947,6400.4931640625,1.6311933350146486
2,101422_00001,Siemens,0,0.9092645049095154,1683.506103515625,1.4094776105067823
2,101424_00001,Siemens,0,0.8884688019752502,930.8126220703125,1.3755626011873374
2,101432_00001,Siemens,0,0.9886682629585266,5812.921875,1.6165077519403206
2,101459_00001,Toshiba,0,0.9745803475379944,3350.15869140625,1.654392389113593
2,101463_00001,Siemens,0,0.9498092532157898,10098.2509765625,1.5915354766326726
2,101466_00001,Siemens,0,0.9520864486694336,1003.7922973632812,1.4716577874505574
2,101472_00001,Toshiba,1,0.9882676005363464,59958.234375,2.040993276966164
2,101479_00001,Siemens,0,0.9655764698982239,2286.59423828125,1.546172925829684
2,101483_00001,Philips,1,0.9898695349693298,6137.54638671875,1.6448647115876105
2,101486_00001,Toshiba,0,0.9816479682922363,4104.66162109375,1.666231228760829
2,101490_00001,Toshiba,0,0.9837225079536438,10498.8564453125,1.682140409192834
2,101498_00001,Siemens,0,0.9324532747268677,2021.41015625,1.4615689422713138
2,101502_00001,Toshiba,0,0.9792352318763733,132277.890625,2.148845924649761
2,101506_00001,Siemens,0,0.9758315682411194,4717.0126953125,1.663371595795403
2,101520_00001,Siemens,0,0.9887337684631348,6806.67626953125,1.718908932047275
2,101521_00001,Siemens,1,0.9879229664802551,35219.19140625,1.9870515948864245
2,101527_00001,Toshiba,0,0.9348725080490112,1424.5777587890625,1.4182851176777547
2,101530_00001,Philips,1,0.9906960725784302,6845.2578125,1.7842596802930069
2,101531_00001,Toshiba,0,0.9283438920974731,3088.72314453125,1.481509091002979
2,101534_00001,Toshiba,1,0.9903102517127991,1851.205810546875,1.5550316224366667
2,101537_00001,Toshiba,1,0.9675332307815552,10662.2861328125,1.5990073534474663
2,101539_00001,Siemens,0,0.9265034794807434,1889.7152099609375,1.472672247332707
2,101541_00001,Philips,1,0.9900828003883362,6554.35595703125,1.7738982210052
2,101542_00001,Toshiba,0,0.9849852323532104,3163.162109375,1.617679934954835
2,101546_00001,Siemens,0,0.9674717783927917,9232.8330078125,1.7168672543016679
2,101572_00001,Toshiba,0,0.9688856601715088,3709.73193359375,1.6703806000398709
2,101577_00001,Siemens,0,0.9852429628372192,28223.0859375,1.9415996357522858
2,101595_00001,Siemens,0,0.961533784866333,2277.664794921875,1.535119404495256
2,101595_00002,Siemens,0,0.9919067621231079,6353.7626953125,1.7692622102897706
2,101599_00001,Siemens,0,0.9858275651931763,4720.69873046875,1.6495164425888713
2,101602_00001,Philips,1,0.9887337684631348,177616.78125,2.1452835165992514
2,101618_00001,Siemens,0,0.9773707389831543,9823.3642578125,1.6557647859871862
2,101633_00001,Siemens,0,0.7962924242019653,2641.662109375,1.2399207134748713
2,101642_00001,Siemens,0,0.9889918565750122,2651.211669921875,1.6080805013827937
2,101643_00001,Toshiba,0,0.9916519522666931,38383.19140625,1.9070659981296036
2,101659_00001,Toshiba,1,0.9889705181121826,4079.867919921875,1.671445387099476
2,101664_00001,Toshiba,0,0.9849563241004944,6565.37646484375,1.687092294783317
2,101673_00001,Siemens,0,0.9837537407875061,4291.5859375,1.6018646374905097
2,101676_00001,Siemens,0,0.9881079792976379,1623.6158447265625,1.5964235595581282
2,101685_00001,Siemens,0,0.9900636076927185,10031.765625,1.6902084120587477
2,101688_00001,Toshiba,0,0.9161096215248108,1589.8507080078125,1.4313274931925304
2,101690_00001,Toshiba,0,0.9556928277015686,1933.174072265625,1.5348004119567369
2,101694_00001,Siemens,1,0.9838781356811523,84789.84375,2.097308990531194
2,101698_00001,Siemens,1,0.9934611320495605,16894.68359375,1.8623629915647748
2,101699_00001,Siemens,0,0.8602518439292908,2517.8623046875,1.2682943532638444
2,101703_00001,Siemens,0,0.967625081539154,23628.203125,1.8106533980477226
2,101705_00001,Siemens,0,0.9925537705421448,8686.3642578125,1.7675978174980604
2,101707_00001,Philips,0,0.952397346496582,903.6605834960938,1.3977167453225616
2,101721_00001,Philips,1,0.988447368144989,117738.7890625,2.151842963785489
2,101724_00001,Toshiba,0,0.9703805446624756,4610.53466796875,1.6801852063540863
2,101727_00001,Toshiba,0,0.9862841367721558,7244.32373046875,1.783799065823577
2,101730_00001,Siemens,0,0.9658995866775513,742.1487426757812,1.4755711172739503
2,101734_00001,Siemens,0,0.8335957527160645,2190.609130859375,1.2939660999030553
2,101737_00001,Siemens,0,0.9853561520576477,10722.849609375,1.7283258814458258
2,101739_00001,Siemens,0,0.9413852691650391,1475.7601318359375,1.4361043744851907
2,101745_00001,Siemens,0,0.9775000214576721,752.6214599609375,1.5030324510987343
2,101756_00001,Siemens,0,0.986828088760376,75758.375,2.0187384895548766
2,101758_00001,Siemens,0,0.9483462572097778,781.0232543945312,1.4038042872935133
2,101762_00001,Siemens,0,0.991455614566803,5775.01904296875,1.6748760606884552
2,101764_00001,Toshiba,0,0.9782188534736633,11409.8974609375,1.7128724311914554
2,101766_00001,Toshiba,0,0.9841850996017456,2031.1480712890625,1.5410658229869376
2,101767_00001,Philips,1,0.9933071732521057,6364.81591796875,1.7758862817572787
2,101770_00001,Siemens,0,0.9932811260223389,6591.65185546875,1.706670981404216
2,101772_00001,Toshiba,0,0.9904775619506836,33524.40625,1.9005788281260105
2,101781_00001,Siemens,0,0.9875683188438416,40560.84765625,1.9351294715822978
2,101782_00001,Siemens,0,0.9901592135429382,39925.9765625,1.9731877665450037
2,101786_00001,Toshiba,0,0.954094648361206,3038.926513671875,1.5441341327152123
2,101789_00001,Toshiba,0,0.9796287417411804,4662.28955078125,1.6768095180817433
2,101797_00001,Toshiba,0,0.992046594619751,27160.912109375,1.7921630068082859
2,101800_00001,Siemens,1,0.9909622073173523,5135.43896484375,1.7508588524653552
2,101801_00001,Other,1,0.9903102517127991,39788.12890625,1.994036612903108
2,101802_00001,Siemens,0,0.9846641421318054,19218.873046875,1.8926456279122938
2,101810_00001,Philips,0,0.9838781356811523,2446.55712890625,1.5999834401002977
2,101812_00001,Siemens,0,0.9575167298316956,6751.7744140625,1.5407979077017318
2,101823_00001,Siemens,0,0.18469397723674774,204.77745056152344,0.18469397723674774
2,101835_00001,Siemens,1,0.9867516756057739,2937.156494140625,1.587925870840438
2,101840_00001,Siemens,0,0.9798033833503723,1032.337646484375,1.5192448326649544
2,101845_00001,Philips,1,0.9443310499191284,10062.2734375,1.631558038171939
2,101868_00001,Siemens,0,0.15869519114494324,325.66143798828125,0.15869519114494324
2,101870_00001,Siemens,0,0.6631783246994019,261.6384582519531,0.8596270281033694
2,101875_00001,Toshiba,0,0.9230391979217529,1195.78125,1.4370247229327215
2,101886_00001,Siemens,1,0.9784466028213501,9870.349609375,1.7855298398277708
2,101890_00001,Siemens,0,0.9677472114562988,2938.8427734375,1.5171361268655605
2,101896_00001,Siemens,0,0.9620718955993652,5711.7099609375,1.5911635042067696
2,101903_00001,Siemens,0,0.9699281454086304,1524.39404296875,1.4463803735041088
2,101907_00001,Siemens,0,0.9931893348693848,8993.9716796875,1.7466992595070152
2,101910_00001,Philips,0,0.8267817497253418,2794.318115234375,1.3149368658999907
2,101917_00001,Philips,1,0.9914886951446533,5910.73046875,1.738217996776532
2,101918_00001,Philips,1,0.8441522121429443,1797.0308837890625,1.296343116678657
2,101920_00001,Siemens,0,0.9537512063980103,8173.921875,1.4375948030315742
2,101921_00001,Toshiba,0,0.9923192858695984,20573.392578125,1.817660498802873
2,101923_00001,Toshiba,0,0.9894295334815979,16722.884765625,1.8867082074274357
2,101924_00001,Siemens,0,0.9300780892372131,1963.236083984375,1.43998374832539
2,101926_00001,Toshiba,0,0.9903290271759033,8896.193359375,1.8047183956194317
2,101929_00001,Siemens,0,0.991305410861969,4003.8935546875,1.6512161570843604
2,101936_00001,Siemens,0,0.8088988661766052,478.2799377441406,1.1373691192757869
2,101937_00001,Toshiba,0,0.978260338306427,7366.8623046875,1.728619863258744
2,101939_00001,Siemens,0,0.9818752408027649,54325.82421875,2.015105846468186
2,101944_00001,Siemens,0,0.9160345196723938,3595.00634765625,1.4555245769317466
2,101948_00001,Toshiba,0,0.9841241240501404,1187.761962890625,1.5471964467545858
2,101950_00001,Siemens,0,0.46116843819618225,1077.487060546875,0.46116843819618225
2,101964_00001,Philips,1,0.9906056523323059,20083.150390625,1.916305765931724
2,101966_00001,Toshiba,0,0.992408037185669,9023.3408203125,1.8060935016334256
2,101970_00002,Siemens,0,0.9733169674873352,1450.3995361328125,1.570943812474591
2,101971_00001,Philips,1,0.9848109483718872,31792.884765625,1.9611018146620638
2,101972_00001,Other,1,0.9917803406715393,6499.51904296875,1.776260148892787
2,101975_00001,Siemens,0,0.9857181310653687,6334.54150390625,1.6220131807622
2,101982_00001,Siemens,0,0.7280721068382263,1073.7335205078125,1.0344142827073377
2,101984_00001,Toshiba,0,0.9685006141662598,5329.5595703125,1.591913221055972
2,101989_00001,Siemens,0,0.9726234674453735,3525.789306640625,1.59396487474049
2,102004_00001,Toshiba,1,0.9930827617645264,14705.5205078125,1.8266815103605178
2,102006_00001,Philips,1,0.9906960725784302,37166.62890625,1.988633347329199
2,102010_00001,Siemens,0,0.9687677025794983,7638.025390625,1.5698491858310524
2,102011_00001,Siemens,0,0.7182486653327942,2472.439697265625,1.1102103628721787
2,102043_00001,Siemens,0,0.987375020980835,7419.34814453125,1.7901322064848901
2,102053_00001,Siemens,1,0.9896518588066101,20965.779296875,1.8271580731711663
2,102054_00001,Siemens,1,0.9882901906967163,28977.9453125,1.9236359521307311
2,102057_00001,Toshiba,1,0.9919223785400391,3617.579345703125,1.7013345621443736
2,102059_00001,Siemens,0,0.9916195869445801,3943.233642578125,1.7141336156733342
2,102063_00001,Philips,1,0.986415684223175,88918.5703125,2.11119093049274
2,102065_00002,Other,1,0.9901211261749268,31170.45703125,1.9485673007060575
2,102097_00001,Siemens,0,0.9893680214881897,2995.140625,1.5849019827266562
2,102100_00001,Toshiba,0,0.9519079327583313,2517.95068359375,1.45570040818624
2,102101_00001,Philips,0,0.9692369103431702,2789.846923828125,1.535549954881746
2,102102_00001,Toshiba,1,0.9796481728553772,6067.88525390625,1.665888727251675
2,102108_00001,Toshiba,0,0.88373863697052,9799.66796875,1.5013918253867435
2,102109_00001,Philips,1,0.8175744414329529,1040.2879638671875,1.219993849461552
2,102119_00001,Siemens,0,0.5871739387512207,970.2267456054688,0.7669922060882838
2,102122_00001,Toshiba,0,0.9681411385536194,1694.1729736328125,1.499480740040276
2,102134_00001,Toshiba,1,0.9191359281539917,1079.460205078125,1.4119458181785247
2,102139_00001,Siemens,1,0.9691202640533447,79575.71875,1.933503221511512
2,102140_00001,Philips,1,0.9882221817970276,9871.431640625,1.8261835133629651
2,102148_00001,Toshiba,0,0.9670388102531433,896.21875,1.413495186757011
2,102157_00001,Siemens,0,0.8257302641868591,1721.7681884765625,1.254143208166732
2,102158_00001,Siemens,0,0.9225521683692932,3460.0478515625,1.470481141833423
2,102159_00001,Toshiba,1,0.9796287417411804,8015.5771484375,1.6906735142605438
2,102161_00001,Siemens,0,0.988711953163147,3089.39794921875,1.6724022879065883
2,102174_00001,Toshiba,0,0.9923192858695984,6114.4697265625,1.7387514740252676
2,102183_00001,Siemens,0,0.8427984118461609,781.8050537109375,1.239571403246725
2,102191_00001,Philips,1,0.9930017590522766,11333.80859375,1.827170057253348
2,102194_00001,Toshiba,0,0.9832144975662231,1635.6396484375,1.55629841131455
2,102198_00001,Toshiba,0,0.9936979413032532,2486.37548828125,1.6578220036225058
2,102201_00001,Toshiba,0,0.9920157194137573,4490.8369140625,1.7259565158022885
2,102203_00001,Philips,1,0.9845160245895386,46893.53515625,2.021324320017457
2,102213_00001,Siemens,0,0.9778834581375122,3642.01318359375,1.5473328800735293
2,102214_00001,Siemens,0,0.9877113699913025,6808.08544921875,1.6583892818101504
2,102220_00001,Siemens,0,0.986828088760376,12878.3955078125,1.8541252659501102
2,102221_00001,Siemens,0,0.9856352806091309,48491.0078125,1.9453769084613755
2,102222_00001,Toshiba,0,0.9901401400566101,6753.17578125,1.736944558383592
3,100012_00001,Siemens,0,0.9913390278816223,4570.5478515625,1.6947311506202771
3,100013_00001,Toshiba,0,0.9665370583534241,5031.6201171875,1.5889919705224709
3,100014_00001,Toshiba,0,0.9634031057357788,1505.6168212890625,1.554626722039549
3,100020_00001,Siemens,0,0.9518632292747498,21582.728515625,1.5951086514293893
3,100023_00001,Siemens,0,0.990678071975708,3945.383056640625,1.602908369856771
3,100029_00001,Toshiba,0,0.994830310344696,18682.234375,1.7888114832790956
3,100030_00001,Toshiba,1,0.9834068417549133,117800.2421875,2.1213917676551604
3,100033_00001,Siemens,1,0.9796091914176941,7245.87548828125,1.7231769133274595
3,100042_00001,Siemens,0,0.9867004752159119,5309.77490234375,1.6873060463559737
3,100047_00004,Siemens,0,0.9909797310829163,3860.1806640625,1.584283941049845
3,100048_00001,Siemens,0,0.7942253947257996,731.2899169921875,1.1256409298905827
3,100065_00001,Philips,1,0.9864417314529419,2424.427001953125,1.5848727842093877
3,100070_00001,Toshiba,0,0.9849274158477783,6462.5537109375,1.6708776768479197
3,100079_00001,Toshiba,0,0.9512782096862793,944.2869262695312,1.4132429557755932
3,100092_00001,Siemens,0,0.9886682629585266,13669.90234375,1.8355804632853157
3,100094_00001,Siemens,0,0.9546051621437073,19123.740234375,1.7442060109853301
3,100102_00001,Philips,1,0.9924227595329285,33318.1015625,1.984238494481788
3,100114_00001,Siemens,0,0.9240732789039612,1880.50341796875,1.4333612183626898
3,100123_00001,Siemens,0,0.987616240978241,6044.56689453125,1.616824665251199
3,100125_00001,Philips,0,0.32145997881889343,1812.4593505859375,0.32145997881889343
3,100126_00001,Siemens,1,0.9892024397850037,2951.888671875,1.6794535872753797
3,100133_00001,Siemens,0,0.9896718263626099,3146.234130859375,1.6137003250230306
3,100138_00001,Siemens,1,0.9954879879951477,8400.771484375,1.8101718527194917
3,100156_00001,Siemens,0,0.9774355292320251,8466.701171875,1.5980388839119755
3,100181_00001,Toshiba,0,0.9841545820236206,6125.74755859375,1.6413414503029005
3,100183_00001,Philips,1,0.9774355292320251,2763.01318359375,1.6369642654957215
3,100189_00001,Siemens,0,0.9732915163040161,21531.591796875,1.7443817891212854
3,100217_00001,Siemens,1,0.9953272342681885,13323.431640625,1.759890931245815
3,100220_00001,Siemens,1,0.9919067621231079,2876.024169921875,1.6840449466061
3,100230_00001,Siemens,0,0.988863468170166,3370.79541015625,1.6498583182424742
3,100233_00001,Toshiba,0,0.9838160872459412,5338.7685546875,1.55586631026888
3,100241_00001,Toshiba,0,0.9858275651931763,5048.5166015625,1.6489799706911035
3,100245_00001,Siemens,1,0.9922594428062439,23139.556640625,1.8995321645535757
3,100260_00001,Toshiba,0,0.9864938259124756,11521.6767578125,1.7374107652298212
3,100262_00001,Siemens,1,0.9829874038696289,29247.15234375,1.9283042785780247
3,100268_00002,Siemens,0,0.9170801043510437,1984.1644287109375,1.4486138713517243
3,100276_00001,Toshiba,1,0.9303317666053772,972.2276000976562,1.4247913264679735
3,100277_00001,Siemens,0,0.9234544038772583,786.9228515625,1.325427628976615
3,100283_00001,Toshiba,0,0.9899086952209473,73769.7734375,2.041286788470225
3,100284_00001,Toshiba,0,0.9912208914756775,2690.561767578125,1.6710439499348275
3,100287_00001,Siemens,0,0.9740425944328308,2307.106201171875,1.5060332311850348
3,100288_00001,Siemens,0,0.9000037312507629,5778.0966796875,1.5060921302713104
3,100305_00001,Siemens,0,0.9381240010261536,2966.265380859375,1.344952047554101
3,100306_00001,Toshiba,0,0.8113772869110107,927.6921997070312,1.1229858031839581
3,100310_00001,Philips,0,0.9924227595329285,15984.9931640625,1.851486160202697
3,100313_00001,Siemens,0,0.9186993837356567,3372.9912109375,1.489070617250819
3,100321_00001,Toshiba,0,0.9783639311790466,4150.76904296875,1.5671860669198616
3,100326_00001,Siemens,0,0.38058626651763916,328.15081787109375,0.38058626651763916
3,100328_00001,Philips,1,0.9841241240501404,22011.625,1.8409837169809915
3,100330_00001,Toshiba,0,0.6703386306762695,10994.9140625,1.0092520664378504
3,100334_00001,Toshiba,0,0.9602494835853577,5002.38720703125,1.557302791415389
3,100338_00001,Toshiba,0,0.9947289824485779,3723.27392578125,1.6530109582890535
3,100346_00001,Siemens,0,0.5863970518112183,1212.0675048828125,0.7286573243108532
3,100351_00001,Toshiba,1,0.9944451451301575,4086.41796875,1.732356051159573
3,100356_00001,Toshiba,1,0.9952540397644043,3670.56103515625,1.7088791464135014
3,100358_00001,Toshiba,0,0.9893269538879395,8297.98828125,1.7483258737742131
3,100362_00001,Siemens,0,0.9696994423866272,4737.22412109375,1.4997516952475687
3,100367_00001,Siemens,0,0.9889063835144043,10440.560546875,1.8274843974062671
3,100374_00001,Siemens,0,0.9865458011627197,22799.767578125,1.7670545035537804
3,100379_00001,Other,1,0.9949001669883728,6366.53271484375,1.7832824531555382
3,100386_00001,Other,1,0.9771320223808289,4114.58154296875,1.6742807418874717
3,100387_00001,Toshiba,0,0.9349318742752075,8035.19384765625,1.4479089762869504
3,100394_00001,Siemens,1,0.995866060256958,5334.19580078125,1.766061112096841
3,100397_00001,Siemens,1,0.9904221296310425,125453.5390625,2.159600839432616
3,100398_00001,Siemens,0,0.9878528118133545,2343.985107421875,1.651233574981052
3,100402_00001,Toshiba,1,0.9953181147575378,5875.10107421875,1.748292183886694
3,100404_00001,Toshiba,1,0.9901019334793091,3851.63232421875,1.488951900396021
3,100415_00001,Siemens,0,0.9543505907058716,1658.46044921875,1.4370630140805118
3,100416_00001,Toshiba,1,0.9800149202346802,1053.9219970703125,1.4045121674724503
3,100417_00001,Toshiba,0,0.9939963817596436,3368.80908203125,1.7064455623340355
3,100423_00001,Siemens,0,0.9656736254692078,1196.4775390625,1.4842224421512455
3,100428_00001,Siemens,0,0.9795701503753662,14577.54296875,1.7181340304888515
3,100436_00001,Siemens,1,0.9901971817016602,55835.6484375,2.051236372690028
3,100447_00001,Siemens,0,0.9862311482429504,3906.212890625,1.6354571713306998
3,100475_00001,Toshiba,0,0.9417077898979187,6360.08544921875,1.6107091688226065
3,100479_00001,Philips,1,0.9719659090042114,2556.539794921875,1.5179254048334703
3,100484_00001,Toshiba,0,0.9779256582260132,2058.98193359375,1.5472939072077525
3,100490_00001,Toshiba,0,0.9772841930389404,5229.75634765625,1.549200410007327
3,100493_00001,Toshiba,0,0.9913892149925232,14354.62109375,1.7986316428141154
3,100494_00001,Philips,0,0.9827407002449036,2081.732421875,1.6206804178182532
3,100495_00001,Toshiba,0,0.8590145111083984,378.7004699707031,1.1334764428762418
3,100497_00001,Toshiba,0,0.9917002320289612,6010.87255859375,1.719237319434961
3,100498_00001,Siemens,1,0.9962419271469116,5535.484375,1.7708294119407124
3,100508_00001,Toshiba,1,0.995566189289093,5677.74169921875,1.7606820718861451
3,100515_00001,Toshiba,1,0.9849852323532104,4516.82373046875,1.6748478045954014
3,100516_00001,Toshiba,0,0.9919847846031189,9016.435546875,1.753986356538321
3,100518_00001,Siemens,0,0.9943690896034241,3479.92724609375,1.6961774303616834
3,100527_00001,Toshiba,0,0.9642878174781799,4260.919921875,1.5514306075874935
3,100529_00001,Toshiba,0,0.9924958944320679,4780.8046875,1.6711887277862065
3,100535_00001,Toshiba,0,0.9736696481704712,2790.17578125,1.4532780625792239
3,100536_00001,Siemens,0,0.7898017168045044,1520.9287109375,1.1243980225287313
3,100538_00001,Toshiba,0,0.9914224743843079,4832.2744140625,1.7335285891508205
3,100561_00001,Toshiba,0,0.8652810454368591,2481.724853515625,1.2859345216219331
3,100567_00001,Toshiba,0,0.9261034727096558,3691.568115234375,1.4266596931865254
3,100569_00001,Toshiba,0,0.9718057513237,1845.657958984375,1.4316248539536724
3,100582_00001,Siemens,0,0.8140527606010437,6410.78271484375,1.1935389032419093
3,100592_00001,Toshiba,0,0.9577940106391907,4237.7353515625,1.4817652294980002
3,100595_00001,Toshiba,0,0.9870794415473938,6261.28759765625,1.6744882253334819
3,100599_00001,Other,1,0.9843363761901855,1404.5335693359375,1.5104820973079836
3,100600_00001,Siemens,0,0.9418148994445801,1314.3797607421875,1.467777720594633
3,100603_00001,Siemens,0,0.671470582485199,689.419189453125,0.9133735179183854
3,100613_00001,Siemens,1,0.9855799674987793,25805.5234375,1.941417918245734
3,100623_00001,Philips,1,0.9878528118133545,10794.2041015625,1.8357750168158904
3,100624_00001,Siemens,0,0.917672336101532,13033.71875,1.4533670028692602
3,100626_00001,Toshiba,0,0.9014011025428772,10204.7490234375,1.5783164726856695
3,100631_00001,Siemens,0,0.7766229510307312,2837.504638671875,1.1166303294815343
3,100633_00001,Siemens,0,0.6949241757392883,1109.55224609375,0.8856381724361772
3,100635_00001,Toshiba,0,0.9078037738800049,1044.072021484375,1.3141779983482544
3,100640_00001,Toshiba,0,0.9814534187316895,2069.67626953125,1.6069329811864512
3,100643_00001,Toshiba,0,0.9925537705421448,15986.8701171875,1.7948076577331011
3,100646_00001,Siemens,0,0.967007577419281,666.1198120117188,1.4102258471286864
3,100649_00001,Other,1,0.9778199791908264,7189.900390625,1.7203173227420094
3,100653_00001,Toshiba,0,0.9924666285514832,7440.04736328125,1.7444710864371007
3,100654_00001,Siemens,0,0.9775857925415039,1587.55859375,1.553425525892213
3,100656_00001,Toshiba,0,0.04123002663254738,119.2560806274414,0.04123002663254738
3,100658_00001,Siemens,1,0.9848692417144775,30291.474609375,1.9614901567379104
3,100672_00001,Siemens,0,0.9495291709899902,4747.88525390625,1.482975733121421
3,100673_00001,Philips,1,0.9969005584716797,49220.015625,1.9435760268976638
3,100681_00001,Toshiba,0,0.9788343906402588,671.82763671875,1.4711410783563992
3,100685_00001,Siemens,0,0.9932550191879272,7740.00146484375,1.6918146346276848
3,100688_00001,Siemens,0,0.8906751871109009,1462.8629150390625,1.296461528384179
3,100692_00001,Siemens,0,0.9625324606895447,7565.60986328125,1.678296412701217
3,100694_00001,Siemens,0,0.9581087231636047,1371.666748046875,1.446187042390398
3,100704_00001,Siemens,0,0.9953994154930115,6980.80322265625,1.6945818060412914
3,100709_00001,Toshiba,1,0.9936856627464294,19065.794921875,1.8217807592908422
3,100710_00001,Toshiba,0,0.9194257855415344,1379.9366455078125,1.3734539191649897
3,100717_00001,Siemens,0,0.9581087231636047,8688.02734375,1.5920292319342364
3,100721_00001,Siemens,0,0.9915380477905273,8470.025390625,1.6441539206242874
3,100724_00001,Siemens,0,0.9184802770614624,3523.662841796875,1.4497007330628437
3,100730_00001,Philips,0,0.9923638105392456,16246.1611328125,1.864835686379654
3,100739_00001,Siemens,0,0.9883578419685364,5351.92529296875,1.5606551681667897
3,100748_00001,Toshiba,0,0.9864678382873535,4410.63232421875,1.707099690858034
3,100750_00001,Philips,0,0.991455614566803,10545.3818359375,1.676798787044113
3,100761_00001,Siemens,0,0.9494823217391968,4314.01171875,1.5166483028482034
3,100770_00001,Siemens,0,0.9917484521865845,59515.61328125,1.847032526739826
3,100777_00001,Siemens,0,0.7729593515396118,1100.54150390625,1.0599457696615184
3,100805_00001,Toshiba,0,0.9867516756057739,5837.8681640625,1.67292901652878
3,100809_00001,Siemens,1,0.9895715713500977,113513.0546875,2.1515312160828923
3,100813_00001,Toshiba,0,0.9850141406059265,5674.39990234375,1.6213459978455873
3,100818_00001,Siemens,0,0.907394289970398,6984.42236328125,1.4892628360272577
3,100830_00001,Toshiba,0,0.9444336295127869,2820.537353515625,1.5637364424802633
3,100831_00001,Siemens,1,0.9391365647315979,2832.77001953125,1.508211785893813
3,100841_00001,Philips,0,0.9815067052841187,8055.71923828125,1.7247414548200952
3,100844_00001,Siemens,0,0.778396725654602,2201.077880859375,1.2260331854207254
3,100845_00001,Siemens,0,0.9824230670928955,58019.05859375,2.03873336376309
3,100848_00001,Toshiba,0,0.9922294020652771,4915.31982421875,1.6133446840356869
3,100852_00001,Philips,1,0.9943360686302185,10586.955078125,1.845009851987275
3,100865_00001,Toshiba,0,0.981788158416748,6330.5703125,1.700417301708185
3,100872_00001,Siemens,0,0.9892232418060303,2311.1181640625,1.6465239370926592
3,100876_00001,Siemens,1,0.9935368895530701,6783.134765625,1.7402911546751687
3,100878_00001,Siemens,0,0.7842364311218262,408.9114685058594,0.9920775174640143
3,100886_00001,Toshiba,0,0.8894329071044922,2058.624755859375,1.334170910789864
3,100898_00001,Siemens,0,0.991169810295105,16542.197265625,1.870287173304679
3,100899_00001,Siemens,0,0.9221324920654297,4692.3564453125,1.4710644233209609
3,100911_00001,Other,0,0.9940197467803955,6690.2705078125,1.75976721897969
3,100916_00001,Siemens,0,0.9575962424278259,1082.9693603515625,1.4275148221201792
3,100917_00001,Toshiba,0,0.9752489924430847,13169.447265625,1.69549393256597
3,100923_00001,Siemens,0,0.859663724899292,923.5182495117188,1.2775863595578647
3,100925_00001,Toshiba,0,0.994949460029602,2735.104736328125,1.6687000084739454
3,100933_00001,Philips,1,0.9890764951705933,21749.16015625,1.9267930174414043
3,100936_00001,Toshiba,1,0.9900250434875488,239251.34375,2.262494523724122
3,100954_00001,Toshiba,0,0.9608049392700195,8249.208984375,1.6240905937834342
3,100958_00001,Philips,1,0.769859790802002,830.4850463867188,1.1023226645679989
3,100961_00001,Toshiba,0,0.9909971952438354,2832.457763671875,1.6140173243602083
3,100968_00001,Siemens,0,0.9585765600204468,18115.0859375,1.646758038775858
3,100970_00001,Siemens,0,0.9862841367721558,7113.7744140625,1.7296002263974355
3,100974_00001,Siemens,1,0.9959219694137573,5565.8623046875,1.7627991196188824
3,100983_00001,Siemens,1,0.9929881691932678,7048.03515625,1.7324978607952668
3,100988_00001,Other,1,0.9851289987564087,30543.263671875,1.9626394745626279
3,100989_00001,Siemens,0,0.9718859195709229,4263.89697265625,1.666184250186437
3,100992_00001,Toshiba,0,0.9832144975662231,2132.601318359375,1.5646498323678932
3,101003_00001,Siemens,1,0.9918279647827148,45679.5625,2.0298143373928332
3,101006_00001,Siemens,0,0.8384814858436584,1685.3004150390625,1.1745913215351014
3,101009_00001,Toshiba,0,0.8936811685562134,656.715576171875,1.205429846603278
3,101011_00001,Toshiba,0,0.7950222492218018,737.0242919921875,1.125962858013445
3,101015_00001,Siemens,1,0.9951230883598328,1983.791259765625,1.647322487391092
3,101017_00001,Siemens,0,0.9886682629585266,3004.03466796875,1.5950714374854538
3,101019_00001,Philips,1,0.9915544390678406,2186.07666015625,1.647031757782955
3,101020_00001,Siemens,0,0.9510514140129089,623.9824829101562,1.392896212188079
3,101027_00001,Siemens,0,0.9852713346481323,5694.380859375,1.6128534814266915
3,101034_00001,Toshiba,0,0.9895513653755188,1908.9013671875,1.61538547150923
3,101037_00001,Siemens,0,0.5494593381881714,1494.585205078125,0.6438726702442826
3,101038_00001,Philips,1,0.9937222599983215,2753.43359375,1.66730554174997
3,101048_00001,Siemens,1,0.9915870428085327,8156.2998046875,1.7906384453703756
3,101051_00001,Toshiba,0,0.9849563241004944,1329.3408203125,1.5379998938060402
3,101063_00001,Siemens,1,0.9704086184501648,9034.912109375,1.6527389046217882
3,101070_00001,Siemens,0,0.512196958065033,511.36083984375,0.561790418129329
3,101077_00001,Toshiba,0,0.9829874038696289,4778.4638671875,1.6655248960385889
3,101082_00001,Siemens,0,0.986336886882782,2506.388671875,1.5870898840219523
3,101084_00001,Siemens,0,0.9398581385612488,1814.561767578125,1.4430069179594163
3,101105_00001,Siemens,0,0.9876400828361511,48862.6328125,1.8571455330809468
3,101106_00001,Toshiba,1,0.9669452905654907,2944.332763671875,1.602604997060197
3,101115_00001,Siemens,0,0.6247515082359314,638.4190673828125,0.7483648780595359
3,101136_00001,Toshiba,0,0.9486324787139893,2327.402099609375,1.5210183508468296
3,101141_00001,Siemens,0,0.9075583219528198,1644.4976806640625,1.3681614310779548
3,101149_00001,Siemens,1,0.9931628704071045,12509.248046875,1.7406665387393174
3,101156_00001,Siemens,0,0.7055314183235168,1122.1182861328125,0.9516465818984243
3,101158_00001,Toshiba,0,0.9952999353408813,3350.9599609375,1.625531932815453
3,101159_00001,Other,1,0.9954615235328674,19190.125,1.8482357303482742
3,101167_00001,Toshiba,0,0.8976055979728699,6160.28564453125,1.5125418084397921
3,101171_00001,Philips,0,0.9890342950820923,7961.701171875,1.7956912330300818
3,101175_00001,Philips,1,0.9950177073478699,6701.58056640625,1.731747864711543
3,101177_00001,Toshiba,0,0.9399685263633728,2479.884765625,1.4548822540027744
3,101178_00001,Philips,1,0.9939730763435364,4349.68896484375,1.738279962386274
3,101180_00001,Siemens,1,0.996249258518219,3931.21875,1.720312123913053
3,101183_00001,Siemens,0,0.9638481140136719,7510.7685546875,1.5780432259331658
3,101196_00001,Other,1,0.8954312801361084,1227.191162109375,1.2584899171251092
3,101199_00001,Siemens,0,0.9840323328971863,4983.85693359375,1.693807200915747
3,101201_00001,Siemens,0,0.9480103254318237,8361.96875,1.4359751736404565
3,101203_00001,Toshiba,1,0.9871788024902344,13828.779296875,1.7203900445628681
3,101212_00001,Siemens,0,0.9951514005661011,8517.3701171875,1.7894965707597694
3,101228_00001,Siemens,0,0.9715908765792847,3055.6943359375,1.562109740328968
3,101230_00001,Toshiba,0,0.9415467381477356,2388.515380859375,1.553314540752359
3,101233_00001,Toshiba,0,0.9792947173118591,2825.835693359375,1.614581505611367
3,101269_00001,Siemens,0,0.9780727028846741,42512.15625,1.9804505160777905
3,101270_00001,Toshiba,0,0.9916519522666931,4970.58251953125,1.5993120690548075
3,101275_00001,Toshiba,0,0.9835337996482849,4319.90625,1.6584780575417462
3,101278_00001,Toshiba,0,0.9524857997894287,1751.3759765625,1.4425644015169825
3,101287_00001,Siemens,0,0.739234209060669,3639.36181640625,1.067895310506822
3,101291_00001,Philips,0,0.9772191047668457,22979.15234375,1.9124894560974586
3,101297_00001,Siemens,0,0.9382938742637634,285.6161804199219,1.2450416313315076
3,101298_00001,Siemens,0,0.9804313778877258,6494.77099609375,1.7080538648215755
3,101299_00001,Toshiba,0,0.9757392406463623,2418.264404296875,1.5610091880421944
3,101315_00001,Toshiba,0,0.8894329071044922,5637.34619140625,1.3510670573429335
3,101317_00001,Siemens,0,0.9385759830474854,11081.513671875,1.467393567289188
3,101320_00001,Siemens,0,0.8955226540565491,4784.65771484375,1.558354878252303
3,101327_00001,Philips,0,0.9116528034210205,6045.65087890625,1.4723092481816842
3,101332_00001,Siemens,0,0.8416955471038818,2292.399169921875,1.2547384962132455
3,101340_00001,Other,1,0.9906056523323059,80468.7265625,2.105517587792441
3,101343_00001,Siemens,0,0.9479139447212219,3117.022705078125,1.601484542948627
3,101350_00001,Siemens,0,0.9901592135429382,11117.0185546875,1.798694241895471
3,101353_00001,Other,0,0.9810945987701416,210206.890625,2.220049382014361
3,101354_00001,Siemens,0,0.9904406070709229,3149.896240234375,1.6421040488487504
3,101355_00001,Siemens,1,0.988558292388916,6796.7197265625,1.7328769217042987
3,101358_00001,Siemens,0,0.6456786394119263,2410.335693359375,0.8675643644378979
3,101360_00001,Siemens,1,0.9914886951446533,16879.1953125,1.8988436237883206
3,101361_00001,Siemens,0,0.9599877595901489,2896.548095703125,1.5120526745091625
3,101362_00001,Toshiba,0,0.9466460347175598,13135.7451171875,1.5365264443805937
3,101363_00001,Philips,0,0.9386884570121765,10164.3349609375,1.6251962420905215
3,101365_00001,Siemens,0,0.9482505321502686,830.5896606445312,1.3819032909924733
3,101385_00001,Siemens,0,0.9941003918647766,8727.9619140625,1.818753637033183
3,101390_00001,Toshiba,0,0.9753431081771851,36645.82421875,1.8877125303691344
3,101401_00001,Other,0,0.818881630897522,4213.92822265625,1.3408639867857486
3,101403_00001,Philips,1,0.9960391521453857,22094.25390625,1.9415349748784967
3,101405_00001,Siemens,0,0.9933846592903137,3310.6591796875,1.61566238665659
3,101408_00001,Toshiba,1,0.9905508756637573,49332.46484375,2.0383562763866245
3,101410_00001,Philips,1,0.9935867786407471,11763.83984375,1.8563178189764724
3,101419_00001,Other,1,0.9972955584526062,7171.33349609375,1.802848659966835
3,101425_00001,Siemens,1,0.9857181310653687,26140.8828125,1.9437049463489684
3,101438_00001,Siemens,0,0.9229002594947815,3429.458984375,1.424021378408594
3,101439_00001,Toshiba,0,0.9917002320289612,8896.7529296875,1.776173435253485
3,101456_00001,Siemens,1,0.9939378499984741,13276.314453125,1.8174955953152787
3,101464_00001,Siemens,0,0.7973201870918274,755.9309692382812,1.15746645371973
3,101470_00001,Toshiba,0,0.6522414088249207,470.9098815917969,0.8061622360620232
3,101471_00001,Toshiba,0,0.9632651209831238,2093.103271484375,1.5609324731701775
3,101473_00001,Siemens,0,0.9758776426315308,37601.1640625,1.9405725913911758
3,101475_00001,Philips,1,0.9959849119186401,24826.38671875,1.8832873449289562
3,101478_00001,Philips,1,0.9897513389587402,52326.12109375,2.043106184690421
3,101482_00001,Philips,1,0.9907855987548828,56824.82421875,2.0506149565008376
3,101500_00001,Siemens,0,0.7955787181854248,4150.2578125,1.1747755443390564
3,101504_00001,Siemens,0,0.8749346137046814,4963.9072265625,1.4159502832190343
3,101507_00001,Siemens,0,0.9636433720588684,6228.23876953125,1.597512844271178
3,101511_00001,Toshiba,0,0.9845753908157349,3701.5390625,1.6111837273266485
3,101518_00001,Siemens,0,0.9015746116638184,1897.32763671875,1.3849687121591683
3,101522_00001,Siemens,0,0.9921080470085144,3286.9521484375,1.6223661254546649
3,101523_00001,Toshiba,0,0.9879695177078247,9842.8349609375,1.6289932621692256
3,101525_00001,Siemens,0,0.6212249994277954,905.3215942382812,0.8094697970529942
3,101532_00001,Siemens,1,0.988949179649353,5209.255859375,1.66848395293082
3,101533_00001,Philips,1,0.9947697520256042,28378.0078125,1.921972376878169
3,101535_00001,Siemens,0,0.9178197383880615,1538.405517578125,1.319643406778951
3,101550_00001,Philips,1,0.9877586960792542,69707.3515625,2.060109788102909
3,101553_00001,Siemens,0,0.9447402954101562,3135.259521484375,1.4739663838483332
3,101554_00001,Siemens,0,0.9893474578857422,4080.324462890625,1.7070969953481234
3,101558_00001,Toshiba,0,0.9688266515731812,3412.34716796875,1.5723202541283081
3,101564_00001,Siemens,1,0.9889063835144043,21513.978515625,1.9249882450731703
3,101575_00001,Siemens,0,0.9856076240539551,13830.4501953125,1.8354814065433165
3,101578_00001,Philips,1,0.9953634738922119,12822.6435546875,1.8615883570346454
3,101582_00001,Philips,1,0.9568363428115845,1740.1522216796875,1.5127812441382995
3,101585_00001,Siemens,0,0.9910320043563843,3809.449951171875,1.6645701018270396
3,101586_00001,Toshiba,0,0.9810037016868591,13400.154296875,1.7909428033620771
3,101588_00001,Toshiba,0,0.9878761768341064,2824.44677734375,1.5303346166061584
3,101593_00001,Philips,1,0.9970190525054932,2610.822021484375,1.6858593966197308
3,101596_00001,Philips,1,0.9957270622253418,20861.845703125,1.926838108802103
3,101603_00001,Siemens,0,0.9894499182701111,7184.05810546875,1.6864214961124344
3,101607_00001,Toshiba,0,0.9785287380218506,1938.6812744140625,1.6127221987841867
3,101614_00001,Siemens,0,0.9886682629585266,9538.939453125,1.709155778567662
3,101644_00001,Toshiba,0,0.8995634317398071,7356.513671875,1.4762938075574765
3,101648_00001,Toshiba,0,0.9929609894752502,10310.408203125,1.7640674175074225
3,101650_00001,Siemens,0,0.9919223785400391,9185.623046875,1.8138242933244908
3,101653_00001,Philips,1,0.9765800833702087,8833.4326171875,1.6666479374192735
3,101656_00001,Toshiba,0,0.9361100196838379,1191.15771484375,1.2703175064205328
3,101658_00001,Toshiba,1,0.9881993532180786,70247.34375,2.081376036976545
3,101662_00001,Siemens,0,0.8632187843322754,3719.52294921875,1.2987091915471878
3,101665_00001,Siemens,0,0.9965435862541199,3530.4931640625,1.7121525881664146
3,101668_00001,Toshiba,0,0.9884250164031982,4058.6357421875,1.6617561300842452
3,101680_00001,Toshiba,0,0.9399133324623108,4247.6171875,1.6433881744917571
3,101682_00001,Siemens,0,0.9832627773284912,4691.25537109375,1.5362729545909364
3,101686_00001,Toshiba,0,0.9755303859710693,93350.2578125,2.081739119298654
3,101687_00001,Siemens,1,0.9893680214881897,49117.71484375,2.029735332206901
3,101695_00001,Philips,1,0.9942474365234375,9482.4287109375,1.832442915464932
3,101702_00001,Siemens,0,0.8073087334632874,1316.4217529296875,1.142118264081775
3,101715_00001,Siemens,0,0.8606036305427551,2776.27294921875,1.397528500191678
3,101718_00001,Toshiba,0,0.9810037016868591,806.9036254882812,1.500365792325357
3,101725_00001,Siemens,0,0.9509603977203369,3695.612060546875,1.5154830604990095
3,101726_00001,Siemens,0,0.9256342649459839,1376.6109619140625,1.477716357318351
3,101729_00001,Siemens,0,0.9608049392700195,2752.43017578125,1.5271508102291853
3,101740_00001,Siemens,0,0.6411134600639343,597.6115112304688,0.7828349883557242
3,101771_00001,Siemens,0,0.968110978603363,13112.9150390625,1.7620815304866613
3,101776_00001,Siemens,0,0.7798252701759338,2497.070068359375,1.2180946646120325
3,101778_00001,Toshiba,0,0.9899281859397888,7757.39990234375,1.706077328944837
3,101783_00001,Siemens,0,0.8755743503570557,1758.1844482421875,1.3084577985642887
3,101788_00001,Siemens,0,0.9773707389831543,4831.71337890625,1.6309463011373448
3,101791_00001,Siemens,0,0.9647889137268066,216735.796875,2.0801971200220506
3,101803_00001,Philips,0,0.9884918928146362,2956.751220703125,1.56913307051599
3,101808_00001,Philips,1,0.9919067621231079,22405.3828125,1.9360527302330623
3,101809_00001,Toshiba,0,0.9790357351303101,8847.4619140625,1.4938935060729859
3,101817_00001,Siemens,0,0.972933828830719,2557.57080078125,1.617282165703478
3,101818_00001,Siemens,0,0.30907583236694336,1213.8033447265625,0.30907583236694336
3,101820_00001,Toshiba,0,0.9947900772094727,2077.424560546875,1.6513666436231977
3,101822_00001,Siemens,0,0.973993182182312,2717.843505859375,1.536444855820778
3,101825_00001,Toshiba,0,0.9799956679344177,11205.1279296875,1.779604673420806
3,101827_00001,Toshiba,0,0.9804874062538147,3010.802001953125,1.6025114848041002
3,101834_00001,Toshiba,0,0.992452085018158,2576.39794921875,1.6161001154280288
3,101843_00001,Siemens,0,0.975669801235199,3269.918701171875,1.5858866687592457
3,101844_00001,Toshiba,0,0.8832359910011292,673.842529296875,1.288951642739289
3,101846_00001,Philips,1,0.9849852323532104,46396.46875,1.9812057390366604
3,101852_00001,Toshiba,1,0.9926256537437439,4045.80517578125,1.6842202871574214
3,101853_00001,Siemens,0,0.6951311230659485,680.0147705078125,0.8700814976466283
3,101854_00001,Siemens,1,0.9961079955101013,17771.3203125,1.8456503732377614
3,101858_00001,Siemens,0,0.9768686890602112,2081.822509765625,1.4419164146812948
3,101859_00001,Toshiba,0,0.9857455492019653,4873.90673828125,1.6966249255687977
3,101876_00001,Siemens,0,0.995566189289093,19957.61328125,1.9260889682528182
3,101879_00001,Siemens,0,0.9864417314529419,3806.2109375,1.6016534542257754
3,101880_00001,Philips,1,0.9893062710762024,2287.921875,1.5904211347415769
3,101881_00001,Siemens,0,0.9731387495994568,14270.6630859375,1.8116033546463797
3,101885_00001,Siemens,0,0.9890764951705933,5651.40087890625,1.7428763575849218
3,101887_00001,Siemens,0,0.1032954752445221,1431.1029052734375,0.1032954752445221
3,101891_00001,Philips,0,0.6193273663520813,786.5537109375,0.7695765526868253
3,101892_00001,Toshiba,0,0.9814000129699707,3136.406982421875,1.5766867721645936
3,101893_00001,Toshiba,0,0.9389128684997559,3553.135009765625,1.5817689343960137
3,101899_00001,Other,1,0.9914391040802002,50269.4765625,2.0421470897380622
3,101911_00001,Siemens,0,0.9807657599449158,3348.972900390625,1.6576628996732592
3,101912_00001,Toshiba,1,0.9622142910957336,1490.044921875,1.5577292783114471
3,101915_00001,Philips,1,0.9932942390441895,117711.640625,2.033028575992537
3,101919_00001,Siemens,0,0.9820482730865479,13386.748046875,1.5901464378684784
3,101927_00001,Siemens,0,0.9300780892372131,2648.21630859375,1.5254026974997617
3,101930_00001,Other,1,0.9958499670028687,12248.2626953125,1.8548742245077612
3,101947_00001,Siemens,0,0.9884918928146362,2156.4580078125,1.5701500150197114
3,101954_00001,Other,1,0.9871540665626526,3871.459228515625,1.6661921244525126
3,101956_00001,Philips,1,0.9904221296310425,1026.64306640625,1.4885568935316948
3,101957_00001,Siemens,0,0.9734686613082886,3437.2490234375,1.5074608198370067
3,101958_00001,Toshiba,0,0.8427337408065796,1259.39453125,1.1349890347066163
3,101973_00001,Toshiba,0,0.8820220232009888,484.099365234375,1.233997113685106
3,101994_00001,Siemens,1,0.9774785041809082,92829.203125,2.0999464551292055
3,101995_00001,Toshiba,1,0.9797453284263611,2011.7734375,1.6077549734927057
3,101997_00001,Siemens,0,0.9614977240562439,1895.5758056640625,1.5074497900022323
3,102000_00001,Toshiba,0,0.8726732134819031,1556.025390625,1.2250467051060256
3,102001_00001,Siemens,0,0.9947697520256042,8012.00537109375,1.7249174793136393
3,102007_00001,Toshiba,0,0.9503188729286194,1069.138427734375,1.4127535938009563
3,102033_00001,Siemens,1,0.9898499250411987,9601.814453125,1.825609193732606
3,102034_00001,Siemens,0,0.9904035329818726,1951.98681640625,1.6286040071858943
3,102041_00001,Siemens,1,0.9964203834533691,4310.21728515625,1.7415739438218234
3,102055_00001,Siemens,0,0.9614253044128418,4241.6123046875,1.574462611285605
3,102058_00001,Philips,1,0.9905142784118652,4694.18310546875,1.6990924100788378
3,102068_00001,Toshiba,0,0.9813286066055298,6049.70947265625,1.6853399475977626
3,102073_00001,Toshiba,0,0.9848109483718872,2228.786376953125,1.5561449973705224
3,102075_00001,Other,0,0.9245515465736389,5683.66259765625,1.5616942787908121
3,102078_00001,Toshiba,0,0.9717254042625427,16884.625,1.6659947619963695
3,102081_00001,Siemens,0,0.9166334867477417,3178.294677734375,1.3960036858473774
3,102086_00001,Siemens,0,0.9279531240463257,2846.744140625,1.3201918606676286
3,102087_00001,Siemens,0,0.9811125993728638,7715.11865234375,1.6920014977145321
3,102099_00001,Siemens,0,0.9908389449119568,5589.26708984375,1.7258507773320713
3,102110_00001,Siemens,0,0.996656060218811,7289.91162109375,1.688228746002939
3,102117_00001,Other,0,0.9647224545478821,5838.1640625,1.4545611422673215
3,102118_00001,Siemens,1,0.9925826787948608,8591.314453125,1.816831509941228
3,102130_00001,Siemens,1,0.9891186952590942,17534.974609375,1.898457113087905
3,102145_00001,Toshiba,0,0.9853278994560242,3564.402099609375,1.6987914812311826
3,102146_00001,Siemens,0,0.9921537041664124,3648.78857421875,1.7147455539284597
3,102150_00001,Toshiba,0,0.9088609218597412,3017.6826171875,1.3257356340860091
3,102152_00001,Siemens,0,0.9567555785179138,1604.4063720703125,1.3772028508776808
3,102170_00001,Siemens,0,0.9931361675262451,5047.78955078125,1.6504721483513742
3,102173_00001,Toshiba,0,0.9929198622703552,14200.39453125,1.6816517020347461
3,102177_00001,Toshiba,0,0.9870045781135559,8706.1796875,1.680278725607799
3,102178_00001,Siemens,0,0.9893474578857422,2339.87890625,1.526396188936593
3,102181_00001,Siemens,1,0.9934865236282349,2242.957275390625,1.629332592860137
3,102185_00001,Toshiba,0,0.8358188271522522,812.1181030273438,1.2272714299111316
3,102188_00001,Philips,0,0.9383503198623657,44530.6640625,1.7242809369966414
3,102192_00001,Siemens,0,0.9904775619506836,4869.3564453125,1.6827315820880593
3,102199_00001,Siemens,0,0.9845160245895386,196891.859375,2.0764850525572967
3,102202_00001,Siemens,0,0.970687747001648,4311.0869140625,1.567017722513249
3,102204_00001,Toshiba,1,0.9239361882209778,9909.4970703125,1.5314786262494822
3,102211_00001,Siemens,0,0.9942362904548645,5192.4794921875,1.710041183594912
3,102219_00001,Other,0,0.9943690896034241,1962.260986328125,1.55738497137044
4,100001_00001,Siemens,0,0.9115740656852722,290.1356201171875,1.2648175651090967
4,100005_00001,Toshiba,1,0.9933974742889404,5896.00830078125,1.7271891279364782
4,100018_00001,Toshiba,0,0.9905508756637573,6645.85009765625,1.6601476546518084
4,100025_00001,Toshiba,0,0.9808392524719238,2356.5830078125,1.6133089127932065
4,100038_00001,Siemens,0,0.9732661247253418,1594.1297607421875,1.5156154450569006
4,100040_00001,Siemens,0,0.9805060625076294,3629.88330078125,1.6081727597197657
4,100043_00001,Siemens,1,0.9933717250823975,22829.91796875,1.9411063261187331
4,100046_00001,Toshiba,0,0.07376296073198318,486.244873046875,0.07376296073198318
4,100047_00001,Philips,0,0.9915380477905273,5174.7236328125,1.6991756881979903
4,100047_00002,Siemens,0,0.9418148994445801,2923.95751953125,1.4177783983480399
4,100047_00003,Toshiba,0,0.9890342950820923,3332.91748046875,1.6019218902401626
4,100049_00001,Toshiba,0,0.8268516063690186,744.698974609375,1.256320778022317
4,100074_00001,Philips,1,0.9849563241004944,128701.59375,2.1613478571572045
4,100076_00001,Siemens,0,0.9815420508384705,26186.099609375,1.8484333616128779
4,100082_00001,Philips,1,0.9876639246940613,68773.75,2.042356644005391
4,100083_00001,Siemens,0,0.9946046471595764,12436.1455078125,1.7397283959299992
4,100084_00001,Siemens,0,0.9708263874053955,4747.2744140625,1.60243474873865
4,100087_00001,Toshiba,0,0.9517288208007812,3801.44580078125,1.5972090064520768
4,100088_00001,Philips,0,0.9809855818748474,1669.3592529296875,1.5105865174259514
4,100091_00001,Toshiba,1,0.9942586421966553,21939.763671875,1.936630708135772
4,100095_00001,Toshiba,0,0.9442282915115356,2013.4149169921875,1.4187468668808945
4,100097_00001,Toshiba,0,0.9807472825050354,1868.01806640625,1.596114252050201
4,100103_00001,Toshiba,0,0.9950946569442749,15378.5546875,1.8472017112977153
4,100106_00001,Siemens,0,0.9743129014968872,5885.50830078125,1.7093287850984438
4,100118_00001,Siemens,0,0.9887771010398865,4848.80029296875,1.6371576975543582
4,100120_00001,Siemens,0,0.9728307723999023,896.1725463867188,1.4462739081006597
4,100121_00001,Siemens,0,0.8354835510253906,1673.038330078125,1.2612689561355421
4,100129_00001,Siemens,0,0.9840630292892456,1692.2470703125,1.5512137438975544
4,100134_00001,Philips,1,0.981788158416748,85556.078125,2.0933259467578527
4,100135_00001,Toshiba,1,0.9942697286605835,8529.375,1.8196394475429793
4,100144_00001,Siemens,1,0.9963143467903137,5806.66455078125,1.7341747782392127
4,100148_00001,Siemens,0,0.9928923845291138,17564.857421875,1.852479922268748
4,100157_00001,Philips,1,0.9939143061637878,9094.3212890625,1.8275697941641258
4,100158_00001,Toshiba,0,0.9926826357841492,4132.677734375,1.6523055167818421
4,100159_00001,Philips,0,0.879612922668457,8223.0517578125,1.5451422600969231
4,100164_00001,Other,1,0.9919067621231079,6407.42236328125,1.7799224095140873
4,100179_00001,Siemens,0,0.9886900782585144,5543.14697265625,1.6397009536728226
4,100185_00001,Toshiba,0,0.990044355392456,1351.4163818359375,1.6018470377215364
4,100190_00001,Toshiba,0,0.9928923845291138,8314.5537109375,1.7927591553873716
4,100194_00001,Philips,1,0.9781146049499512,21061.58984375,1.8144321665971213
4,100196_00001,Philips,1,0.9920312166213989,3846.180419921875,1.7216190854610958
4,100199_00001,Siemens,0,0.9912885427474976,3941.58349609375,1.6537512394177734
4,100201_00001,Siemens,0,0.9807103276252747,5415.32666015625,1.647696284186582
4,100208_00001,Philips,1,0.9714828729629517,570.258544921875,1.468785161652549
4,100215_00001,Toshiba,0,0.9808392524719238,2802.8994140625,1.6573229015456121
4,100238_00001,Siemens,0,0.9897513389587402,12214.2177734375,1.7792315227235538
4,100239_00001,Siemens,0,0.9947391152381897,3060.258056640625,1.6721412043654327
4,100240_00001,Siemens,0,0.8539127111434937,869.9666748046875,1.2799097227468192
4,100242_00001,Other,0,0.9783018827438354,3587.269287109375,1.5492766154571163
4,100246_00001,Philips,1,0.9941913485527039,4268.22802734375,1.70112647570757
4,100252_00001,Siemens,0,0.9898695349693298,18878.04296875,1.847262773609915
4,100253_00001,Toshiba,0,0.9940428137779236,3024.966064453125,1.6282759684632873
4,100254_00001,Siemens,0,0.9557754397392273,2484.277587890625,1.5781053695178193
4,100256_00001,Siemens,0,0.986929178237915,4512.666015625,1.6104134386914293
4,100258_00001,Siemens,0,0.9909447431564331,19691.451171875,1.9171415901112188
4,100259_00001,Toshiba,1,0.9940312504768372,2345.166748046875,1.6182882216168315
4,100264_00001,Siemens,0,0.5272100567817688,303.8676452636719,0.5672725511480436
4,100265_00002,Philips,1,0.9900250434875488,16133.0791015625,1.7918758927728864
4,100293_00001,Siemens,0,0.9679599404335022,468.6053161621094,1.4331034809131808
4,100295_00001,Siemens,1,0.21717146039009094,501.69989013671875,0.21717146039009094
4,100297_00001,Siemens,0,0.9839090704917908,3507.369140625,1.6127849602213788
4,100302_00001,Siemens,0,0.9866234660148621,3184.577880859375,1.6861266841963132
4,100304_00001,Philips,0,0.9756466746330261,5531.07275390625,1.6647556476303398
4,100308_00001,Siemens,0,0.9219217896461487,915.179443359375,1.3995319972879794
4,100314_00001,Siemens,0,0.9110215306282043,1653.9283447265625,1.424779204704103
4,100324_00001,Philips,1,0.9961155652999878,2923.462646484375,1.6575178588250958
4,100327_00001,Toshiba,0,0.9628131985664368,1498.18994140625,1.473046267832329
4,100331_00001,Other,0,0.9933330416679382,11482.5703125,1.8544836695297522
4,100336_00001,Toshiba,0,0.7486280798912048,644.58203125,1.0551187545126313
4,100340_00001,Philips,0,0.7251623272895813,150.20602416992188,0.9076709455651489
4,100353_00001,Siemens,0,0.9771537780761719,4229.1103515625,1.58980560005614
4,100361_00001,Toshiba,0,0.9777350425720215,1832.0810546875,1.5608919421498983
4,100364_00001,Siemens,0,0.9908213019371033,3512.77197265625,1.5909538186327075
4,100370_00001,Siemens,0,0.8685482740402222,6802.77294921875,1.425719910234624
4,100378_00001,Toshiba,0,0.9841545820236206,3660.690185546875,1.6009755903047729
4,100381_00001,Philips,1,0.9770445227622986,3603.61376953125,1.6434786441234956
4,100382_00001,Siemens,0,0.9650533199310303,3495.815673828125,1.6261969589603926
4,100389_00001,Toshiba,0,0.9904590845108032,2591.76611328125,1.602361179439814
4,100391_00001,Siemens,0,0.9937345385551453,2925.81591796875,1.615938668681708
4,100400_00001,Toshiba,0,0.9940774440765381,2968.229736328125,1.626934278435043
4,100401_00001,Siemens,0,0.9750834703445435,5138.8984375,1.5885903268219481
4,100421_00001,Siemens,0,0.9929472208023071,6341.81640625,1.7382454500455193
4,100429_00001,Siemens,0,0.9781354665756226,2351.4833984375,1.555192091066952
4,100433_00001,Toshiba,0,0.9881537556648254,148575.28125,2.101887513246903
4,100438_00001,Philips,1,0.9423477053642273,1000.4764404296875,1.4500406565545216
4,100440_00001,Toshiba,1,0.9835653901100159,28672.748046875,1.9525862160823375
4,100444_00001,Siemens,0,0.9892441034317017,1561.09326171875,1.52654598258487
4,100449_00001,Siemens,0,0.9300780892372131,1909.6396484375,1.4223172300124312
4,100451_00001,Siemens,0,0.8505927920341492,1221.962158203125,1.2759097971244409
4,100455_00001,Siemens,0,0.8810019493103027,4490.0205078125,1.4289164303014763
4,100455_00002,Siemens,0,0.9466460347175598,3451.04833984375,1.5718644485110638
4,100457_00001,Toshiba,0,0.9924666285514832,15271.4970703125,1.8601282982730087
4,100458_00001,Siemens,0,0.9634031057357788,27067.71875,1.7923404193325148
4,100461_00001,Toshiba,0,0.9776071906089783,3089.88330078125,1.5988530684063345
4,100462_00001,Philips,1,0.9926967024803162,21363.466796875,1.9307878295585494
4,100470_00001,Toshiba,0,0.9926398992538452,3274.499755859375,1.6124625240442596
4,100488_00001,Siemens,0,0.9902727007865906,1391.7506103515625,1.5959343243818693
4,100496_00001,Toshiba,1,0.9870296716690063,4693.3359375,1.709254272303867
4,100499_00001,Toshiba,0,0.9938309192657471,2233.9248046875,1.6608268034662304
4,100505_00001,Siemens,0,0.8369547128677368,1296.4599609375,1.3424064736813548
4,100514_00001,Siemens,0,0.9654463529586792,927.0982666015625,1.4907034595987347
4,100521_00001,Siemens,0,0.983502209186554,8312.0712890625,1.632302117873619
4,100532_00001,Toshiba,0,0.9941347241401672,2994.47998046875,1.644826533891864
4,100537_00001,Philips,1,0.9863894581794739,125333.875,2.1563842264904025
4,100539_00001,Siemens,0,0.884139358997345,4124.06640625,1.3890590145964137
4,100554_00001,Other,1,0.9939847588539124,4381.08935546875,1.7386177026225051
4,100556_00001,Toshiba,0,0.9789754748344421,1952.7120361328125,1.5727060276626679
4,100557_00001,Philips,1,0.9968087077140808,3084.050048828125,1.6997730505982755
4,100560_00001,Siemens,0,0.9622852206230164,5351.724609375,1.6335986112066248
4,100563_00001,Philips,1,0.9921537041664124,17028.326171875,1.8331920343594825
4,100568_00001,Toshiba,0,0.9925393462181091,3464.737060546875,1.6098213864816429
4,100575_00001,Philips,0,0.9948603510856628,5418.02294921875,1.731870230507279
4,100578_00001,Toshiba,0,0.9910666346549988,28532.7734375,1.9472690874785097
4,100583_00001,Philips,1,0.9928091764450073,4429.0,1.6571547527722656
4,100584_00001,Toshiba,0,0.9839400053024292,246597.953125,2.2221254826848424
4,100593_00001,Siemens,0,0.985042929649353,1714.9951171875,1.537104887749253
4,100602_00001,Philips,1,0.9942809343338013,7278.25244140625,1.7996769628796543
4,100604_00001,Other,0,0.9006171822547913,2564.176025390625,1.421228223506648
4,100607_00001,Toshiba,0,0.637848973274231,3070.9833984375,0.9068489034997183
4,100612_00001,Siemens,0,0.975669801235199,4432.9580078125,1.5971361190641553
4,100616_00001,Toshiba,1,0.9949690699577332,23655.18359375,1.9482712508783393
4,100630_00001,Siemens,0,0.9605096578598022,2135.976318359375,1.5446251245801037
4,100632_00001,Toshiba,0,0.9754368662834167,4897.1376953125,1.5173545756887101
4,100644_00001,Toshiba,0,0.909826934337616,2151.505126953125,1.4281040911039125
4,100645_00001,Philips,1,0.9886024594306946,61963.34375,2.065507877111462
4,100647_00001,Siemens,1,0.9956769347190857,3518.240478515625,1.7159849263862077
4,100648_00001,Siemens,0,0.8772140741348267,639.5182495117188,1.295320774535145
4,100663_00001,Toshiba,0,0.9790558218955994,2721.58203125,1.6125089027795758
4,100666_00001,Siemens,0,0.32670092582702637,168.828369140625,0.32670092582702637
4,100677_00001,Siemens,0,0.9803562164306641,2405.484375,1.645716074369624
4,100679_00001,Philips,1,0.9928370118141174,7606.11962890625,1.6208877199872018
4,100682_00001,Philips,0,0.9886244535446167,3040.783935546875,1.513388553382383
4,100686_00001,Other,0,0.9698996543884277,4414.49609375,1.6728836204733317
4,100689_00001,Siemens,0,0.988646388053894,4518.9384765625,1.6310170786077893
4,100698_00001,Siemens,1,0.9643549919128418,2973.0009765625,1.533338728704508
4,100702_00001,Toshiba,0,0.8862728476524353,3231.564208984375,1.4024705436913536
4,100707_00001,Toshiba,0,0.9490118622779846,5416.771484375,1.5779144915142627
4,100708_00001,Siemens,0,0.9927532076835632,2316.7900390625,1.585434629081866
4,100716_00001,Other,0,0.986828088760376,30229.154296875,1.9633496752938815
4,100720_00001,Siemens,0,0.6982265710830688,759.0396728515625,1.0196572541143722
4,100733_00001,Philips,1,0.9877822995185852,2131.528076171875,1.4950317687374295
4,100736_00001,Siemens,0,0.9806364178657532,4963.7734375,1.698959811877171
4,100740_00001,Other,1,0.9934101700782776,3982.324462890625,1.7221718095485357
4,100758_00001,Siemens,0,0.990044355392456,1876.33642578125,1.570775911532778
4,100759_00001,Siemens,0,0.9655115008354187,2167.458251953125,1.5699019238956817
4,100764_00001,Siemens,0,0.7471550107002258,163.1358184814453,0.9487771426427026
4,100765_00001,Siemens,0,0.9851003289222717,13483.943359375,1.8565794711118215
4,100772_00001,Siemens,0,0.9951889514923096,8773.255859375,1.796379330221651
4,100773_00001,Siemens,0,0.9941800832748413,3188.787841796875,1.6856384581592683
4,100775_00001,Siemens,1,0.9922294020652771,8459.01171875,1.8139462002731324
4,100781_00001,Toshiba,0,0.9843664169311523,5667.025390625,1.643760578395383
4,100783_00001,Toshiba,0,0.9495759606361389,2231.8310546875,1.4610113175826072
4,100787_00001,Toshiba,0,0.9888203740119934,5599.373046875,1.672921196882133
4,100798_00001,Siemens,0,0.9925103187561035,11556.01953125,1.7316428643971962
4,100799_00001,Siemens,1,0.9917323589324951,7056.25537109375,1.7910019740010297
4,100803_00001,Toshiba,1,0.988469660282135,46089.109375,2.0024681952397487
4,100810_00001,Toshiba,0,0.9842759370803833,8668.5166015625,1.7055936893636081
4,100814_00001,Siemens,0,0.9931228756904602,3116.15869140625,1.5819924817680493
4,100816_00001,Siemens,0,0.9337335228919983,1215.3306884765625,1.4307950816645685
4,100824_00001,Siemens,1,0.9939730763435364,4458.06005859375,1.736841962515407
4,100828_00001,Siemens,0,0.9883578419685364,1873.9619140625,1.5801847609482191
4,100832_00001,Siemens,0,0.9831499457359314,2798.01123046875,1.5593245026512057
4,100833_00001,Siemens,0,0.9941347241401672,4500.23828125,1.7382179336177062
4,100835_00001,Toshiba,0,0.9404078125953674,780.5405883789062,1.3934723780933629
4,100849_00001,Siemens,0,0.014145104214549065,139.35862731933594,0.014145104214549065
4,100850_00001,Philips,1,0.9829874038696289,77149.1171875,2.0841976866208083
4,100854_00001,Toshiba,0,0.9618934392929077,2985.511962890625,1.52829357088192
4,100863_00001,Siemens,0,0.9036349058151245,1411.16748046875,1.4523028970970415
4,100869_00001,Toshiba,0,0.9942697286605835,6513.60498046875,1.7812487365575027
4,100870_00001,Toshiba,0,0.9938787817955017,4136.03076171875,1.7250316035456603
4,100877_00001,Philips,0,0.9940428137779236,1115.5419921875,1.530220178464136
4,100887_00001,Toshiba,0,0.9927672147750854,1420.923095703125,1.5137702355456089
4,100889_00001,Toshiba,0,0.9645559191703796,1843.5816650390625,1.5441852205200628
4,100895_00001,Siemens,0,0.9027811288833618,1773.1990966796875,1.3765595617755222
4,100900_00001,Siemens,0,0.9779677391052246,3696.19677734375,1.5897213986897032
4,100903_00001,Siemens,1,0.9913725852966309,4422.49365234375,1.6804702978913215
4,100905_00001,Other,1,0.9951325058937073,2654.7431640625,1.642196329072565
4,100929_00001,Toshiba,0,0.9828232526779175,3003.760009765625,1.5881231753348048
4,100934_00001,Philips,1,0.9880849719047546,99205.125,2.1157565575723334
4,100937_00001,Toshiba,0,0.9945201277732849,16001.3310546875,1.8601041882676554
4,100938_00001,Toshiba,0,0.9825407862663269,3497.116943359375,1.5993907302657249
4,100948_00001,Siemens,1,0.9924227595329285,11283.16796875,1.7633442549687663
4,100949_00001,Toshiba,0,0.9945201277732849,2981.98583984375,1.6554462092565185
4,100955_00001,Toshiba,0,0.985042929649353,2721.440185546875,1.527510399860239
4,100960_00001,Siemens,0,0.9610614776611328,1941.5950927734375,1.5692794452528667
4,100965_00001,Siemens,1,0.9915215969085693,11368.72265625,1.8403052126363428
4,100967_00001,Philips,1,0.9894702434539795,6935.65380859375,1.7823484306783437
4,100985_00001,Siemens,0,0.9349318742752075,2060.58544921875,1.4860268832435901
4,100991_00001,Siemens,0,0.9806919097900391,4819.78271484375,1.5916508533570095
4,100993_00001,Toshiba,0,0.9351691007614136,1119.784912109375,1.4714414244235192
4,100994_00001,Philips,1,0.9939261078834534,3258.28173828125,1.687993250580682
4,100997_00001,Toshiba,0,0.9745076894760132,1595.6905517578125,1.5282059012438736
4,101001_00001,Siemens,0,0.9039745330810547,747.7513427734375,1.357010195803045
4,101004_00001,Siemens,0,0.9865716695785522,2053.863525390625,1.5340445398854363
4,101005_00001,Siemens,0,0.9942025542259216,29393.189453125,1.875692304125462
4,101022_00001,Siemens,0,0.9894702434539795,5495.76611328125,1.6976464203726274
4,101023_00001,Philips,1,0.994949460029602,12876.333984375,1.8564142474986296
4,101052_00001,Philips,0,0.9898892045021057,1886.9842529296875,1.5285952271171368
4,101060_00001,Siemens,0,0.9946358799934387,9406.025390625,1.672151916556156
4,101068_00001,Siemens,1,0.988558292388916,14913.203125,1.8736958217473758
4,101071_00001,Siemens,0,0.9874235987663269,12560.501953125,1.6964161796758361
4,101080_00001,Philips,1,0.9796870946884155,18829.771484375,1.869814270997856
4,101100_00001,Toshiba,0,0.9851003289222717,7173.31396484375,1.664607742428042
4,101135_00001,Other,1,0.9953904151916504,14490.2998046875,1.8859129104832515
4,101145_00001,Other,0,0.9926967024803162,8593.0732421875,1.7253379763886543
4,101146_00001,Toshiba,0,0.9894499182701111,9333.1396484375,1.689865849674063
4,101154_00001,Siemens,0,0.9214990139007568,1448.769287109375,1.3786277452488824
4,101162_00001,Siemens,0,0.9895513653755188,43606.265625,1.8942959286959844
4,101173_00001,Toshiba,1,0.9659317135810852,5051.14404296875,1.6157457968084987
4,101174_00001,Siemens,0,0.9760151505470276,2237.54296875,1.5082047329406671
4,101185_00001,Siemens,0,0.6872103214263916,1871.2667236328125,1.035689398781494
4,101188_00001,Toshiba,1,0.9898892045021057,2498.578125,1.6445905282254774
4,101191_00001,Toshiba,0,0.9137535095214844,656.940185546875,1.351587857691602
4,101194_00001,Siemens,0,0.9431908130645752,2999.242919921875,1.5171798211595267
4,101197_00001,Siemens,0,0.9780936241149902,1051.678466796875,1.452568152030757
4,101213_00001,Siemens,0,0.8690492510795593,1112.1231689453125,1.2974433383226602
4,101222_00001,Philips,1,0.9443824291229248,3711.123779296875,1.4719053073640247
4,101223_00001,Siemens,0,0.9740179777145386,8847.7919921875,1.7462563960977315
4,101227_00001,Toshiba,1,0.9927109479904175,3766.06982421875,1.7190015615042722
4,101238_00001,Toshiba,1,0.9926256537437439,18666.15234375,1.9137535631784455
4,101244_00001,Siemens,1,0.9842457175254822,20474.869140625,1.827900936585395
4,101245_00001,Siemens,0,0.9866490960121155,5262.68359375,1.6330677278392667
4,101246_00001,Siemens,0,0.9740919470787048,2600.120849609375,1.5761908296323826
4,101251_00001,Siemens,0,0.9946568012237549,1951.2012939453125,1.5605324390026736
4,101254_00001,Siemens,1,0.9948403239250183,2245.744384765625,1.6555021525981715
4,101259_00001,Siemens,0,0.9503649473190308,1441.7374267578125,1.4430768484925778
4,101260_00001,Siemens,0,0.05775843933224678,114.45184326171875,0.05775843933224678
4,101265_00001,Toshiba,0,0.986828088760376,2275.27392578125,1.5950705749272032
4,101268_00001,Toshiba,0,0.9723359942436218,1066.1192626953125,1.4968049041909608
4,101280_00001,Siemens,0,0.9597620368003845,948.1861572265625,1.515394435063899
4,101281_00001,Siemens,0,0.9834386706352234,5273.11669921875,1.724130484329709
4,101286_00001,Siemens,1,0.9877113699913025,34331.76953125,1.975551289660234
4,101295_00001,Siemens,1,0.9944987893104553,7195.9873046875,1.7628276043243105
4,101301_00001,Siemens,0,0.983502209186554,1452.5172119140625,1.4741483801021853
4,101302_00001,Toshiba,0,0.986415684223175,3346.51953125,1.634428396808116
4,101303_00001,Siemens,0,0.9776499271392822,2556.0888671875,1.522442106827874
4,101308_00001,Toshiba,0,0.9916519522666931,2082.593505859375,1.6506191960888401
4,101321_00001,Philips,1,0.9913892149925232,28545.134765625,1.9660486880262393
4,101322_00001,Philips,1,0.978260338306427,11692.60546875,1.6822998267297464
4,101326_00001,Toshiba,0,0.9707155227661133,2747.036376953125,1.5309010259429918
4,101331_00001,Philips,1,0.9902161359786987,21339.82421875,1.9146177248276801
4,101349_00001,Toshiba,0,0.9911354780197144,1685.5794677734375,1.584440152288287
4,101351_00001,Siemens,1,0.9881537556648254,68314.8125,2.0779304640345524
4,101368_00001,Toshiba,0,0.9128255248069763,954.7383422851562,1.359860154244374
4,101393_00001,Toshiba,0,0.9967774748802185,15233.3544921875,1.8156466217139504
4,101394_00001,Other,1,0.9370381236076355,2794.2412109375,1.5498693245554842
4,101407_00001,Siemens,0,0.9879695177078247,11994.5576171875,1.7966836564790303
4,101417_00001,Philips,1,0.9934611320495605,2043.158203125,1.6518735927532875
4,101423_00001,Siemens,0,0.9460012316703796,1686.4818115234375,1.5073019660406395
4,101427_00001,Philips,1,0.9942920207977295,4750.7607421875,1.670464431399515
4,101433_00001,Philips,0,0.9601748585700989,1113.8504638671875,1.445416900837292
4,101434_00001,Philips,1,0.9899476170539856,39159.296875,2.0003981084179907
4,101437_00001,Siemens,0,0.8618873357772827,1304.7625732421875,1.3490274955555968
4,101440_00001,Siemens,0,0.988863468170166,8156.62255859375,1.6999875895481127
4,101441_00001,Siemens,0,0.820685088634491,4317.18505859375,1.323308779531723
4,101444_00001,Siemens,0,0.9513686299324036,3602.54052734375,1.505583167626258
4,101449_00001,Siemens,0,0.9793145656585693,1618.7532958984375,1.5975056023251553
4,101454_00001,Siemens,1,0.9945835471153259,5866.9326171875,1.7747580885997452
4,101457_00001,Toshiba,0,0.9828562140464783,3308.3740234375,1.6525300831029965
4,101461_00001,Toshiba,0,0.9577545523643494,2160.14990234375,1.4415651897710824
4,101462_00001,Siemens,0,0.9759464263916016,3266.6318359375,1.5647252894892565
4,101481_00001,Siemens,0,0.9786311388015747,3523.182373046875,1.5510313927582415
4,101484_00001,Siemens,0,0.9951796531677246,6758.23388671875,1.6492777082755088
4,101487_00001,Toshiba,0,0.982355535030365,4319.18359375,1.6236193509403163
4,101488_00001,Philips,1,0.9916681051254272,1523.1004638671875,1.6187716361385123
4,101493_00001,Toshiba,0,0.8574102520942688,1512.2921142578125,1.3660622479140019
4,101494_00001,Toshiba,0,0.939581573009491,682.7639770507812,1.3847045183793922
4,101503_00001,Siemens,1,0.9908389449119568,10068.55078125,1.8334839894971422
4,101508_00001,Siemens,1,0.9931893348693848,19226.79296875,1.918768031899297
4,101510_00001,Toshiba,0,0.9835653901100159,2736.25537109375,1.535501269921576
4,101514_00001,Philips,0,0.9914224743843079,25330.8359375,1.950697894078665
4,101516_00001,Toshiba,0,0.9796481728553772,2258.988037109375,1.639564706197782
4,101517_00001,Siemens,1,0.9854684472084045,48315.01171875,2.020782905765773
4,101544_00001,Siemens,0,0.9486324787139893,511.552734375,1.4120030348467523
4,101566_00001,Siemens,0,0.9937950372695923,4921.50732421875,1.683589206805766
4,101571_00001,Siemens,0,0.9919847846031189,3909.91796875,1.656032200414806
4,101573_00001,Toshiba,0,0.9945835471153259,3926.607177734375,1.6395558514514101
4,101580_00001,Siemens,0,0.9950370192527771,5609.12158203125,1.67392630954069
4,101581_00001,Toshiba,0,0.9860442876815796,1742.6171875,1.6133875921608352
4,101583_00001,Siemens,0,0.9399133324623108,2220.519287109375,1.5446260437756365
4,101587_00001,Siemens,0,0.9905508756637573,6100.86767578125,1.6867497713008046
4,101597_00001,Toshiba,1,0.9933846592903137,2056.038330078125,1.6290353879911152
4,101605_00001,Siemens,0,0.9878528118133545,4062.86083984375,1.6732346893248962
4,101610_00001,Siemens,0,0.9391365647315979,2696.174072265625,1.5296883766108302
4,101612_00001,Siemens,1,0.9942586421966553,9204.15234375,1.7709826482729802
4,101615_00001,Philips,1,0.9947084188461304,12355.9697265625,1.8619886932817589
4,101617_00001,Toshiba,0,0.95707768201828,1262.341552734375,1.4655888237158403
4,101626_00001,Toshiba,0,0.9761745929718018,1065.3349609375,1.526176190474173
4,101631_00001,Siemens,0,0.9783847332000732,7481.1513671875,1.6622496941617968
4,101634_00001,Philips,1,0.9917643666267395,9825.3984375,1.8255268507239089
4,101638_00001,Toshiba,0,0.960546612739563,6085.83935546875,1.6852017578679153
4,101639_00001,Toshiba,1,0.9889705181121826,10737.818359375,1.8023019151258615
4,101640_00001,Philips,1,0.9956176280975342,7882.8369140625,1.6883177177107225
4,101646_00001,Siemens,0,0.8590145111083984,663.3373413085938,1.2763978777447857
4,101654_00001,Siemens,0,0.9787533283233643,7048.5869140625,1.736376528771872
4,101660_00001,Toshiba,0,0.9793145656585693,1333.04443359375,1.5219461936252652
4,101666_00001,Philips,1,0.9955142140388489,8857.275390625,1.8253520502603326
4,101670_00001,Siemens,0,0.9853561520576477,10349.951171875,1.824417148719082
4,101674_00001,Siemens,0,0.5099703073501587,510.39990234375,0.5487227596267665
4,101679_00001,Toshiba,1,0.974821150302887,3778.88916015625,1.654643513312582
4,101683_00001,Toshiba,0,0.9432430863380432,1751.6202392578125,1.4244594555121108
4,101696_00001,Siemens,1,0.9689443707466125,1494.62060546875,1.5349543378485944
4,101708_00001,Toshiba,0,0.9857729077339172,1618.0379638671875,1.558530648425836
4,101710_00001,Toshiba,0,0.9844862222671509,5999.2705078125,1.747849023153654
4,101713_00001,Siemens,1,0.9941347241401672,3781.876220703125,1.7140721506233891
4,101720_00001,Philips,0,0.9940080642700195,6039.29833984375,1.7127833897922848
4,101742_00001,Toshiba,0,0.9376118779182434,1032.7940673828125,1.429499104588124
4,101755_00001,Siemens,0,0.6517983078956604,265.9371643066406,0.8643769317988863
4,101760_00001,Toshiba,0,0.9905142784118652,3180.389892578125,1.6831101188900304
4,101775_00001,Toshiba,0,0.9818230867385864,2320.206298828125,1.5799107322604962
4,101780_00001,Toshiba,0,0.9701269268989563,863.22509765625,1.4926308988924795
4,101794_00001,Siemens,1,0.9934484362602234,7554.78857421875,1.7209453430297532
4,101795_00001,Philips,1,0.9910145401954651,2813.9765625,1.6328146760447095
4,101805_00001,Siemens,0,0.7438198328018188,1428.772705078125,1.0257208879318822
4,101811_00001,Philips,0,0.9906237721443176,11026.744140625,1.8276740807273515
4,101813_00001,Toshiba,1,0.963161289691925,42095.85546875,1.9612344161409134
4,101814_00001,Philips,0,0.98973149061203,1149.541015625,1.503422688659005
4,101819_00001,Siemens,1,0.9911182522773743,16624.01171875,1.8953002594152024
4,101828_00001,Siemens,0,0.9822195768356323,2819.82275390625,1.593906751371116
4,101832_00001,Other,1,0.9943690896034241,68443.671875,1.9064846376391746
4,101833_00001,Siemens,0,0.9910666346549988,25177.94921875,1.8334581231670197
4,101855_00001,Philips,1,0.9948704242706299,3034.066162109375,1.657449045117082
4,101857_00001,Toshiba,1,0.9912208914756775,25592.33203125,1.917804206136143
4,101861_00001,Siemens,0,0.9407896995544434,5366.89306640625,1.4077106097576615
4,101869_00001,Siemens,0,0.9186264276504517,685.1856079101562,1.3623039830920407
4,101877_00001,Toshiba,1,0.9909971952438354,6311.2568359375,1.7326790968882746
4,101878_00001,Siemens,0,0.9916681051254272,8291.5498046875,1.6947995512074416
4,101883_00001,Siemens,0,0.9840323328971863,15996.9423828125,1.8761899050461943
4,101884_00001,Siemens,0,0.9635062217712402,2079.794677734375,1.4980464312205022
4,101895_00001,Philips,1,0.8679898381233215,687.65771484375,1.315455115327615
4,101897_00001,Siemens,0,0.9138304591178894,10783.693359375,1.6873084391273312
4,101900_00001,Siemens,1,0.9942250847816467,148173.453125,2.1391756195186455
4,101901_00001,Toshiba,0,0.9929746389389038,1836.055419921875,1.5905891806688879
4,101905_00001,Toshiba,0,0.8934024572372437,295.3450622558594,1.2657502026194367
4,101908_00001,Toshiba,0,0.9815597534179688,1503.1026611328125,1.5534677997346844
4,101909_00001,Siemens,1,0.9934101700782776,26152.75390625,1.960216670533758
4,101916_00001,Siemens,0,0.9914391040802002,27168.892578125,1.941451343532407
4,101932_00001,Siemens,0,0.9892855286598206,6541.19287109375,1.6532308367839665
4,101934_00001,Siemens,0,0.3989771008491516,353.521728515625,0.3989771008491516
4,101935_00001,Siemens,0,0.6318215131759644,453.2430419921875,0.8052177054276937
4,101938_00001,Toshiba,0,0.9901019334793091,1007.8154296875,1.557759622323191
4,101960_00001,Toshiba,1,0.9912208914756775,30905.181640625,1.9765827391209592
4,101961_00001,Siemens,0,0.5138285756111145,791.7261962890625,0.5138285756111145
4,101962_00001,Siemens,0,0.9438672661781311,1077.1802978515625,1.3853411361325298
4,101967_00001,Toshiba,0,0.9910666346549988,3131.07666015625,1.6820578097853105
4,101968_00001,Siemens,0,0.9924813508987427,7311.423828125,1.7926913222460672
4,101974_00001,Toshiba,0,0.9824062585830688,5641.5234375,1.7016675070358749
4,101980_00001,Siemens,1,0.9921385645866394,10423.3623046875,1.81799933674816
4,101988_00001,Siemens,1,0.8679898381233215,1792.162353515625,1.4155390874160152
4,101992_00001,Siemens,0,0.748582124710083,854.6187133789062,1.0880536134155863
4,102003_00001,Other,1,0.9924813508987427,7301.17333984375,1.7525079640833117
4,102005_00001,Siemens,1,0.990532636642456,17327.58984375,1.8994168548805421
4,102008_00001,Toshiba,0,0.9926967024803162,11269.248046875,1.8130985388580552
4,102014_00001,Siemens,0,0.9456508755683899,488.26263427734375,1.4011057689334834
4,102016_00001,Toshiba,0,0.7826625108718872,955.9256591796875,1.168663335270211
4,102025_00001,Siemens,0,0.9283438920974731,4619.5009765625,1.5044860526273744
4,102030_00001,Siemens,0,0.9567152261734009,2968.820068359375,1.5438346078979674
4,102036_00001,Toshiba,0,0.9919379353523254,8125.5693359375,1.7487710810594168
4,102038_00001,Toshiba,0,0.9874961376190186,3175.853515625,1.6564355082434028
4,102040_00001,Philips,1,0.9933071732521057,14193.6953125,1.8779934455780125
4,102046_00001,Siemens,0,0.28353333473205566,385.0983581542969,0.28353333473205566
4,102049_00001,Philips,1,0.986929178237915,17627.529296875,1.8896242982405522
4,102056_00001,Toshiba,0,0.9872527718544006,1400.2242431640625,1.562584217345369
4,102062_00001,Siemens,0,0.69569993019104,309.6768798828125,0.8992804462347516
4,102069_00001,Toshiba,0,0.9865458011627197,1328.4063720703125,1.521158441383487
4,102070_00001,Siemens,0,0.9844862222671509,6638.6455078125,1.6868120730805671
4,102074_00001,Siemens,0,0.9837850332260132,2948.1884765625,1.6534993655583228
4,102079_00001,Siemens,1,0.9891605973243713,50435.93359375,2.0122279462226054
4,102084_00001,Siemens,1,0.9944234490394592,8411.55859375,1.814524711029579
4,102085_00001,Toshiba,1,0.963161289691925,7805.4873046875,1.7007818051705208
4,102088_00001,Siemens,0,0.9328213930130005,2065.616455078125,1.5039673188344271
4,102090_00001,Toshiba,1,0.9826908707618713,2460.98681640625,1.6519338255049614
4,102114_00001,Siemens,0,0.9611344933509827,21463.802734375,1.7411336167388693
4,102115_00001,Philips,1,0.9915052056312561,12582.1533203125,1.862029653378944
4,102121_00001,Toshiba,0,0.9934357404708862,19521.279296875,1.873008130462373
4,102123_00001,Siemens,0,0.9095862507820129,2557.462646484375,1.4905973971078434
4,102129_00001,Siemens,0,0.6180026531219482,503.0217590332031,0.8128535907381645
4,102131_00001,Toshiba,0,0.5923423767089844,500.2309265136719,0.7946216503768281
4,102132_00001,Toshiba,1,0.9888418912887573,44731.98828125,2.021161760132912
4,102133_00001,Toshiba,1,0.9882676005363464,87463.75,2.1089606818752697
4,102135_00001,Philips,0,0.9777776002883911,3107.212646484375,1.6493774225961493
4,102142_00001,Siemens,0,0.9934738278388977,24340.279296875,1.8279087661146884
4,102143_00001,Siemens,0,0.9423477053642273,11252.142578125,1.5498192614623063
4,102144_00001,Siemens,0,0.9695268273353577,3235.661865234375,1.5775828032920014
4,102147_00001,Toshiba,1,0.9887337684631348,29181.98828125,1.9636432709679412
4,102149_00001,Philips,1,0.9893885254859924,7241.3671875,1.7902177450746095
4,102151_00001,Siemens,0,0.9553608298301697,4672.7470703125,1.5061010091273683
4,102156_00001,Philips,1,0.9927812218666077,4065.0517578125,1.6655848435490281
4,102164_00001,Philips,1,0.9879462122917175,34583.6171875,1.9792961810747112
4,102186_00001,Siemens,0,0.9908744096755981,6305.41748046875,1.6989811427949293
4,102200_00001,Toshiba,0,0.993561863899231,50717.41015625,2.0290603991716476
4,102217_00001,Toshiba,0,0.9866234660148621,2553.025146484375,1.5008277012170839
