fold,case,scanner,y,p_max,p_sum,cc_psz
0,100001_00001,Siemens,0,0.9606574773788452,1237.8582763671875,1.5060142463872928
0,100004_00001,Siemens,0,0.9804313778877258,2240.859130859375,1.62855568195132
0,100007_00001,Siemens,0,0.987129271030426,4137.6015625,1.614529179701837
0,100011_00001,Siemens,1,0.9945095181465149,13515.4208984375,1.8055065827094348
0,100012_00001,Siemens,0,0.7600278258323669,2372.33642578125,1.153473247329884
0,100017_00001,Siemens,0,0.9479139447212219,4251.001953125,1.579120142138418
0,100019_00001,Siemens,0,0.9958821535110474,3239.6943359375,1.6200170252478305
0,100020_00001,Siemens,0,0.9764680862426758,5297.376953125,1.6490496069679799
0,100021_00001,Siemens,1,0.9912548065185547,22580.54296875,1.9341718170393079
0,100023_00001,Siemens,0,0.994541347026825,4735.94384765625,1.6036790158244238
0,100024_00001,Siemens,0,0.9957767128944397,6744.7939453125,1.740822644593326
0,100027_00001,Siemens,0,0.9519079327583313,2590.5791015625,1.5659609694153513
0,100031_00001,Siemens,0,0.8942365646362305,1957.4326171875,1.3460918616986677
0,100032_00001,Siemens,0,0.7226738333702087,3405.2197265625,1.0764042689763076
0,100033_00001,Siemens,1,0.9668514132499695,5665.166015625,1.7017752839384872
0,100038_00001,Siemens,0,0.9609517455101013,559.9981689453125,1.4189703471329953
0,100040_00001,Siemens,0,0.9078037738800049,1356.3505859375,1.38272375416116
0,100041_00001,Siemens,0,0.9929746389389038,2262.518798828125,1.6564617313291912
0,100042_00001,Siemens,0,0.9923490285873413,6437.89453125,1.689311724844519
0,100043_00001,Siemens,1,0.9943799376487732,21636.751953125,1.9354181818436171
0,100047_00002,Siemens,0,0.9600626826286316,4378.81982421875,1.5961329128724033
0,100047_00004,Siemens,0,0.9926967024803162,9171.4462890625,1.7553883692238512
0,100048_00001,Siemens,0,0.7962132096290588,829.1764526367188,1.1712939372756133
0,100051_00001,Siemens,0,0.989591658115387,4388.3330078125,1.6211165364025175
0,100052_00001,Siemens,0,0.9921841025352478,4476.79736328125,1.6801154408586036
0,100054_00001,Siemens,0,0.9916681051254272,58431.34375,1.9991149012859712
0,100057_00001,Siemens,0,0.9805806875228882,3983.437255859375,1.6120797702032088
0,100061_00001,Siemens,0,0.727685272693634,1516.2642822265625,1.0279490409005922
0,100063_00001,Siemens,0,0.6620321273803711,310.27911376953125,0.7854923427324184
0,100068_00001,Siemens,0,0.8939591646194458,2864.965576171875,1.5058754426211742
0,100069_00001,Siemens,0,0.9713473320007324,8674.4921875,1.7280331961477438
0,100076_00001,Siemens,0,0.9897116422653198,36001.3828125,1.9237235982820404
0,100080_00001,Siemens,0,0.6603914499282837,1617.561279296875,0.8636689576689909
0,100081_00001,Siemens,0,0.9599877595901489,2640.01806640625,1.5196367745580392
0,100083_00001,Siemens,0,0.9958011507987976,6198.6162109375,1.7184885499838125
0,100084_00001,Siemens,0,0.9706321954727173,6284.02587890625,1.6995118673762248
0,100090_00001,Siemens,0,0.9276915192604065,1636.3739013671875,1.3878921715506287
0,100092_00001,Siemens,0,0.7838230133056641,2175.1640625,1.135866725941956
0,100094_00001,Siemens,0,0.9801293015480042,2322.352783203125,1.627946509324989
0,100106_00001,Siemens,0,0.7924642562866211,920.7208862304688,1.1235443133842897
0,100107_00001,Siemens,1,0.9964480400085449,22560.64453125,1.875171091530979
0,100111_00001,Siemens,0,0.9866748452186584,3675.081787109375,1.6282392537777195
0,100113_00001,Siemens,1,0.9905142784118652,83339.8125,2.0968625103516714
0,100114_00001,Siemens,0,0.8360866904258728,806.5143432617188,1.172715437452649
0,100117_00001,Siemens,0,0.9041438698768616,3601.85009765625,1.5300066051476113
0,100118_00001,Siemens,0,0.9931760430335999,4136.236328125,1.6465275458436666
0,100120_00001,Siemens,0,0.9627081751823425,716.5955810546875,1.4237318826024354
0,100121_00001,Siemens,0,0.8667540550231934,4739.68505859375,1.433164410254695
0,100122_00001,Siemens,0,0.9020932912826538,1696.35888671875,1.4478467047027224
0,100123_00001,Siemens,0,0.9925969839096069,4608.20947265625,1.643823083726076
0,100126_00001,Siemens,1,0.9919691681861877,3579.136962890625,1.710563719349264
0,100129_00001,Siemens,0,0.9843363761901855,4571.884765625,1.6489462282037086
0,100131_00001,Siemens,0,0.990767776966095,17401.052734375,1.8458768101789764
0,100132_00001,Siemens,0,0.9846346974372864,2724.43017578125,1.6655892380854411
0,100133_00001,Siemens,0,0.9923490285873413,8204.169921875,1.7353914177402925
0,100138_00001,Siemens,1,0.994562566280365,8061.0390625,1.8124928752590612
0,100139_00001,Siemens,0,0.5321136116981506,1135.1729736328125,0.6243534955315999
0,100144_00001,Siemens,1,0.993854820728302,3849.21240234375,1.6891423476192322
0,100145_00001,Siemens,0,0.9912716746330261,17578.208984375,1.7780071530369252
0,100146_00001,Siemens,0,0.9940428137779236,6564.4228515625,1.715454126861324
0,100148_00001,Siemens,0,0.9936364889144897,14982.2822265625,1.8861222954007721
0,100149_00001,Siemens,0,0.9891815781593323,3245.4580078125,1.6636669471808028
0,100151_00001,Siemens,0,0.968678891658783,2767.53857421875,1.5816501786162305
0,100156_00001,Siemens,0,0.9667574763298035,3123.108154296875,1.5854332489867318
0,100160_00001,Siemens,0,0.5731409192085266,2569.41064453125,0.7643028870975134
0,100166_00001,Siemens,1,0.9966102242469788,10143.1796875,1.8125196684639127
0,100171_00001,Siemens,0,0.9832467436790466,11844.1953125,1.7049850922360883
0,100173_00001,Siemens,0,0.9824062585830688,4484.642578125,1.6834224004535894
0,100175_00001,Siemens,0,0.9643549919128418,1945.3326416015625,1.5209139635561189
0,100177_00001,Siemens,0,0.9934230446815491,5079.35986328125,1.7427542327924457
0,100178_00001,Siemens,0,0.6380744576454163,596.1356201171875,0.8236105140796486
0,100179_00001,Siemens,0,0.9882676005363464,16223.5859375,1.8306295963720622
0,100186_00001,Siemens,0,0.9162596464157104,1181.5777587890625,1.4106269560987967
0,100188_00001,Siemens,0,0.9803937673568726,4765.56005859375,1.568455602676786
0,100189_00001,Siemens,0,0.9909272193908691,8026.1591796875,1.690752486596992
0,100195_00001,Siemens,0,0.9597243666648865,1584.3441162109375,1.5394046640532284
0,100199_00001,Siemens,0,0.9940080642700195,2485.6103515625,1.6466698084782612
0,100201_00001,Siemens,0,0.9495759606361389,4843.8828125,1.5360700047310487
0,100202_00001,Siemens,0,0.9845753908157349,13372.482421875,1.7668580651065915
0,100204_00001,Siemens,1,0.9963286519050598,3065.634765625,1.6895267442003838
0,100206_00001,Siemens,0,0.9672868847846985,717.6599731445312,1.4344664340925122
0,100210_00001,Siemens,0,0.8162599205970764,1222.3839111328125,1.2100580640503555
0,100211_00001,Siemens,0,0.9642541408538818,1467.4127197265625,1.5014511381683955
0,100212_00001,Siemens,0,0.961243748664856,19996.923828125,1.6960221847325487
0,100213_00001,Siemens,1,0.9971272349357605,2830.837890625,1.689606747566802
0,100216_00001,Siemens,0,0.9967459440231323,14725.45703125,1.8202933109765058
0,100217_00001,Siemens,1,0.9953904151916504,28012.787109375,1.9121271866562803
0,100220_00001,Siemens,1,0.9959771037101746,3138.67626953125,1.7031695345586548
0,100222_00001,Siemens,0,0.9771537780761719,1982.756103515625,1.578646625108146
0,100228_00001,Siemens,0,0.9951608777046204,1918.3690185546875,1.5552015580698964
0,100229_00001,Siemens,1,0.9946774244308472,22235.77734375,1.902022968472283
0,100230_00001,Siemens,0,0.9956262111663818,2157.8212890625,1.6560099300874438
0,100231_00001,Siemens,0,0.9921841025352478,4756.462890625,1.6291291913924657
0,100236_00001,Siemens,0,0.8510885834693909,867.3248291015625,1.2754800830197484
0,100238_00001,Siemens,0,0.9891397356987,5701.63427734375,1.680735037062589
0,100239_00001,Siemens,0,0.9968149065971375,3334.4599609375,1.6821926275735555
0,100240_00001,Siemens,0,0.9257686138153076,2206.84814453125,1.4473702004391498
0,100243_00001,Siemens,1,0.995226263999939,7267.44189453125,1.738466408114143
0,100245_00001,Siemens,1,0.9941800832748413,21352.0390625,1.904775164077784
0,100248_00001,Siemens,1,0.9961456060409546,3132.09716796875,1.703856516519562
0,100249_00001,Siemens,0,0.9849274158477783,2918.77587890625,1.5958827023609363
0,100250_00001,Siemens,0,0.9316493272781372,1981.771484375,1.387197228687681
0,100251_00001,Siemens,0,0.9811487793922424,914.051513671875,1.5258828774207167
0,100252_00001,Siemens,0,0.9813286066055298,10817.92578125,1.6318420452896414
0,100254_00001,Siemens,0,0.844729483127594,2191.495361328125,1.3007703595867233
0,100255_00001,Siemens,1,0.9956005811691284,9557.4482421875,1.8214842046540742
0,100256_00001,Siemens,0,0.9690324664115906,3390.02685546875,1.5859449843830133
0,100257_00001,Siemens,1,0.9967648983001709,3415.22705078125,1.6282698607535755
0,100258_00001,Siemens,0,0.9941574335098267,20615.447265625,1.92832807906785
0,100262_00001,Siemens,1,0.98973149061203,29191.328125,1.9507221394219458
0,100264_00001,Siemens,0,0.8409785628318787,1201.65087890625,1.2292429520968748
0,100266_00001,Siemens,1,0.9943799376487732,7012.39306640625,1.7955466398759419
0,100268_00001,Siemens,0,0.9715369939804077,3933.7119140625,1.5495973127234919
0,100268_00002,Siemens,0,0.9541800618171692,4560.12060546875,1.6204155545917034
0,100270_00001,Siemens,0,0.968678891658783,3790.29443359375,1.6539177844681654
0,100272_00001,Siemens,0,0.9286032319068909,1641.7025146484375,1.5086484734985857
0,100273_00001,Siemens,0,0.9849852323532104,2637.201416015625,1.495456114639585
0,100274_00001,Siemens,0,0.9952724575996399,3276.578369140625,1.6909969021319076
0,100275_00001,Siemens,1,0.9956516623497009,6873.1005859375,1.7778980850905468
0,100277_00001,Siemens,0,0.9891605973243713,2213.42578125,1.5765535779884299
0,100287_00001,Siemens,0,0.9829055070877075,3379.568359375,1.5899851402208385
0,100288_00001,Siemens,0,0.979393482208252,11288.439453125,1.7578856976161368
0,100289_00001,Siemens,0,0.9934865236282349,13217.701171875,1.7360346645366163
0,100291_00001,Siemens,0,0.9899086952209473,2952.04443359375,1.6679472861535272
0,100293_00001,Siemens,0,0.9099069833755493,391.95196533203125,1.3078897318333724
0,100295_00001,Siemens,1,0.9199306964874268,1549.1285400390625,1.3766122497089985
0,100297_00001,Siemens,0,0.8932163119316101,1025.8841552734375,1.3554364502206244
0,100300_00001,Siemens,0,0.7397046089172363,1383.1243896484375,1.0551547039267895
0,100301_00001,Siemens,0,0.8704321384429932,619.1282958984375,1.3121930033388196
0,100302_00001,Siemens,0,0.9862046241760254,2590.23046875,1.664934390256959
0,100305_00001,Siemens,0,0.4152248501777649,974.216552734375,0.4152248501777649
0,100307_00001,Siemens,0,0.9935494065284729,4381.220703125,1.7324335268603606
0,100308_00001,Siemens,0,0.5976372361183167,507.3836669921875,0.7767399814557423
0,100309_00001,Siemens,0,0.9949592351913452,5206.21337890625,1.736646816472627
0,100312_00001,Siemens,1,0.9936116337776184,16183.251953125,1.8857218088284677
0,100313_00001,Siemens,0,0.6561076641082764,1285.29833984375,0.9271826855895935
0,100314_00001,Siemens,0,0.9241418242454529,1754.8048095703125,1.4295662263357158
0,100315_00001,Siemens,0,0.8729442954063416,771.2373046875,1.3088377574017036
0,100318_00001,Siemens,0,0.9787330031394958,7456.5283203125,1.6812847764542533
0,100322_00001,Siemens,0,0.9523531198501587,1641.0736083984375,1.5496261466999617
0,100326_00001,Siemens,0,0.6801354885101318,512.8523559570312,0.9848499866865013
0,100333_00001,Siemens,0,0.995216965675354,4543.212890625,1.6153695317876895
0,100335_00001,Siemens,1,0.992408037185669,23661.947265625,1.9422153107790523
0,100337_00001,Siemens,0,0.9890130758285522,3175.762939453125,1.6048558614736146
0,100343_00001,Siemens,0,0.9608416557312012,4013.2763671875,1.5415396158706154
0,100344_00001,Siemens,1,0.9952724575996399,9521.19140625,1.8336947328234334
0,100346_00001,Siemens,0,0.9175245761871338,3490.387451171875,1.4238763081402919
0,100347_00001,Siemens,1,0.9960082769393921,4585.27880859375,1.7038024544527925
0,100350_00001,Siemens,0,0.9880158305168152,10988.2216796875,1.7022961075612089
0,100352_00001,Siemens,0,0.9949690699577332,7567.65576171875,1.6524308972168247
0,100353_00001,Siemens,0,0.9687971472740173,4198.26025390625,1.5627726870755534
0,100355_00001,Siemens,1,0.9384068250656128,611.435302734375,1.3938753709888287
0,100360_00001,Siemens,0,0.61503005027771,569.5438232421875,0.8106854388389906
0,100362_00001,Siemens,0,0.9780517220497131,5540.60498046875,1.6299195981230166
0,100363_00001,Siemens,0,0.992408037185669,2972.2470703125,1.647082971204286
0,100364_00001,Siemens,0,0.9915215969085693,4398.11572265625,1.589963893215642
0,100367_00001,Siemens,0,0.9783018827438354,10411.9697265625,1.7875852511884298
0,100370_00001,Siemens,0,0.9086179733276367,2167.40771484375,1.3772073148018018
0,100374_00001,Siemens,0,0.9855521321296692,20925.810546875,1.7511785042877497
0,100376_00001,Siemens,0,0.9942697286605835,1602.53515625,1.5291385812160672
0,100377_00001,Siemens,0,0.9932811260223389,24876.923828125,1.8781128215693297
0,100382_00001,Siemens,0,0.8708171844482422,2546.181640625,1.4177786889235802
0,100383_00001,Siemens,0,0.533223569393158,695.75244140625,0.6070845872165268
0,100384_00001,Siemens,0,0.9891815781593323,1304.2939453125,1.5109631616931831
0,100391_00001,Siemens,0,0.9912039041519165,3069.435791015625,1.6569344316843482
0,100393_00001,Siemens,0,0.9759464263916016,10192.4365234375,1.7429051803337183
0,100394_00001,Siemens,1,0.995566189289093,5767.50634765625,1.7742312762771226
0,100395_00001,Siemens,0,0.7981081008911133,1810.1854248046875,1.2782982037132071
0,100397_00001,Siemens,1,0.9952540397644043,18076.625,1.9083463253252764
0,100398_00001,Siemens,0,0.9828397631645203,2659.134521484375,1.5925762574099742
0,100401_00001,Siemens,0,0.9828397631645203,5841.56591796875,1.6177057882161456
0,100406_00001,Siemens,0,0.5404994487762451,768.1906127929688,0.6301760911579849
0,100410_00001,Siemens,0,0.9333093762397766,7334.6044921875,1.6104345357902474
0,100411_00001,Siemens,0,0.9904035329818726,19870.826171875,1.8946188843713005
0,100413_00001,Siemens,1,0.8104788661003113,2291.95849609375,1.2993598932247774
0,100415_00001,Siemens,0,0.9887337684631348,4588.1494140625,1.616239966872653
0,100416_00002,Siemens,1,0.9950850605964661,2756.3310546875,1.5801120964062525
0,100420_00001,Siemens,0,0.9937950372695923,6059.22998046875,1.6474978012033086
0,100421_00001,Siemens,0,0.9926398992538452,12221.3564453125,1.8602021667191757
0,100423_00001,Siemens,0,0.9509603977203369,974.4453125,1.4472237843658506
0,100425_00001,Siemens,0,0.9949788451194763,11151.9130859375,1.7473468466017736
0,100428_00001,Siemens,0,0.9850716590881348,14513.5029296875,1.759826147837197
0,100429_00001,Siemens,0,0.972388505935669,4081.908935546875,1.5344607686921206
0,100430_00001,Siemens,1,0.9938787817955017,3297.115966796875,1.6611565863596092
0,100436_00001,Siemens,1,0.9930961728096008,56801.50390625,2.058116177152574
0,100439_00001,Siemens,0,0.994949460029602,26081.7109375,1.8828394878485597
0,100441_00001,Siemens,0,0.9744591116905212,855.0623168945312,1.4958096503005507
0,100442_00001,Siemens,0,0.9795506000518799,4855.21875,1.5978615567798067
0,100443_00001,Siemens,0,0.9663787484169006,5640.244140625,1.6169750192788703
0,100444_00001,Siemens,0,0.9833749532699585,1495.5499267578125,1.5543085097193499
0,100445_00001,Siemens,0,0.861246645450592,2169.5361328125,1.3416380395976393
0,100447_00001,Siemens,0,0.9949690699577332,4393.5009765625,1.6758474985050458
0,100449_00001,Siemens,0,0.323433518409729,1840.7305908203125,0.323433518409729
0,100451_00001,Siemens,0,0.8974258899688721,816.9574584960938,1.3570016977164128
0,100452_00001,Siemens,0,0.9736446738243103,2314.916259765625,1.5155448565366114
0,100454_00001,Siemens,0,0.9985392093658447,2590.854248046875,1.6014853980085744
0,100455_00001,Siemens,0,0.915808916091919,14383.2646484375,1.6885771839870454
0,100455_00002,Siemens,0,0.9783433079719543,3782.09814453125,1.6338012624017617
0,100458_00001,Siemens,0,0.9004423022270203,20174.9921875,1.5727584081928565
0,100464_00001,Siemens,1,0.9946358799934387,9521.810546875,1.6666414691480733
0,100465_00001,Siemens,0,0.896975576877594,1685.7635498046875,1.379649167917033
0,100472_00001,Siemens,0,0.9875922799110413,3109.243896484375,1.634173191253181
0,100482_00001,Siemens,0,0.9612802267074585,1241.9693603515625,1.5169315418663007
0,100485_00001,Siemens,0,0.9949788451194763,40601.51171875,1.8873628647493632
0,100488_00001,Siemens,0,0.9532315135002136,873.41796875,1.4553723915448324
0,100489_00001,Siemens,0,0.9620006084442139,7811.20654296875,1.6494737667554245
0,100498_00001,Siemens,1,0.9950946569442749,5845.58056640625,1.775129255821146
0,100500_00001,Siemens,0,0.9867516756057739,4300.4833984375,1.6324967880920978
0,100501_00001,Siemens,0,0.9812927842140198,5065.57861328125,1.6494471340882608
0,100503_00001,Siemens,1,0.996434211730957,5432.8447265625,1.7610089163899563
0,100505_00001,Siemens,0,0.9542226791381836,1797.218994140625,1.5521087888199556
0,100511_00001,Siemens,0,0.9264369606971741,6779.806640625,1.5637092729510453
0,100513_00001,Siemens,0,0.8636217713356018,2556.809814453125,1.3499730211255105
0,100514_00001,Siemens,0,0.9473323225975037,1234.0347900390625,1.4736821004312712
0,100518_00001,Siemens,0,0.9955576062202454,2680.45166015625,1.6837700737717625
0,100521_00001,Siemens,0,0.9844563603401184,7487.60302734375,1.7193875725924925
0,100524_00001,Siemens,0,0.40253889560699463,1104.1268310546875,0.40253889560699463
0,100528_00001,Siemens,1,0.9937708973884583,7904.90234375,1.8062497559790853
0,100531_00001,Siemens,0,0.994455873966217,13838.9873046875,1.8301443184184238
0,100534_00001,Siemens,0,0.9856629967689514,3818.607666015625,1.6329014430975042
0,100536_00001,Siemens,0,0.9815951585769653,2521.42236328125,1.6293000621361464
0,100539_00001,Siemens,0,0.9754135012626648,5738.63427734375,1.6335778656456192
0,100540_00001,Siemens,0,0.9937708973884583,18393.923828125,1.8584028414030644
0,100546_00001,Siemens,0,0.8024781346321106,435.9449157714844,1.1524679706968997
0,100549_00001,Siemens,0,0.9936979413032532,3545.329833984375,1.6049408748799956
0,100550_00001,Siemens,0,0.988711953163147,16334.4609375,1.8870621968214174
0,100551_00001,Siemens,0,0.618060290813446,861.162353515625,0.8348983473596254
0,100552_00001,Siemens,0,0.9886024594306946,54043.0,2.036098997258351
0,100559_00001,Siemens,0,0.9701551795005798,8983.78515625,1.7278292889373843
0,100560_00001,Siemens,0,0.9390807151794434,3657.946533203125,1.5626630931249048
0,100562_00001,Siemens,0,0.9963500499725342,6269.69287109375,1.7234298480074728
0,100565_00001,Siemens,1,0.9978510141372681,4517.1494140625,1.6640288675090311
0,100571_00001,Siemens,0,0.9714828729629517,1292.966552734375,1.5007613018850956
0,100572_00001,Siemens,0,0.9359931349754333,4869.64306640625,1.4726617782123068
0,100573_00001,Siemens,0,0.9806548357009888,2770.377197265625,1.6443495360821103
0,100581_00001,Siemens,0,0.9966691136360168,9962.8291015625,1.6961616824361214
0,100582_00001,Siemens,0,0.9579516053199768,2803.522216796875,1.5697934012460275
0,100585_00001,Siemens,0,0.7604727745056152,2481.539794921875,1.07625143432583
0,100590_00001,Siemens,0,0.9931095838546753,8128.2646484375,1.7189163578506828
0,100591_00001,Siemens,0,0.9934991598129272,4015.12939453125,1.671566754383491
0,100593_00001,Siemens,0,0.9884250164031982,1522.8785400390625,1.5854407089877243
0,100594_00001,Siemens,0,0.995309054851532,6836.94287109375,1.766158995202536
0,100596_00001,Siemens,0,0.9307105541229248,3516.896728515625,1.5834385329420377
0,100597_00001,Siemens,0,0.9940774440765381,31652.330078125,1.9645948311191206
0,100600_00001,Siemens,0,0.9947595000267029,1497.0418701171875,1.6207890243014196
0,100603_00001,Siemens,0,0.09244170039892197,231.76443481445312,0.09244170039892197
0,100609_00001,Siemens,0,0.9871788024902344,2712.2880859375,1.6024778027583577
0,100611_00001,Siemens,1,0.9860979318618774,32524.7421875,1.9734780066477546
0,100612_00001,Siemens,0,0.9847817420959473,7733.85400390625,1.6683197740726392
0,100613_00001,Siemens,1,0.987616240978241,27977.48828125,1.9571932115726067
0,100618_00001,Siemens,0,0.9410070180892944,1860.4468994140625,1.491990511342027
0,100619_00001,Siemens,1,0.9967837333679199,4717.064453125,1.7151578446954965
0,100620_00001,Siemens,0,0.9911182522773743,3862.986572265625,1.6371083870140206
0,100622_00001,Siemens,0,0.9957352876663208,3275.77099609375,1.6657501535476236
0,100624_00001,Siemens,0,0.9795113801956177,7044.76806640625,1.6257328639602104
0,100625_00001,Siemens,0,0.8759993314743042,1535.64794921875,1.4023320179695333
0,100628_00001,Siemens,0,0.8800259232521057,1710.6529541015625,1.406074703493881
0,100630_00001,Siemens,0,0.9392480850219727,3928.36328125,1.5450355228232266
0,100631_00001,Siemens,0,0.8765287399291992,2014.117431640625,1.3469233138131862
0,100633_00001,Siemens,0,0.5846862196922302,846.46240234375,0.6971582866548548
0,100638_00001,Siemens,0,0.9675945043563843,8168.474609375,1.6223572176786079
0,100641_00001,Siemens,0,0.9565125107765198,3616.600341796875,1.4934606128448342
0,100646_00001,Siemens,0,0.9879462122917175,871.2765502929688,1.5007108138143752
0,100647_00001,Siemens,1,0.9975225329399109,3024.60791015625,1.702082642750623
0,100648_00001,Siemens,0,0.2805177867412567,438.4964599609375,0.2805177867412567
0,100650_00001,Siemens,0,0.9680506587028503,1435.3372802734375,1.549957582915595
0,100654_00001,Siemens,0,0.9840630292892456,1533.727294921875,1.5953184569121066
0,100655_00001,Siemens,1,0.9884250164031982,2803.399658203125,1.5884898437300508
0,100657_00001,Siemens,0,0.9875203371047974,1836.49853515625,1.5665655745155542
0,100658_00001,Siemens,1,0.9906960725784302,29742.66796875,1.9688727083873785
0,100659_00001,Siemens,0,0.7892336845397949,1259.64697265625,1.1347620721689486
0,100660_00001,Siemens,0,0.9929472208023071,7019.099609375,1.679270646560965
0,100661_00001,Siemens,0,0.9801483154296875,4294.86376953125,1.6299492556268125
0,100662_00001,Siemens,0,0.9153559803962708,2043.042236328125,1.3930390257750627
0,100666_00001,Siemens,0,0.9741412401199341,2056.0458984375,1.603327801074879
0,100668_00001,Siemens,1,0.9955315589904785,11874.6875,1.853698373119797
0,100670_00001,Siemens,0,0.9489645957946777,933.2596435546875,1.4082261262033229
0,100671_00001,Siemens,0,0.9736947417259216,4283.4599609375,1.6114181263835528
0,100672_00001,Siemens,0,0.914290726184845,3507.115966796875,1.448859760214931
0,100674_00001,Siemens,0,0.9880849719047546,10413.7724609375,1.8129184695518843
0,100675_00001,Siemens,0,0.9688266515731812,4233.51025390625,1.549795023926381
0,100676_00001,Siemens,0,0.9850716590881348,20796.142578125,1.9171013977092652
0,100677_00001,Siemens,0,0.9931893348693848,3423.880126953125,1.6926177496351957
0,100685_00001,Siemens,0,0.9862046241760254,6862.1943359375,1.692830540970318
0,100688_00001,Siemens,0,0.9622142910957336,2154.5849609375,1.5166630683533109
0,100689_00001,Siemens,0,0.9609517455101013,3191.991943359375,1.552004495322645
0,100692_00001,Siemens,0,0.9866234660148621,10093.9482421875,1.8190830469131904
0,100694_00001,Siemens,0,0.9784466028213501,1707.6971435546875,1.5689095761064398
0,100697_00001,Siemens,0,0.9904959201812744,2608.592529296875,1.6644101787945795
0,100698_00001,Siemens,1,0.9733169674873352,2586.52099609375,1.533495010548486
0,100699_00001,Siemens,0,0.8651671409606934,820.4683227539062,1.2460143960370216
0,100701_00001,Siemens,0,0.9925682544708252,2828.012451171875,1.5972861752492735
0,100703_00001,Siemens,1,0.9905508756637573,37938.81640625,2.003075127943616
0,100704_00001,Siemens,0,0.9858275651931763,5828.87255859375,1.6286609544069004
0,100705_00001,Siemens,1,0.9917961359024048,5191.16552734375,1.6998634304671356
0,100708_00001,Siemens,0,0.9920926690101624,2873.813232421875,1.5838977600958657
0,100717_00001,Siemens,0,0.9940428137779236,8935.9228515625,1.7798751646874105
0,100718_00001,Siemens,0,0.949153482913971,2360.734619140625,1.5549351578428126
0,100719_00001,Siemens,0,0.985042929649353,2200.37890625,1.6226124906136965
0,100720_00001,Siemens,0,0.898944079875946,2222.301513671875,1.4363014738226647
0,100721_00001,Siemens,0,0.9948403239250183,5922.24169921875,1.6828106490219927
0,100724_00001,Siemens,0,0.9857729077339172,10110.78515625,1.6631251753211065
0,100735_00001,Siemens,0,0.9844264388084412,37237.94140625,1.9791204555566584
0,100736_00001,Siemens,0,0.9860979318618774,6525.53564453125,1.7199322207032022
0,100739_00001,Siemens,0,0.9928786158561707,3110.62060546875,1.6596841812892895
0,100741_00001,Siemens,0,0.9777350425720215,5010.96337890625,1.6138380946403221
0,100742_00001,Siemens,0,0.9755768775939941,1175.563232421875,1.5295232869153141
0,100744_00001,Siemens,0,0.9966298937797546,3737.984375,1.6660047238842355
0,100753_00001,Siemens,0,0.9519972801208496,1860.9769287109375,1.397568140501179
0,100754_00001,Siemens,0,0.9883352518081665,5845.283203125,1.7569428113052985
0,100756_00001,Siemens,1,0.995075523853302,7952.826171875,1.8037408999766134
0,100757_00001,Siemens,1,0.994168758392334,12362.3359375,1.863959609678293
0,100758_00001,Siemens,0,0.9612802267074585,1596.9962158203125,1.4556917955754358
0,100759_00001,Siemens,0,0.9795897603034973,3341.084716796875,1.6448912848423882
0,100761_00001,Siemens,0,0.9691786766052246,3195.283203125,1.598079622663787
0,100764_00001,Siemens,0,0.9590010046958923,725.816650390625,1.4415452889551819
0,100765_00001,Siemens,0,0.9219921231269836,4997.642578125,1.567151890635651
0,100767_00001,Siemens,0,0.9973785877227783,15700.8896484375,1.8391751132055176
0,100770_00001,Siemens,0,0.9954791069030762,33276.6796875,1.826897785316069
0,100771_00001,Siemens,0,0.897335946559906,1093.477783203125,1.4147070908959753
0,100772_00001,Siemens,0,0.9803937673568726,8633.4521484375,1.7528373604558893
0,100773_00001,Siemens,0,0.9970821738243103,4522.32861328125,1.693712976912653
0,100775_00001,Siemens,1,0.9937100410461426,9003.3056640625,1.8238058600875593
0,100777_00001,Siemens,0,0.974628746509552,2948.89453125,1.6479996308894862
0,100778_00001,Siemens,0,0.9963428378105164,10690.43359375,1.759904787421366
0,100782_00001,Siemens,0,0.37822940945625305,297.4401550292969,0.37822940945625305
0,100785_00001,Siemens,0,0.9235922694206238,1895.5157470703125,1.4232260310006022
0,100789_00001,Siemens,1,0.7577943801879883,1035.4259033203125,1.1585886879032083
0,100791_00001,Siemens,0,0.9950370192527771,31219.697265625,1.9471862512898492
0,100792_00001,Siemens,0,0.9876400828361511,1425.29443359375,1.501561161443634
0,100794_00001,Siemens,0,0.9001793265342712,2081.705810546875,1.4635401217374007
0,100798_00001,Siemens,0,0.9889705181121826,10447.185546875,1.6351904184192871
0,100799_00001,Siemens,1,0.9935992956161499,6373.1953125,1.7821449802530052
0,100800_00001,Siemens,0,0.9885140061378479,9643.9716796875,1.8176268903266086
0,100801_00001,Siemens,0,0.9579516053199768,7323.8623046875,1.6351729708761937
0,100804_00001,Siemens,0,0.9007046222686768,1280.017822265625,1.4396230190453954
0,100807_00001,Siemens,0,0.9935494065284729,2459.7041015625,1.6297605048699824
0,100809_00001,Siemens,1,0.9929609894752502,121267.15625,2.168306588500758
0,100811_00001,Siemens,0,0.9943140745162964,18598.240234375,1.798602982606067
0,100814_00001,Siemens,0,0.9976449608802795,2423.045166015625,1.6088121779524356
0,100816_00001,Siemens,0,0.9892232418060303,5115.20751953125,1.7145256074368924
0,100818_00001,Siemens,0,0.9580694437026978,4351.5185546875,1.5715612429633765
0,100819_00001,Siemens,0,0.9921841025352478,13385.7041015625,1.8467274200167751
0,100820_00001,Siemens,1,0.9890764951705933,2189.31201171875,1.560683855408824
0,100821_00001,Siemens,0,0.8402590155601501,2079.08642578125,1.3140041429079043
0,100823_00001,Siemens,0,0.9618217349052429,1787.7174072265625,1.3875668275062285
0,100824_00001,Siemens,1,0.9958011507987976,4698.8935546875,1.7466465278621506
0,100828_00001,Siemens,0,0.991305410861969,2582.57421875,1.622330667381304
0,100831_00001,Siemens,1,0.9472835659980774,3465.03759765625,1.5107299031889396
0,100832_00001,Siemens,0,0.9967077970504761,3805.864501953125,1.6027505364545545
0,100833_00001,Siemens,0,0.9937222599983215,2371.192138671875,1.6496489421521467
0,100839_00001,Siemens,0,0.7161193490028381,668.2418212890625,1.0027524107351398
0,100844_00001,Siemens,0,0.579653263092041,780.59130859375,0.7100946457562874
0,100845_00001,Siemens,0,0.9516838788986206,21961.708984375,1.8215343248007199
0,100849_00001,Siemens,0,0.5334781408309937,1028.0565185546875,0.6535285757063974
0,100851_00001,Siemens,0,0.988447368144989,4603.03271484375,1.6269356295136994
0,100853_00001,Siemens,0,0.9925103187561035,25798.3359375,1.953975980551685
0,100862_00001,Siemens,0,0.9762879610061646,26460.216796875,1.7000700373106368
0,100863_00001,Siemens,0,0.9479139447212219,2794.177001953125,1.5748015326244924
0,100867_00001,Siemens,0,0.9527063369750977,5671.4833984375,1.5549048481323553
0,100872_00001,Siemens,0,0.9744591116905212,2232.40625,1.5470586493744816
0,100873_00001,Siemens,0,0.9765353798866272,1153.70703125,1.4768225972889173
0,100874_00001,Siemens,0,0.9814000129699707,5440.619140625,1.5579767909777806
0,100876_00001,Siemens,1,0.9964134097099304,5259.76611328125,1.7302834664691413
0,100878_00001,Siemens,0,0.8749880194664001,961.3507080078125,1.3086285013365664
0,100880_00001,Siemens,0,0.9858003854751587,9167.6669921875,1.7471089987241673
0,100885_00001,Siemens,0,0.9417614340782166,396.11468505859375,1.3862508679416525
0,100888_00001,Siemens,0,0.37972334027290344,422.9669189453125,0.37972334027290344
0,100892_00001,Siemens,0,0.9871540665626526,5523.8515625,1.6060827500695694
0,100893_00001,Siemens,0,0.9934484362602234,3466.931396484375,1.6698333844123558
0,100894_00001,Siemens,0,0.9959535598754883,4652.421875,1.7106619149365732
0,100895_00001,Siemens,0,0.9574770927429199,4244.62255859375,1.5289163731713826
0,100896_00001,Siemens,0,0.9906960725784302,3202.686279296875,1.629832515796016
0,100897_00001,Siemens,0,0.9863104820251465,4206.0009765625,1.5496963721195343
0,100898_00001,Siemens,0,0.9947595000267029,9809.6455078125,1.7285179912505062
0,100899_00001,Siemens,0,0.9791755676269531,4445.33642578125,1.602281199441036
0,100900_00001,Siemens,0,0.966663122177124,2016.2193603515625,1.5529264604144206
0,100901_00001,Siemens,0,0.6739968657493591,2330.9296875,0.8491828387207865
0,100902_00001,Siemens,0,0.9887771010398865,3037.45068359375,1.6175242600551505
0,100903_00001,Siemens,1,0.9768686890602112,2353.583740234375,1.6293418665887882
0,100904_00001,Siemens,1,0.9948902130126953,3080.0751953125,1.6996308492480627
0,100906_00001,Siemens,0,0.9212868809700012,3133.387451171875,1.4860575180703153
0,100907_00001,Siemens,0,0.9523531198501587,15940.052734375,1.6820045093068572
0,100912_00001,Siemens,1,0.9839708209037781,6283.8818359375,1.6730452206683972
0,100915_00001,Siemens,1,0.9946150183677673,20297.99609375,1.9262126269143187
0,100916_00001,Siemens,0,0.9878058433532715,1017.9882202148438,1.5093852909773229
0,100918_00001,Siemens,0,0.902265727519989,5079.11474609375,1.4095393185340144
0,100919_00001,Siemens,1,0.9956516623497009,2589.80126953125,1.6657089638107596
0,100922_00001,Siemens,0,0.9355823397636414,2389.1103515625,1.5350405873139827
0,100923_00001,Siemens,0,0.9873993396759033,1914.6304931640625,1.5637689487010054
0,100939_00001,Siemens,0,0.9678993225097656,4116.14306640625,1.6733727226464694
0,100940_00001,Siemens,0,0.9896718263626099,2280.705322265625,1.6412182822246597
0,100942_00001,Siemens,1,0.9917002320289612,2044.5101318359375,1.645247030383733
0,100945_00001,Siemens,0,0.8869110941886902,2160.71923828125,1.3910556196825354
0,100946_00001,Siemens,0,0.9562273025512695,1355.3565673828125,1.5355747381386369
0,100947_00001,Siemens,0,0.9719659090042114,6078.65234375,1.6996638707804366
0,100948_00001,Siemens,1,0.9850141406059265,6163.29931640625,1.7038549152227012
0,100950_00001,Siemens,1,0.9943581223487854,7506.962890625,1.8046184078640393
0,100951_00001,Siemens,0,0.9922294020652771,13115.111328125,1.8425120549490632
0,100952_00001,Siemens,0,0.9683213829994202,11126.7529296875,1.7606382062468608
0,100960_00001,Siemens,0,0.9815067052841187,3363.5263671875,1.669474126181101
0,100962_00001,Siemens,0,0.9396923184394836,1294.6051025390625,1.452076231997108
0,100963_00001,Siemens,0,0.9695844650268555,312.4129943847656,1.3681115784784932
0,100965_00001,Siemens,1,0.9940080642700195,10209.3017578125,1.8285661748576627
0,100966_00001,Siemens,0,0.994551956653595,17655.76171875,1.908365927765026
0,100968_00001,Siemens,0,0.9556099772453308,8428.4765625,1.6160445593020945
0,100970_00001,Siemens,0,0.9946980476379395,6096.2470703125,1.7399446017105609
0,100971_00001,Siemens,0,0.8850365877151489,1010.89208984375,1.249286564811637
0,100973_00001,Siemens,0,0.9962999224662781,6005.01025390625,1.7774399971770327
0,100974_00001,Siemens,1,0.9947900772094727,5235.6884765625,1.7507811027725204
0,100977_00001,Siemens,0,0.6664968132972717,1317.05029296875,0.9185971310553707
0,100981_00001,Siemens,1,0.9920312166213989,4537.42041015625,1.668093945805902
0,100982_00001,Siemens,0,0.9608049392700195,8763.9404296875,1.7245749931129084
0,100983_00001,Siemens,1,0.9941118359565735,4193.81103515625,1.7344309930067388
0,100985_00001,Siemens,0,0.942294716835022,4985.5146484375,1.5832381038399101
0,100989_00001,Siemens,0,0.7859664559364319,1288.9453125,1.1432238691505772
0,100991_00001,Siemens,0,0.9848109483718872,4016.907958984375,1.611169603492381
0,100998_00001,Siemens,0,0.42225149273872375,268.74285888671875,0.42225149273872375
0,101001_00001,Siemens,0,0.9024378061294556,1760.5643310546875,1.463683717741029
0,101002_00001,Siemens,0,0.9273632764816284,3356.7548828125,1.5198524133848286
0,101003_00001,Siemens,1,0.9934101700782776,46117.984375,2.0332836091003688
0,101004_00001,Siemens,0,0.9805060625076294,2055.888916015625,1.5180583345463607
0,101005_00001,Siemens,0,0.9933589100837708,16527.0859375,1.7739619972763299
0,101006_00001,Siemens,0,0.927822470664978,3454.282958984375,1.4245480159934683
0,101008_00001,Siemens,0,0.2704320549964905,1455.3358154296875,0.2704320549964905
0,101010_00001,Siemens,0,0.9368072748184204,3860.52685546875,1.4395506975671424
0,101015_00001,Siemens,1,0.9960314631462097,1872.0999755859375,1.6449876873195337
0,101017_00001,Siemens,0,0.9951984286308289,2609.811279296875,1.6085201881827051
0,101018_00001,Siemens,0,0.9899086952209473,10077.7158203125,1.780033345555963
0,101020_00001,Siemens,0,0.8699357509613037,371.9775390625,1.2583731026280167
0,101022_00001,Siemens,0,0.9953181147575378,6437.47265625,1.74218663371615
0,101025_00001,Siemens,0,0.9382373094558716,4238.00537109375,1.505542698606636
0,101027_00001,Siemens,0,0.9886682629585266,5651.0419921875,1.623037571411288
0,101028_00001,Siemens,0,0.9917323589324951,5848.08447265625,1.6858498286745698
0,101029_00001,Siemens,1,0.9902161359786987,35361.6015625,1.896665623283327
0,101030_00001,Siemens,0,0.9438154101371765,2329.29638671875,1.5778598009191624
0,101032_00001,Siemens,0,0.9696994423866272,2989.16259765625,1.5188396692157498
0,101033_00001,Siemens,0,0.15121571719646454,379.0383605957031,0.15121571719646454
0,101035_00001,Siemens,0,0.9954967498779297,3332.573486328125,1.7015104758803707
0,101036_00001,Siemens,0,0.9951984286308289,14102.7177734375,1.8190888302287118
0,101037_00001,Siemens,0,0.8951566815376282,3128.901123046875,1.410760934433747
0,101040_00001,Siemens,0,0.9937829375267029,5606.6201171875,1.6323289139715724
0,101046_00001,Siemens,1,0.9887554049491882,9533.369140625,1.6721148091490197
0,101048_00001,Siemens,1,0.9935117363929749,7868.142578125,1.802845867978322
0,101053_00001,Siemens,0,0.960878312587738,3925.804931640625,1.6014225586882629
0,101057_00001,Siemens,0,0.9949886202812195,16910.35546875,1.8979071870509479
0,101058_00001,Siemens,0,0.9828232526779175,780.4284057617188,1.361650131475973
0,101060_00001,Siemens,0,0.9831821918487549,8121.5380859375,1.6160451599281473
0,101063_00001,Siemens,1,0.9919379353523254,9899.4150390625,1.715365962898135
0,101066_00001,Siemens,0,0.988469660282135,3147.517578125,1.58682920573167
0,101068_00001,Siemens,1,0.9882221817970276,18663.626953125,1.909530525941393
0,101070_00001,Siemens,0,0.4604102075099945,434.7005615234375,0.4604102075099945
0,101071_00001,Siemens,0,0.988469660282135,8724.3349609375,1.6848009527163474
0,101073_00001,Siemens,0,0.992061972618103,4172.3984375,1.7113974950400628
0,101074_00001,Siemens,0,0.7683857679367065,1723.1895751953125,1.2012155324110139
0,101076_00001,Siemens,0,0.9506864547729492,1018.478271484375,1.4954115711318825
0,101079_00001,Siemens,0,0.8918110132217407,925.2886352539062,1.2858605003492305
0,101081_00001,Siemens,0,0.9561864137649536,3675.25634765625,1.5661384853064921
0,101082_00001,Siemens,0,0.991186797618866,1656.816650390625,1.5377460380422223
0,101084_00001,Siemens,0,0.9787938594818115,3594.2255859375,1.64524671164131
0,101087_00001,Siemens,0,0.9899086952209473,5300.89111328125,1.5807037301877191
0,101088_00001,Siemens,0,0.6181467175483704,431.3056335449219,0.8084207196950931
0,101091_00001,Siemens,1,0.9927250146865845,8307.666015625,1.812225551509549
0,101095_00001,Siemens,0,0.9028668403625488,2637.437255859375,1.3981186094521998
0,101096_00001,Siemens,0,0.8554893136024475,777.37744140625,1.2995060338838988
0,101099_00001,Siemens,0,0.9808576107025146,2393.227783203125,1.5542432029474313
0,101105_00001,Siemens,0,0.9843062162399292,24886.24609375,1.798953220389437
0,101107_00001,Siemens,0,0.9820137619972229,3401.65234375,1.631613574754802
0,101115_00001,Siemens,0,0.12770701944828033,256.07183837890625,0.12770701944828033
0,101125_00001,Siemens,0,0.9224823713302612,1978.3194580078125,1.443870946273453
0,101130_00001,Siemens,0,0.6943026781082153,513.735107421875,0.9548136913948634
0,101131_00001,Siemens,0,0.9310247898101807,4380.9208984375,1.4572415539266688
0,101134_00001,Siemens,0,0.9819965362548828,1123.62548828125,1.5159583949182167
0,101140_00001,Siemens,0,0.976669192314148,10161.9501953125,1.795808593282952
0,101141_00001,Siemens,0,0.7880128026008606,1082.3001708984375,1.1355702934392449
0,101143_00001,Siemens,0,0.9217811226844788,4403.7333984375,1.4993403669456498
0,101148_00001,Siemens,0,0.9928231239318848,2629.705078125,1.6716498124546375
0,101149_00001,Siemens,1,0.9963994026184082,4630.15966796875,1.7408128708777733
0,101153_00001,Siemens,0,0.9212868809700012,759.9119262695312,1.4061061549409508
0,101154_00001,Siemens,0,0.9929609894752502,2630.31640625,1.6351041111973075
0,101155_00001,Siemens,0,0.9667888283729553,2964.9658203125,1.5532973244239443
0,101156_00001,Siemens,0,0.8474634885787964,1508.139404296875,1.3612861531959188
0,101162_00001,Siemens,0,0.9749884009361267,26906.134765625,1.797791919568912
0,101164_00001,Siemens,0,0.9932550191879272,6382.30810546875,1.7492840627714006
0,101172_00001,Siemens,0,0.9931495785713196,68476.875,2.08759032503838
0,101174_00001,Siemens,0,0.986828088760376,1246.887451171875,1.568212403757175
0,101176_00001,Siemens,0,0.8137569427490234,2226.3251953125,1.2136955988219271
0,101179_00001,Siemens,0,0.9208608865737915,1442.8719482421875,1.3636235937655339
0,101180_00001,Siemens,1,0.9959298968315125,4177.97509765625,1.730348366190921
0,101181_00001,Siemens,0,0.9954527616500854,5561.7421875,1.7642769047156666
0,101182_00001,Siemens,0,0.9907140731811523,4323.48876953125,1.5923500174385201
0,101183_00001,Siemens,0,0.9894090890884399,5970.68359375,1.707266940559274
0,101184_00001,Siemens,0,0.86200350522995,5290.4189453125,1.4142612777233026
0,101185_00001,Siemens,0,0.8683809638023376,2963.9296875,1.44304958884525
0,101187_00001,Siemens,0,0.9925103187561035,9086.40234375,1.8080830276461437
0,101189_00001,Siemens,0,0.9914391040802002,7708.70166015625,1.745750439877405
0,101194_00001,Siemens,0,0.9884026646614075,6063.076171875,1.7503763152531668
0,101195_00001,Siemens,0,0.9941118359565735,4374.845703125,1.6735491658163102
0,101197_00001,Siemens,0,0.9645224213600159,764.3271484375,1.4789499620765336
0,101199_00001,Siemens,0,0.9944451451301575,5775.1630859375,1.7447246539425147
0,101200_00001,Siemens,0,0.9943690896034241,2662.271728515625,1.6224835534018138
0,101201_00001,Siemens,0,0.9817357659339905,8332.6083984375,1.684312115372285
0,101204_00001,Siemens,0,0.9901211261749268,10426.82421875,1.8106575840851753
0,101207_00001,Siemens,0,0.991305410861969,2759.425048828125,1.5076946521713894
0,101208_00001,Siemens,0,0.9860442876815796,1815.595703125,1.6284349076569022
0,101211_00001,Siemens,0,0.9722834825515747,8563.2978515625,1.7229120507500735
0,101212_00001,Siemens,0,0.9958499670028687,6179.71533203125,1.742065281490521
0,101213_00001,Siemens,0,0.9834704995155334,4907.203125,1.6534719999143173
0,101214_00001,Siemens,0,0.8884688019752502,474.936767578125,1.306206527649774
0,101215_00001,Siemens,1,0.9945095181465149,2101.482177734375,1.5810249471372575
0,101216_00001,Siemens,0,0.9974039196968079,11677.3837890625,1.7112583275149964
0,101217_00001,Siemens,1,0.9904775619506836,2461.233154296875,1.6488223696757516
0,101218_00001,Siemens,0,0.9612802267074585,11493.4697265625,1.7278585931226598
0,101223_00001,Siemens,0,0.9851003289222717,5834.45458984375,1.6645228372828906
0,101224_00001,Siemens,0,0.9346938133239746,3239.73681640625,1.4858380659918373
0,101225_00001,Siemens,0,0.9801102876663208,1803.1729736328125,1.559905376494356
0,101228_00001,Siemens,0,0.9775857925415039,2918.404052734375,1.6186837861873675
0,101241_00001,Siemens,0,0.8661325573921204,473.5155944824219,1.1943890397335817
0,101243_00001,Siemens,0,0.9876639246940613,3963.247802734375,1.7034276246530695
0,101244_00001,Siemens,1,0.7536026835441589,2052.260498046875,1.0466489498882139
0,101245_00001,Siemens,0,0.9699281454086304,5020.10205078125,1.6306140165358787
0,101246_00001,Siemens,0,0.9841850996017456,6262.90625,1.6490821237972648
0,101247_00001,Siemens,1,0.9914391040802002,1934.94775390625,1.5529196265409277
0,101249_00001,Siemens,1,0.9955920577049255,12359.021484375,1.8652803621131888
0,101250_00001,Siemens,0,0.9939963817596436,2948.938720703125,1.6708466037056953
0,101251_00001,Siemens,0,0.9970821738243103,2039.7554931640625,1.5784634123695005
0,101253_00001,Siemens,1,0.9892441034317017,8847.42578125,1.726837842049194
0,101254_00001,Siemens,1,0.9955920577049255,2701.33447265625,1.667711733341008
0,101255_00001,Siemens,0,0.9416541457176208,1763.9932861328125,1.4528134558422396
0,101256_00001,Siemens,0,0.9594972133636475,8097.53857421875,1.5893500065446877
0,101258_00001,Siemens,1,0.9925826787948608,27436.96875,1.9622379442771998
0,101259_00001,Siemens,0,0.8339340686798096,890.7627563476562,1.1793524712293286
0,101260_00001,Siemens,0,0.34356194734573364,322.2624816894531,0.34356194734573364
0,101269_00001,Siemens,0,0.965217649936676,16916.697265625,1.7767254388484648
0,101271_00001,Siemens,1,0.9883801937103271,3388.177734375,1.5924703875083301
0,101273_00001,Siemens,0,0.9952632188796997,1556.4351806640625,1.6221795842328655
0,101280_00001,Siemens,0,0.9932811260223389,1826.81591796875,1.6240810876409069
0,101281_00001,Siemens,0,0.9086179733276367,6723.30224609375,1.458479563257485
0,101285_00001,Siemens,0,0.875361442565918,1123.1424560546875,1.292585122851565
0,101286_00001,Siemens,1,0.9934484362602234,40891.13671875,2.0174120096563004
0,101287_00001,Siemens,0,0.26597580313682556,733.5527954101562,0.26597580313682556
0,101290_00001,Siemens,1,0.9895108342170715,43810.64453125,2.018811238030276
0,101295_00001,Siemens,1,0.997036337852478,5607.822265625,1.7550499181207044
0,101297_00001,Siemens,0,0.9108630418777466,490.41339111328125,1.115837708916632
0,101298_00001,Siemens,0,0.9934611320495605,6952.54736328125,1.7248936066859566
0,101300_00001,Siemens,0,0.9963286519050598,6357.220703125,1.6868433196688077
0,101301_00001,Siemens,0,0.972151517868042,590.5023803710938,1.3669139145990474
0,101303_00001,Siemens,0,0.9921080470085144,6546.6083984375,1.7372704449293894
0,101304_00001,Siemens,0,0.9900250434875488,13262.728515625,1.8600643008045503
0,101305_00001,Siemens,0,0.9882221817970276,1061.83154296875,1.572618868942999
0,101307_00001,Siemens,0,0.9939378499984741,4871.38916015625,1.6387843215164217
0,101310_00001,Siemens,0,0.907312273979187,3287.052978515625,1.4454791519413106
0,101312_00001,Siemens,0,0.9061560034751892,2021.9617919921875,1.472652488274384
0,101317_00001,Siemens,0,0.9948803186416626,13214.2255859375,1.6807904618511544
0,101318_00001,Siemens,0,0.9733169674873352,2124.6796875,1.5741649829507829
0,101320_00001,Siemens,0,0.9673178195953369,3485.323486328125,1.5478943697261534
0,101323_00001,Siemens,0,0.9956346154212952,31004.890625,1.9523063038703976
0,101325_00001,Siemens,0,0.9897116422653198,3637.917724609375,1.6524897529424452
0,101328_00001,Siemens,0,0.9952724575996399,24602.5,1.7794777473926682
0,101329_00001,Siemens,0,0.7354516386985779,1098.2635498046875,0.9841529366679967
0,101330_00001,Siemens,0,0.9848109483718872,8400.7666015625,1.7091521549830708
0,101332_00001,Siemens,0,0.9951040744781494,3535.317138671875,1.6626535951355175
0,101335_00001,Siemens,0,0.937325656414032,3816.26025390625,1.5864735076850414
0,101338_00001,Siemens,1,0.8558511734008789,1652.6416015625,1.3353958308037732
0,101339_00001,Siemens,1,0.9958337545394897,3187.88671875,1.7053684879433413
0,101343_00001,Siemens,0,0.9094254970550537,1828.039306640625,1.4557582972479928
0,101350_00001,Siemens,0,0.9916681051254272,15735.349609375,1.876280234745195
0,101351_00001,Siemens,1,0.9914058446884155,70545.71875,2.088403053420847
0,101354_00001,Siemens,0,0.9947493672370911,2920.755615234375,1.6380490243024084
0,101355_00001,Siemens,1,0.9942697286605835,6327.853515625,1.737387114456478
0,101356_00001,Siemens,0,0.9830850958824158,829.9739379882812,1.5324891868704633
0,101357_00001,Siemens,0,0.9591543078422546,15268.75390625,1.7125160455101447
0,101358_00001,Siemens,0,0.8142006397247314,1051.4801025390625,1.210021548108783
0,101360_00001,Siemens,1,0.9929746389389038,18567.275390625,1.9100282630823677
0,101361_00001,Siemens,0,0.9835969805717468,3099.896240234375,1.5670116784527226
0,101361_00002,Siemens,0,0.9907140731811523,1926.0140380859375,1.6001531000332072
0,101364_00001,Siemens,0,0.9901211261749268,3521.9677734375,1.6370342772147204
0,101365_00001,Siemens,0,0.94629967212677,1086.5838623046875,1.426966942982938
0,101366_00001,Siemens,0,0.8693267703056335,2121.0185546875,1.299746901024038
0,101372_00001,Siemens,1,0.8040984272956848,675.5723266601562,1.1637469176992332
0,101374_00001,Siemens,0,0.945600688457489,7911.095703125,1.6446316090554316
0,101375_00001,Siemens,1,0.991169810295105,10390.037109375,1.8356554464007038
0,101376_00001,Siemens,1,0.9929609894752502,22367.15234375,1.9365846314928126
0,101377_00001,Siemens,1,0.9951514005661011,9419.3251953125,1.7827336748600116
0,101379_00001,Siemens,0,0.8996515870094299,1728.544677734375,1.2759641448093904
0,101380_00001,Siemens,0,0.8889517188072205,1380.8955078125,1.3565955181027687
0,101382_00001,Siemens,0,0.9741166234016418,8552.7275390625,1.7226148592077657
0,101384_00001,Siemens,0,0.7483063340187073,3384.40869140625,1.1733103111090077
0,101385_00001,Siemens,0,0.9949396848678589,10411.3466796875,1.835197644979454
0,101386_00001,Siemens,0,0.954647421836853,5410.8583984375,1.6021070569882914
0,101389_00001,Siemens,0,0.9880620241165161,6408.56005859375,1.741183372665081
0,101391_00001,Siemens,1,0.9953181147575378,3068.25390625,1.6909949997151366
0,101392_00001,Siemens,1,0.9952077269554138,4793.171875,1.7509570129257905
0,101395_00001,Siemens,0,0.6949241757392883,316.89739990234375,0.8564840434865951
0,101402_00001,Siemens,0,0.3590269684791565,240.71583557128906,0.3590269684791565
0,101405_00001,Siemens,0,0.9970421195030212,4219.18359375,1.6449880286168692
0,101407_00001,Siemens,0,0.980728805065155,8942.572265625,1.7619595885800212
0,101411_00001,Siemens,0,0.29482370615005493,192.79734802246094,0.29482370615005493
0,101413_00001,Siemens,1,0.9923192858695984,63147.17578125,2.0747055508097305
0,101416_00001,Siemens,0,0.990044355392456,2333.871337890625,1.601925359993647
0,101418_00001,Siemens,1,0.9408441781997681,4400.91064453125,1.571518680409444
0,101420_00001,Siemens,0,0.8904372453689575,812.5532836914062,1.3207382806152368
0,101422_00001,Siemens,0,0.685370683670044,741.24609375,0.91941823714117
0,101423_00001,Siemens,0,0.9921992421150208,3280.129150390625,1.6537782213535186
0,101424_00001,Siemens,0,0.961243748664856,2592.774658203125,1.5741652894492069
0,101425_00001,Siemens,1,0.991169810295105,30186.96484375,1.9726588426820981
0,101428_00001,Siemens,0,0.9960314631462097,10505.5732421875,1.7420122936645264
0,101430_00001,Siemens,0,0.9914391040802002,5092.02099609375,1.6298157363480137
0,101431_00001,Siemens,0,0.8095019459724426,348.5013732910156,1.1497102000316333
0,101432_00001,Siemens,0,0.9932287931442261,5181.73583984375,1.6270747714907243
0,101437_00001,Siemens,0,0.9668201208114624,1911.34130859375,1.585725821889927
0,101438_00001,Siemens,0,0.9546051621437073,2158.868408203125,1.5085205856936097
0,101440_00001,Siemens,0,0.9820482730865479,12084.703125,1.7163480218281275
0,101441_00001,Siemens,0,0.9828726649284363,7160.80029296875,1.7329760854657474
0,101444_00001,Siemens,0,0.9433997869491577,2611.953125,1.495585874519992
0,101445_00001,Siemens,0,0.9557754397392273,2191.2802734375,1.5848455623658966
0,101447_00001,Siemens,0,0.9851289987564087,7208.70947265625,1.7329106856970775
0,101449_00001,Siemens,0,0.9901401400566101,2642.66064453125,1.6327631393214768
0,101453_00001,Siemens,0,0.7861306667327881,372.4494934082031,1.1071114263047732
0,101454_00001,Siemens,1,0.9952632188796997,5261.130859375,1.7623922737916737
0,101456_00001,Siemens,1,0.9961755275726318,10555.6396484375,1.8102641475104997
0,101462_00001,Siemens,0,0.9913390278816223,3759.825439453125,1.6051869098641363
0,101463_00001,Siemens,0,0.9650202989578247,12046.0517578125,1.790759628251916
0,101464_00001,Siemens,0,0.8777390122413635,1365.707275390625,1.2466251629911955
0,101466_00001,Siemens,0,0.8911023736000061,1317.3831787109375,1.4020003900734261
0,101473_00001,Siemens,0,0.9820826053619385,5836.26806640625,1.5525403799090731
0,101474_00001,Siemens,0,0.9928091764450073,2524.458740234375,1.6297713401705278
0,101476_00001,Siemens,0,0.9738940596580505,2104.036865234375,1.5281943637393085
0,101479_00001,Siemens,0,0.9743860960006714,1914.1883544921875,1.5520498359060821
0,101481_00001,Siemens,0,0.991859495639801,6476.615234375,1.679358157445155
0,101484_00001,Siemens,0,0.9965435862541199,3173.106689453125,1.641311321484597
0,101489_00001,Siemens,0,0.9860711693763733,19125.05859375,1.7336495319340441
0,101492_00001,Siemens,0,0.9660599827766418,5265.08935546875,1.597955607612973
0,101498_00001,Siemens,0,0.27997612953186035,588.9425048828125,0.27997612953186035
0,101499_00001,Siemens,0,0.9889063835144043,5083.0634765625,1.6252162520599394
0,101500_00001,Siemens,0,0.9481064677238464,3190.39404296875,1.5018430669768406
0,101503_00001,Siemens,1,0.9926967024803162,9947.5859375,1.8343544005800285
0,101504_00001,Siemens,0,0.9369805455207825,2139.638916015625,1.3867221168930899
0,101506_00001,Siemens,0,0.9512782096862793,2458.559814453125,1.4545714929179778
0,101507_00001,Siemens,0,0.9899476170539856,5551.49609375,1.6258387978274436
0,101508_00001,Siemens,1,0.9953363537788391,18861.28515625,1.9196279240087704
0,101509_00001,Siemens,1,0.9937708973884583,7510.05224609375,1.7992923020254692
0,101513_00001,Siemens,0,0.9811487793922424,3344.76123046875,1.5979788027089363
0,101517_00001,Siemens,1,0.9896317720413208,57392.72265625,2.0533009364255146
0,101518_00001,Siemens,0,0.9848692417144775,2658.08203125,1.5727502967267517
0,101519_00001,Siemens,0,0.35239675641059875,366.6692199707031,0.35239675641059875
0,101520_00001,Siemens,0,0.994455873966217,10861.59765625,1.7557165555471912
0,101521_00001,Siemens,1,0.9920926690101624,41048.1953125,2.0148804186207707
0,101522_00001,Siemens,0,0.9927672147750854,3598.49267578125,1.6078906109893232
0,101524_00001,Siemens,0,0.9843964576721191,3618.597900390625,1.5745852110401204
0,101525_00001,Siemens,0,0.8263617753982544,886.7332763671875,1.1828623327993542
0,101529_00001,Siemens,0,0.9663469791412354,2524.033935546875,1.5625071425077413
0,101532_00001,Siemens,1,0.9930289387702942,6614.00048828125,1.7063850179006577
0,101535_00001,Siemens,0,0.6194425225257874,938.2869262695312,0.808153637696177
0,101539_00001,Siemens,0,0.6467949151992798,979.2936401367188,0.8408604743110226
0,101540_00001,Siemens,1,0.9902350902557373,2730.833251953125,1.6543683704701893
0,101544_00001,Siemens,0,0.9248914122581482,952.8850708007812,1.43208904138011
0,101546_00001,Siemens,0,0.8578277230262756,5209.4599609375,1.2857778421787596
0,101548_00001,Siemens,1,0.9843062162399292,7491.185546875,1.588599944019784
0,101552_00001,Siemens,0,0.9892441034317017,6849.98583984375,1.689729013258424
0,101553_00001,Siemens,0,0.973418116569519,4230.41162109375,1.6032235792809104
0,101554_00001,Siemens,0,0.9832144975662231,2824.106201171875,1.648405349336387
0,101563_00001,Siemens,1,0.9940890073776245,30700.419921875,1.9806950308691658
0,101564_00001,Siemens,1,0.9914721846580505,22254.89453125,1.9334857804489525
0,101565_00001,Siemens,1,0.992864727973938,5108.50439453125,1.7240919407536046
0,101566_00001,Siemens,0,0.9925103187561035,6580.17578125,1.7112391254684958
0,101568_00001,Siemens,0,0.991859495639801,85496.5078125,2.099885021305562
0,101571_00001,Siemens,0,0.9968580007553101,5486.095703125,1.735064312788283
0,101575_00001,Siemens,0,0.9904035329818726,11205.900390625,1.781137162110563
0,101577_00001,Siemens,0,0.5748423337936401,2569.69970703125,0.7386635024319534
0,101580_00001,Siemens,0,0.9983256459236145,4383.39306640625,1.6577860449639628
0,101583_00001,Siemens,0,0.7414868474006653,1084.1976318359375,1.0400274069330506
0,101585_00001,Siemens,0,0.994820237159729,4552.68505859375,1.7005001660548873
0,101587_00001,Siemens,0,0.741533637046814,1520.20654296875,1.0180319043090817
0,101590_00001,Siemens,0,0.9947493672370911,8516.421875,1.7607235934750949
0,101595_00001,Siemens,0,0.90456622838974,1661.1910400390625,1.4138742058390699
0,101595_00002,Siemens,0,0.9957518577575684,6088.8583984375,1.762788967551102
0,101599_00001,Siemens,0,0.9968457818031311,5726.3623046875,1.665538938926672
0,101603_00001,Siemens,0,0.9212868809700012,2088.4072265625,1.4411848056757695
0,101605_00001,Siemens,0,0.9116528034210205,3734.142822265625,1.4861629861348669
0,101608_00001,Siemens,0,0.6279797554016113,839.3546142578125,0.8507341836149717
0,101610_00001,Siemens,0,0.9592689275741577,7305.31298828125,1.5684688678960426
0,101612_00001,Siemens,1,0.9958499670028687,10391.47265625,1.806375164805396
0,101614_00001,Siemens,0,0.9966756105422974,12830.1435546875,1.7477854411663507
0,101618_00001,Siemens,0,0.9818405508995056,3524.70947265625,1.6900998012904713
0,101621_00001,Siemens,0,0.9919379353523254,813.8468627929688,1.4906144736401457
0,101623_00001,Siemens,0,0.977262556552887,4099.6787109375,1.6262511954117733
0,101624_00001,Siemens,0,0.9917643666267395,4593.1591796875,1.6285038435961938
0,101627_00001,Siemens,0,0.9505029916763306,1217.6199951171875,1.3727251804266025
0,101628_00001,Siemens,0,0.7509182095527649,1654.9197998046875,1.1343869804253652
0,101629_00001,Siemens,0,0.9961903095245361,895.7122802734375,1.5357195342617986
0,101630_00001,Siemens,0,0.9863104820251465,13991.701171875,1.705849357636339
0,101631_00001,Siemens,0,0.9562273025512695,8823.3173828125,1.666876958604043
0,101632_00001,Siemens,0,0.9948503375053406,4393.2041015625,1.643863398339938
0,101633_00001,Siemens,0,0.9840630292892456,8473.806640625,1.7796509100614506
0,101636_00001,Siemens,1,0.9920312166213989,98431.1796875,2.1352440954079914
0,101642_00001,Siemens,0,0.9926683902740479,3736.342041015625,1.6451821047961233
0,101646_00001,Siemens,0,0.9062390327453613,1991.0615234375,1.4685941425026565
0,101647_00001,Siemens,0,0.954008936882019,12845.4501953125,1.6754688034241703
0,101650_00001,Siemens,0,0.958304226398468,2508.611083984375,1.5836424202800445
0,101651_00001,Siemens,0,0.9940428137779236,3591.298583984375,1.6613808215668426
0,101654_00001,Siemens,0,0.9946150183677673,13635.6640625,1.755392994186013
0,101662_00001,Siemens,0,0.878835141658783,4580.4248046875,1.385038296904722
0,101665_00001,Siemens,0,0.9956769347190857,2697.357177734375,1.6750940944592534
0,101670_00001,Siemens,0,0.9930017590522766,14232.9375,1.8774248927070858
0,101673_00001,Siemens,0,0.9951040744781494,5104.0068359375,1.666116706323241
0,101674_00001,Siemens,0,0.6325027346611023,831.796875,0.8434638847041879
0,101675_00001,Siemens,0,0.9920772910118103,1867.089111328125,1.5438309673110118
0,101676_00001,Siemens,0,0.991355836391449,1918.944580078125,1.6330114296076048
0,101682_00001,Siemens,0,0.9894499182701111,1787.44775390625,1.5552177246029084
0,101684_00001,Siemens,0,0.9874721169471741,20472.93359375,1.9068719152918159
0,101685_00001,Siemens,0,0.9888203740119934,7891.06298828125,1.6439139962397926
0,101687_00001,Siemens,1,0.9943471550941467,33757.9765625,1.987911275943293
0,101689_00001,Siemens,1,0.9953904151916504,6772.7373046875,1.7857848040466342
0,101694_00001,Siemens,1,0.9891815781593323,102878.4296875,2.1343296693784284
0,101696_00001,Siemens,1,0.9858821630477905,1850.6810302734375,1.568698091540539
0,101698_00001,Siemens,1,0.9953904151916504,10140.6708984375,1.8220967825825438
0,101699_00001,Siemens,0,0.9204327464103699,3375.079833984375,1.4472812163962314
0,101702_00001,Siemens,0,0.7352616190910339,1487.889404296875,1.053104585722458
0,101703_00001,Siemens,0,0.9939024448394775,82286.6796875,2.0723196040620597
0,101705_00001,Siemens,0,0.9948403239250183,9279.267578125,1.7692630816604813
0,101706_00001,Siemens,0,0.9544354677200317,7360.85205078125,1.7009894113055732
0,101711_00001,Siemens,0,0.9753900170326233,9891.802734375,1.6729784340491183
0,101713_00001,Siemens,1,0.995354413986206,4065.216552734375,1.7320783562527489
0,101715_00001,Siemens,0,0.4450923204421997,929.1048583984375,0.4450923204421997
0,101725_00001,Siemens,0,0.9899863600730896,5825.6376953125,1.637848298643263
0,101726_00001,Siemens,0,0.8988553285598755,959.824951171875,1.4004658658581621
0,101728_00001,Siemens,1,0.9928508996963501,30892.5859375,1.978636401815021
0,101729_00001,Siemens,0,0.20745545625686646,313.69775390625,0.20745545625686646
0,101730_00001,Siemens,0,0.8905800580978394,1382.9617919921875,1.4287351054209003
0,101732_00001,Siemens,0,0.9620362520217896,3614.856201171875,1.396930896803554
0,101734_00001,Siemens,0,0.9788546562194824,3783.93017578125,1.5488696344922603
0,101737_00001,Siemens,0,0.9923638105392456,14006.71484375,1.7790354679645521
0,101738_00001,Siemens,0,0.9959456324577332,11030.744140625,1.7696886584159262
0,101739_00001,Siemens,0,0.930962085723877,2216.388427734375,1.3959661568608908
0,101740_00001,Siemens,0,0.16033175587654114,174.3702850341797,0.16033175587654114
0,101745_00001,Siemens,0,0.9898107051849365,1108.119140625,1.5397620077469303
0,101755_00001,Siemens,0,0.7066460847854614,1638.756591796875,1.1122840927515047
0,101756_00001,Siemens,0,0.9912378191947937,35647.20703125,1.9758366038796227
0,101757_00001,Siemens,1,0.9953814744949341,5343.9130859375,1.65687997929836
0,101758_00001,Siemens,0,0.9882221817970276,1029.20751953125,1.5288394495474733
0,101762_00001,Siemens,0,0.9949100613594055,6185.71923828125,1.6794138314954274
0,101769_00001,Siemens,0,0.9523087739944458,2704.642822265625,1.5551199860314913
0,101770_00001,Siemens,0,0.9962051510810852,5201.78076171875,1.6663384133614858
0,101771_00001,Siemens,0,0.9611709713935852,8103.51904296875,1.5301757906466953
0,101776_00001,Siemens,0,0.9228308200836182,3713.713623046875,1.5096438194634403
0,101777_00001,Siemens,0,0.9291195869445801,2859.4658203125,1.5014941832203719
0,101779_00001,Siemens,0,0.9092645049095154,2616.913818359375,1.4658357878168067
0,101781_00001,Siemens,0,0.929248034954071,4071.580810546875,1.503701725242493
0,101782_00001,Siemens,0,0.9953634738922119,18477.482421875,1.8574899036520518
0,101783_00001,Siemens,0,0.9383503198623657,2503.14208984375,1.526704151727147
0,101785_00001,Siemens,0,0.9529695510864258,2004.9085693359375,1.5671082486826893
0,101788_00001,Siemens,0,0.9562681317329407,3596.675048828125,1.5142350042904533
0,101790_00001,Siemens,0,0.9938070178031921,9060.6201171875,1.6628688538570202
0,101791_00001,Siemens,0,0.8646537065505981,18417.390625,1.6177910314217714
0,101793_00001,Siemens,0,0.997607946395874,9572.828125,1.7059259562509563
0,101794_00001,Siemens,1,0.9960237741470337,8140.1083984375,1.7507729403176866
0,101799_00001,Siemens,0,0.994594156742096,3555.59326171875,1.7123175582809331
0,101800_00001,Siemens,1,0.9941118359565735,4678.04931640625,1.744392720118637
0,101802_00001,Siemens,0,0.9922744631767273,20655.52734375,1.922664767944031
0,101805_00001,Siemens,0,0.8099533319473267,1885.4945068359375,1.2635675472793435
0,101806_00001,Siemens,1,0.9757854342460632,4756.66015625,1.6434920999494227
0,101812_00001,Siemens,0,0.9889063835144043,33659.9765625,1.9521244265613753
0,101817_00001,Siemens,0,0.9786311388015747,2097.794189453125,1.60806681171819
0,101818_00001,Siemens,0,0.9506864547729492,2167.2802734375,1.5599460566482215
0,101819_00001,Siemens,1,0.9932550191879272,18995.484375,1.9159897397196168
0,101822_00001,Siemens,0,0.9052385687828064,2121.2978515625,1.4486392176037621
0,101823_00001,Siemens,0,0.9257686138153076,2409.517333984375,1.5306359126382953
0,101828_00001,Siemens,0,0.9900250434875488,1845.1671142578125,1.6284179314007055
0,101829_00001,Siemens,1,0.4607248306274414,158.1693878173828,0.4607248306274414
0,101830_00001,Siemens,0,0.9922744631767273,17383.8828125,1.8770352809691462
0,101833_00001,Siemens,0,0.9782811403274536,12186.875,1.7124426038840121
0,101835_00001,Siemens,1,0.9816655516624451,2091.90380859375,1.5779677239989203
0,101840_00001,Siemens,0,0.9845458269119263,1956.32177734375,1.578512623614091
0,101841_00001,Siemens,1,0.9923192858695984,169242.328125,2.1739124242731753
0,101843_00001,Siemens,0,0.9854684472084045,2671.34033203125,1.6345234013412975
0,101847_00001,Siemens,1,0.9897116422653198,2622.586181640625,1.6002859670932048
0,101853_00001,Siemens,0,0.9095862507820129,3544.803955078125,1.5243939506831388
0,101854_00001,Siemens,1,0.9939143061637878,21737.888671875,1.8856144923407516
0,101858_00001,Siemens,0,0.9533619284629822,2565.613037109375,1.4793351055400374
0,101860_00001,Siemens,0,0.9935494065284729,44487.2421875,2.014126803354602
0,101861_00001,Siemens,0,0.9692951440811157,1833.10498046875,1.5260400877902613
0,101863_00001,Siemens,1,0.9942920207977295,1381.2208251953125,1.5977455929377071
0,101865_00001,Siemens,0,0.976691484451294,5624.11767578125,1.6875608924359227
0,101866_00001,Siemens,0,0.967007577419281,1738.76513671875,1.5565646652358713
0,101868_00001,Siemens,0,0.8929365277290344,2163.542236328125,1.43801569428957
0,101869_00001,Siemens,0,0.9633687138557434,1832.8616943359375,1.5323929056292647
0,101870_00001,Siemens,0,0.6746402978897095,335.2425231933594,0.8892590950738591
0,101874_00001,Siemens,0,0.9883801937103271,11781.619140625,1.6291395291480728
0,101876_00001,Siemens,0,0.9953904151916504,14585.20703125,1.8847152980819941
0,101878_00001,Siemens,0,0.9926542043685913,6553.603515625,1.636365904520997
0,101879_00001,Siemens,0,0.9035497903823853,1816.1256103515625,1.3354856646398412
0,101881_00001,Siemens,0,0.9908034801483154,11233.1494140625,1.823112169144655
0,101883_00001,Siemens,0,0.9913725852966309,15865.5166015625,1.8878088408712226
0,101884_00001,Siemens,0,0.9233161807060242,2754.151611328125,1.4966249768624282
0,101885_00001,Siemens,0,0.993574321269989,4937.7763671875,1.74815617008584
0,101886_00001,Siemens,1,0.9907855987548828,11167.9765625,1.8250459537709076
0,101887_00001,Siemens,0,0.5948748588562012,347.30914306640625,0.770031273970305
0,101888_00001,Siemens,0,0.9933330416679382,3364.514892578125,1.6584856727430435
0,101890_00001,Siemens,0,0.9709368348121643,2718.7880859375,1.5522412688357718
0,101896_00001,Siemens,0,0.9884250164031982,4302.30908203125,1.6979677026989997
0,101897_00001,Siemens,0,0.9617859125137329,10164.8818359375,1.760406721424115
0,101900_00001,Siemens,1,0.9957601428031921,116216.34375,2.1126463981854617
0,101903_00001,Siemens,0,0.9908034801483154,1986.79345703125,1.4709218790325183
0,101907_00001,Siemens,0,0.9972744584083557,1523.0565185546875,1.594067050801018
0,101909_00001,Siemens,1,0.9951514005661011,25035.328125,1.9527488860300521
0,101911_00001,Siemens,0,0.9954350590705872,4096.22119140625,1.6965210777874544
0,101916_00001,Siemens,0,0.9920772910118103,38914.3671875,1.9998320550705782
0,101919_00001,Siemens,0,0.9819099307060242,18262.3828125,1.6929624401447818
0,101920_00001,Siemens,0,0.9538372755050659,2102.7421875,1.5050791762179512
0,101924_00001,Siemens,0,0.9379537105560303,2858.46533203125,1.5721167884486233
0,101925_00001,Siemens,0,0.9511421918869019,7781.42919921875,1.683965432970094
0,101927_00001,Siemens,0,0.9053223133087158,1271.84423828125,1.4021854028052374
0,101928_00001,Siemens,0,0.9934865236282349,12777.080078125,1.7892502596399198
0,101929_00001,Siemens,0,0.6484107375144958,1065.140380859375,0.8926938772253399
0,101932_00001,Siemens,0,0.9698426127433777,6093.314453125,1.6444936134635646
0,101934_00001,Siemens,0,0.9495291709899902,1349.42919921875,1.478907551389924
0,101935_00001,Siemens,0,0.8142744302749634,1210.4796142578125,1.1430672930596557
0,101936_00001,Siemens,0,0.8491598963737488,900.2172241210938,1.284536851189182
0,101939_00001,Siemens,0,0.9885804057121277,27694.29296875,1.9298653833949575
0,101944_00001,Siemens,0,0.8583627939224243,1605.5655517578125,1.3489709955236688
0,101946_00001,Siemens,0,0.9882901906967163,5737.82470703125,1.727681742840441
0,101947_00001,Siemens,0,0.9846936464309692,3013.369873046875,1.665144392164829
0,101950_00001,Siemens,0,0.9952632188796997,4765.03515625,1.6791365459566256
0,101952_00001,Siemens,1,0.9950946569442749,8263.80078125,1.7059378833899308
0,101953_00001,Siemens,0,0.961207389831543,2995.863037109375,1.5869596363980736
0,101957_00001,Siemens,0,0.9881765246391296,5164.13427734375,1.6021391039310624
0,101959_00001,Siemens,0,0.9852429628372192,6556.44873046875,1.7170714907038016
0,101961_00001,Siemens,0,0.6835251450538635,1773.6864013671875,0.9717880788060588
0,101962_00001,Siemens,0,0.987375020980835,3354.939697265625,1.6541874978133324
0,101968_00001,Siemens,0,0.9937100410461426,8972.4833984375,1.7692869179627115
0,101970_00001,Siemens,0,0.9014011025428772,969.9205932617188,1.3959805880172627
0,101970_00002,Siemens,0,0.9869040250778198,1859.8594970703125,1.6181488727984508
0,101975_00001,Siemens,0,0.9505947232246399,1897.439453125,1.5370369822945193
0,101977_00001,Siemens,1,0.7937461733818054,1712.9051513671875,1.1438323997383113
0,101978_00001,Siemens,0,0.6690424680709839,389.8111572265625,0.9226035716592007
0,101979_00001,Siemens,0,0.9924374222755432,19968.927734375,1.8558302006083016
0,101980_00001,Siemens,1,0.9950946569442749,10022.2490234375,1.8111846286764974
0,101981_00001,Siemens,0,0.9932942390441895,3937.464111328125,1.6180447647832596
0,101982_00001,Siemens,0,0.9817706942558289,2528.266845703125,1.634952480354405
0,101983_00001,Siemens,1,0.9927109479904175,28013.58203125,1.965774934137426
0,101986_00001,Siemens,0,0.9781979322433472,2003.645263671875,1.5643063518420215
0,101987_00001,Siemens,1,0.9959771037101746,5418.8515625,1.7402094812455902
0,101988_00001,Siemens,1,0.9851861596107483,2864.251953125,1.6719575582453354
0,101989_00001,Siemens,0,0.9687971472740173,4978.9990234375,1.689810094128546
0,101992_00001,Siemens,0,0.8364209532737732,3799.0537109375,1.2819623251806642
0,101993_00001,Siemens,0,0.9904035329818726,2021.62060546875,1.550926723647324
0,101994_00001,Siemens,1,0.9890342950820923,78390.7578125,2.098475725450332
0,101996_00001,Siemens,0,0.7672541737556458,3040.823486328125,1.2240632645954865
0,101997_00001,Siemens,0,0.9328213930130005,2301.261474609375,1.4778292443943624
0,102001_00001,Siemens,0,0.9954879879951477,17889.046875,1.6935678181578426
0,102005_00001,Siemens,1,0.9925103187561035,19141.193359375,1.9159461224649832
0,102010_00001,Siemens,0,0.963711678981781,2656.85546875,1.458718106350089
0,102011_00001,Siemens,0,0.7481683492660522,2288.625732421875,1.1527861544229743
0,102012_00001,Siemens,0,0.9066531658172607,1528.3897705078125,1.3128521792626644
0,102014_00001,Siemens,0,0.45180264115333557,220.54461669921875,0.45180264115333557
0,102018_00001,Siemens,0,0.8718026280403137,3316.253662109375,1.4042750708501794
0,102020_00001,Siemens,1,0.9949396848678589,4032.131103515625,1.7298705212496666
0,102021_00001,Siemens,0,0.9285385012626648,4321.884765625,1.492508620447508
0,102022_00001,Siemens,0,0.7332608699798584,1306.187255859375,1.098387704147386
0,102023_00001,Siemens,1,0.9935368895530701,30362.953125,1.9490519609503096
0,102025_00001,Siemens,0,0.9950370192527771,10643.8271484375,1.772430583607258
0,102028_00001,Siemens,0,0.9894906878471375,4658.3583984375,1.640912367663716
0,102030_00001,Siemens,0,0.9774785041809082,4114.48095703125,1.6022442294334067
0,102031_00001,Siemens,0,0.9698140025138855,7423.46337890625,1.7142522321930271
0,102032_00001,Siemens,0,0.9913222789764404,10319.044921875,1.686558606369787
0,102033_00001,Siemens,1,0.9930423498153687,9246.1259765625,1.8251116806251888
0,102034_00001,Siemens,0,0.9906418919563293,2090.190185546875,1.6461112433067164
0,102041_00001,Siemens,1,0.9950850605964661,4760.513671875,1.7510331923286442
0,102042_00001,Siemens,0,0.9915052056312561,3531.210693359375,1.5998116251344274
0,102043_00001,Siemens,0,0.9911354780197144,7210.25927734375,1.7650105983790798
0,102045_00001,Siemens,1,0.995345413684845,11802.51171875,1.8104380783241043
0,102046_00001,Siemens,0,0.791176438331604,905.364013671875,1.158492788095078
0,102052_00001,Siemens,0,0.16871993243694305,622.4367065429688,0.16871993243694305
0,102053_00001,Siemens,1,0.9937345385551453,13387.1865234375,1.8522092284415603
0,102054_00001,Siemens,1,0.9923638105392456,35934.3359375,1.9892773238633932
0,102055_00001,Siemens,0,0.9163345098495483,2933.47021484375,1.5112780380775985
0,102059_00001,Siemens,0,0.9949592351913452,4772.0478515625,1.731702786578932
0,102060_00001,Siemens,0,0.9884026646614075,3242.74462890625,1.5639777205105563
0,102062_00001,Siemens,0,0.8625832796096802,435.8799133300781,1.1369911181572274
0,102064_00001,Siemens,0,0.9882901906967163,3014.3330078125,1.58636642462635
0,102070_00001,Siemens,0,0.9921689629554749,13256.0126953125,1.7892377346951127
0,102071_00001,Siemens,0,0.9959456324577332,2739.9755859375,1.6754091733144973
0,102074_00001,Siemens,0,0.9922444224357605,3642.19873046875,1.6810035470675848
0,102076_00001,Siemens,0,0.9869794845581055,2982.648193359375,1.6737537851974016
0,102079_00001,Siemens,1,0.9930017590522766,47689.5703125,2.03246814739272
0,102081_00001,Siemens,0,0.9803562164306641,2269.826416015625,1.5373774588438829
0,102084_00001,Siemens,1,0.9959613680839539,9633.009765625,1.8299594460148483
0,102086_00001,Siemens,0,0.8727275133132935,631.4142456054688,1.2416228037822636
0,102087_00001,Siemens,0,0.9892648458480835,5665.93115234375,1.642631125386085
0,102088_00001,Siemens,0,0.9846641421318054,4998.51416015625,1.7277395372584632
0,102089_00001,Siemens,0,0.9885140061378479,3427.968994140625,1.6411120049231092
0,102097_00001,Siemens,0,0.9874479174613953,4627.72900390625,1.5945570568381064
0,102099_00001,Siemens,0,0.9874721169471741,4662.09033203125,1.6873589279847958
0,102105_00001,Siemens,1,0.9931628704071045,12467.2958984375,1.8637699069288836
0,102107_00001,Siemens,1,0.993854820728302,23065.35546875,1.942748432040631
0,102110_00001,Siemens,0,0.9822876453399658,4616.30322265625,1.608298859816081
0,102114_00001,Siemens,0,0.9748451709747314,5984.86962890625,1.687076691298128
0,102118_00001,Siemens,1,0.9937829375267029,8488.0732421875,1.8172123253551862
0,102119_00001,Siemens,0,0.9167826771736145,4571.91259765625,1.481925427316705
0,102123_00001,Siemens,0,0.9235233068466187,4091.20361328125,1.5228544838693923
0,102126_00001,Siemens,0,0.886665940284729,2604.19287109375,1.4470586731291528
0,102127_00001,Siemens,0,0.9900636076927185,827.3513793945312,1.54310354984506
0,102129_00001,Siemens,0,0.960878312587738,2158.53662109375,1.5975928271700548
0,102130_00001,Siemens,1,0.9913222789764404,18806.599609375,1.9120472127367338
0,102139_00001,Siemens,1,0.9875444173812866,82933.1875,2.0123240901497987
0,102142_00001,Siemens,0,0.9964550733566284,23797.607421875,1.8162990246279707
0,102143_00001,Siemens,0,0.9588471055030823,17067.384765625,1.7822536236403597
0,102144_00001,Siemens,0,0.7387162446975708,787.2252807617188,1.0339505359458447
0,102146_00001,Siemens,0,0.9946980476379395,3246.74267578125,1.704097046282983
0,102151_00001,Siemens,0,0.9202179908752441,6034.5859375,1.4716721980958622
0,102152_00001,Siemens,0,0.961713969707489,3540.190673828125,1.4625074137819782
0,102153_00001,Siemens,0,0.9410611987113953,1829.1209716796875,1.5558651658120435
0,102157_00001,Siemens,0,0.980299711227417,2838.722900390625,1.5983490849884783
0,102158_00001,Siemens,0,0.9423477053642273,5657.44580078125,1.6171906464980483
0,102161_00001,Siemens,0,0.9947186708450317,3226.598388671875,1.6865516367037519
0,102162_00001,Siemens,0,0.9972584247589111,4629.84619140625,1.6391188068489242
0,102167_00001,Siemens,1,0.995685338973999,3276.7646484375,1.663675011148496
0,102168_00001,Siemens,0,0.9891605973243713,87038.734375,2.108064207682992
0,102169_00001,Siemens,0,0.778396725654602,3749.85400390625,1.2626177312862663
0,102170_00001,Siemens,0,0.9944126009941101,5971.4228515625,1.670061680168603
0,102178_00001,Siemens,0,0.974628746509552,2200.12353515625,1.505768386735903
0,102180_00001,Siemens,0,0.8875949382781982,1369.6810302734375,1.3700901829765835
0,102181_00001,Siemens,1,0.9966691136360168,2914.5986328125,1.6487888203455048
0,102183_00001,Siemens,0,0.5401621460914612,847.4304809570312,0.6657420696734809
0,102184_00001,Siemens,0,0.7248215675354004,854.6531982421875,0.9885008813001429
0,102186_00001,Siemens,0,0.7435405850410461,597.5692749023438,1.0290964937791853
0,102192_00001,Siemens,0,0.9873262047767639,4209.91259765625,1.6320665124073397
0,102193_00001,Siemens,1,0.9916841983795166,13668.291015625,1.8643958281878255
0,102199_00001,Siemens,0,0.990532636642456,100884.6796875,2.0287349796627896
0,102202_00001,Siemens,0,0.9911354780197144,1863.2843017578125,1.5819058279723033
0,102210_00001,Siemens,0,0.996249258518219,9315.3046875,1.763602405018128
0,102211_00001,Siemens,0,0.9711290597915649,3842.832275390625,1.5888515404800276
0,102213_00001,Siemens,0,0.9958093166351318,2622.370361328125,1.645855516338569
0,102214_00001,Siemens,0,0.9956769347190857,3717.20654296875,1.7197664534619328
0,102216_00001,Siemens,1,0.9927951693534851,25027.388671875,1.9518463196489204
0,102220_00001,Siemens,0,0.9913892149925232,16724.095703125,1.8782545820467245
0,102221_00001,Siemens,0,0.9917803406715393,17824.21484375,1.802693350862053
1,100000_00001,Toshiba,0,0.782163679599762,1111.3463134765625,1.0526020431949725
1,100002_00001,Toshiba,1,0.988244891166687,49711.51953125,1.9978180979949614
1,100003_00001,Toshiba,1,0.9871044158935547,14314.3505859375,1.8708378728058068
1,100005_00001,Toshiba,1,0.9911182522773743,8629.443359375,1.7589590858414967
1,100008_00001,Toshiba,0,0.9419218301773071,4536.966796875,1.5295097457623579
1,100010_00001,Toshiba,0,0.9761518836021423,3833.944091796875,1.5726862856322326
1,100013_00001,Toshiba,0,0.9728566408157349,8464.3271484375,1.599641740844011
1,100014_00001,Toshiba,0,0.8268516063690186,562.03466796875,1.1759584835923322
1,100016_00001,Toshiba,1,0.9701834917068481,8459.0390625,1.721278713366823
1,100018_00001,Toshiba,0,0.916857123374939,2385.89990234375,1.4196488598491406
1,100022_00001,Toshiba,0,0.9886682629585266,2897.553466796875,1.5887086761010154
1,100025_00001,Toshiba,0,0.9866490960121155,4838.14501953125,1.695354889515013
1,100026_00001,Toshiba,0,0.9511421918869019,888.9510498046875,1.4354724535223229
1,100028_00001,Toshiba,1,0.9888849258422852,7134.287109375,1.7904297003019072
1,100029_00001,Toshiba,0,0.9833109378814697,14376.0068359375,1.679083587554449
1,100030_00001,Toshiba,1,0.9833749532699585,146472.359375,2.1303527762990626
1,100039_00001,Toshiba,0,0.9872527718544006,9331.8076171875,1.6503904655865365
1,100044_00001,Toshiba,0,0.9753665924072266,8579.3076171875,1.7468262006680837
1,100045_00001,Toshiba,0,0.9917803406715393,1555.8453369140625,1.5478784794288047
1,100046_00001,Toshiba,0,0.9081302285194397,24565.26953125,1.6023084845384135
1,100047_00003,Toshiba,0,0.987375020980835,3489.558837890625,1.6010671081703072
1,100047_00005,Toshiba,0,0.9584988951683044,3273.1826171875,1.5549763077054488
1,100049_00001,Toshiba,0,0.9787736535072327,2138.04833984375,1.5301143831237773
1,100050_00001,Toshiba,1,0.9916033148765564,7553.5263671875,1.7189498634550047
1,100053_00001,Toshiba,0,0.9840323328971863,6853.5556640625,1.7418649221123998
1,100055_00001,Toshiba,0,0.9603983759880066,2319.320556640625,1.4584967241631814
1,100059_00001,Toshiba,0,0.9875203371047974,8832.69140625,1.6727126814809379
1,100060_00001,Toshiba,1,0.9841545820236206,25299.484375,1.7652818383872717
1,100064_00001,Toshiba,0,0.9818056225776672,858.4652099609375,1.459362130504201
1,100066_00001,Toshiba,0,0.964821994304657,9791.5751953125,1.5987037161179931
1,100070_00001,Toshiba,0,0.9899476170539856,6575.87255859375,1.7025649564080128
1,100071_00001,Toshiba,0,0.9923043847084045,24420.4765625,1.9011734440633898
1,100072_00001,Toshiba,0,0.9860174059867859,21227.294921875,1.8951067729335778
1,100075_00001,Toshiba,0,0.9893680214881897,9376.771484375,1.7814656463994916
1,100077_00001,Toshiba,0,0.9810037016868591,10398.71484375,1.7062907603657007
1,100078_00001,Toshiba,0,0.9655764698982239,1460.0205078125,1.521521042377881
1,100079_00001,Toshiba,0,0.878679096698761,653.2301025390625,1.3056172157067054
1,100087_00001,Toshiba,0,0.9469902515411377,2467.403564453125,1.448838110843591
1,100091_00001,Toshiba,1,0.9920157194137573,34031.40625,1.917148088926878
1,100095_00001,Toshiba,0,0.9828891754150391,5011.65234375,1.6836565704305715
1,100097_00001,Toshiba,0,0.9885804057121277,1704.575439453125,1.6114988049954941
1,100098_00001,Toshiba,0,0.9834068417549133,6783.10791015625,1.7136238360934692
1,100101_00001,Toshiba,1,0.9666946530342102,8058.591796875,1.6244149900203213
1,100103_00001,Toshiba,0,0.8692712783813477,9748.1796875,1.3783429683655812
1,100104_00001,Toshiba,0,0.9459012746810913,13830.1630859375,1.7209784884032227
1,100109_00001,Toshiba,0,0.9846346974372864,18464.654296875,1.8874047677834684
1,100115_00001,Toshiba,0,0.9857729077339172,3930.081298828125,1.5838240628759512
1,100119_00001,Toshiba,0,0.3324187397956848,4199.9140625,0.3324187397956848
1,100127_00001,Toshiba,1,0.991455614566803,93735.140625,2.022739427098819
1,100135_00001,Toshiba,1,0.9910492897033691,7771.9140625,1.7962667869907436
1,100137_00001,Toshiba,0,0.9391365647315979,635.1321411132812,1.340498417254321
1,100141_00001,Toshiba,0,0.9909971952438354,4663.876953125,1.682979258804222
1,100152_00001,Toshiba,0,0.9892232418060303,71857.8203125,1.9873555458346364
1,100154_00001,Toshiba,0,0.9851289987564087,19278.671875,1.8613725810423498
1,100158_00001,Toshiba,0,0.9722570776939392,1243.5352783203125,1.4302686853270892
1,100169_00001,Toshiba,0,0.9551102519035339,1551.5806884765625,1.497435420426164
1,100172_00001,Toshiba,0,0.9828562140464783,4337.89111328125,1.643373453164298
1,100181_00001,Toshiba,0,0.9870045781135559,4438.6484375,1.6508506510494851
1,100182_00001,Toshiba,0,0.9852429628372192,10680.380859375,1.8098707962543041
1,100184_00001,Toshiba,0,0.98973149061203,13542.1884765625,1.8275762922234116
1,100185_00001,Toshiba,0,0.9748929738998413,912.7084350585938,1.5261492538008485
1,100190_00001,Toshiba,0,0.9790958166122437,5249.06201171875,1.7133010784053164
1,100191_00001,Toshiba,0,0.814643383026123,219.70924377441406,1.0954573223846211
1,100192_00001,Toshiba,0,0.9735190272331238,3124.94921875,1.5960745724261989
1,100193_00001,Toshiba,0,0.9856076240539551,23710.55078125,1.8077682057035729
1,100197_00001,Toshiba,1,0.9900828003883362,12910.283203125,1.8136411377065635
1,100200_00001,Toshiba,1,0.9897909760475159,10130.845703125,1.7768772424870842
1,100207_00001,Toshiba,0,0.9937950372695923,3169.63134765625,1.6861235471073734
1,100209_00001,Toshiba,0,0.978405237197876,4870.02685546875,1.582432890122374
1,100214_00001,Toshiba,0,0.9519079327583313,6203.87255859375,1.6066177212623611
1,100215_00001,Toshiba,0,0.7288930416107178,787.1018676757812,0.9305394251063833
1,100218_00001,Toshiba,0,0.5291265249252319,1827.4156494140625,0.620848608554219
1,100224_00001,Toshiba,0,0.9851289987564087,1141.250732421875,1.5513108378924434
1,100232_00001,Toshiba,0,0.9689738154411316,2959.203369140625,1.549825976553728
1,100233_00001,Toshiba,0,0.9880849719047546,3817.78466796875,1.607915674125978
1,100235_00001,Toshiba,1,0.9851861596107483,108433.421875,2.13657080271003
1,100241_00001,Toshiba,0,0.9811487793922424,6475.3193359375,1.6986195594821998
1,100244_00001,Toshiba,1,0.9883578419685364,49097.3203125,2.0314817593055854
1,100253_00001,Toshiba,0,0.9753665924072266,2108.28955078125,1.5484172680967725
1,100259_00001,Toshiba,1,0.9937345385551453,6904.837890625,1.7107572102826845
1,100260_00001,Toshiba,0,0.9231777787208557,9332.73046875,1.6334992795608474
1,100263_00001,Toshiba,0,0.9519526958465576,535.0592041015625,1.4104427419904964
1,100265_00001,Toshiba,1,0.9862311482429504,3435.647216796875,1.5994390482825254
1,100269_00001,Toshiba,0,0.9325147271156311,1504.0860595703125,1.3742128933531024
1,100276_00001,Toshiba,1,0.9317114353179932,1494.4822998046875,1.43019131282611
1,100279_00001,Toshiba,0,0.9805434346199036,56628.546875,2.0368977941526625
1,100281_00001,Toshiba,0,0.988646388053894,46908.9140625,1.923981718085149
1,100283_00001,Toshiba,0,0.9914886951446533,31177.794921875,1.8953417437904072
1,100284_00001,Toshiba,0,0.9611344933509827,5922.1806640625,1.5870533149667396
1,100290_00001,Toshiba,1,0.9867516756057739,7415.28173828125,1.7651654572196724
1,100294_00001,Toshiba,0,0.4082620143890381,2046.972900390625,0.4082620143890381
1,100298_00001,Toshiba,0,0.9929881691932678,4931.328125,1.6319739605470303
1,100303_00001,Toshiba,0,0.9922294020652771,16996.548828125,1.7657221430842875
1,100306_00001,Toshiba,0,0.9898107051849365,14912.0185546875,1.8205588229793719
1,100311_00001,Toshiba,0,0.9898107051849365,10097.0048828125,1.8116740907449815
1,100316_00001,Toshiba,1,0.9897513389587402,29899.068359375,1.9685140983331972
1,100317_00001,Toshiba,0,0.9817181825637817,938.2557983398438,1.52444592011641
1,100320_00001,Toshiba,0,0.9685006141662598,7858.7255859375,1.6613457063023134
1,100321_00001,Toshiba,0,0.972933828830719,6292.201171875,1.571829060888543
1,100327_00001,Toshiba,0,0.7772153615951538,1795.537353515625,1.2138163982280479
1,100330_00001,Toshiba,0,0.9228308200836182,12571.05078125,1.5074945089650968
1,100334_00001,Toshiba,0,0.9860442876815796,8710.892578125,1.6510686590528865
1,100336_00001,Toshiba,0,0.9788343906402588,6721.62158203125,1.6798065215240396
1,100338_00001,Toshiba,0,0.9884250164031982,7219.2880859375,1.698331941961079
1,100341_00001,Toshiba,0,0.9893062710762024,18648.544921875,1.815280373416677
1,100348_00001,Toshiba,0,0.43889039754867554,335.9724426269531,0.43889039754867554
1,100351_00001,Toshiba,1,0.9910320043563843,4165.09912109375,1.723104995176046
1,100354_00001,Toshiba,0,0.9774571061134338,744.62158203125,1.5072962205184315
1,100356_00001,Toshiba,1,0.9912716746330261,5487.95654296875,1.7324150860407126
1,100358_00001,Toshiba,0,0.9807657599449158,4787.83935546875,1.6170664498593488
1,100361_00001,Toshiba,0,0.8749346137046814,584.1703491210938,1.2065269965591454
1,100366_00001,Toshiba,0,0.9868786931037903,11110.947265625,1.6941240259469903
1,100371_00001,Toshiba,0,0.9858003854751587,2945.344482421875,1.6321160386010778
1,100375_00001,Toshiba,0,0.8945133090019226,2348.805419921875,1.4115711686818626
1,100378_00001,Toshiba,0,0.9927812218666077,4287.22900390625,1.730264588781354
1,100380_00001,Toshiba,0,0.9921537041664124,14012.728515625,1.7486073734172782
1,100387_00001,Toshiba,0,0.9711838364601135,13706.67578125,1.685106306247805
1,100389_00001,Toshiba,0,0.980205237865448,7508.1943359375,1.629355102517303
1,100392_00001,Toshiba,0,0.9492946267127991,388.8119812011719,1.2860245610148855
1,100399_00001,Toshiba,0,0.9878761768341064,14992.6953125,1.8520126639498347
1,100400_00001,Toshiba,0,0.9899671077728271,1005.8307495117188,1.5327062996814482
1,100402_00001,Toshiba,1,0.9939963817596436,10647.181640625,1.735995611646864
1,100404_00001,Toshiba,1,0.8067765235900879,2016.062744140625,1.0645480051029754
1,100409_00001,Toshiba,1,0.9912039041519165,31174.939453125,1.9646007820823557
1,100416_00001,Toshiba,1,0.9649543762207031,1561.963134765625,1.4204004439762226
1,100417_00001,Toshiba,0,0.9909971952438354,3185.143798828125,1.6846001209611816
1,100417_00002,Toshiba,0,0.9826410412788391,4301.22314453125,1.6813276106278734
1,100419_00001,Toshiba,1,0.9877586960792542,11049.412109375,1.8389405623912856
1,100427_00001,Toshiba,1,0.9884026646614075,5541.97216796875,1.6514566526145802
1,100432_00001,Toshiba,0,0.9827572107315063,223886.625,2.1617569477649616
1,100433_00001,Toshiba,0,0.9794721603393555,145390.1875,2.10190015640611
1,100434_00001,Toshiba,0,0.977521538734436,3252.313232421875,1.508900745272661
1,100435_00001,Toshiba,1,0.9889705181121826,10871.38671875,1.753866544326471
1,100437_00001,Toshiba,0,0.9796676635742188,84176.328125,2.091798391101654
1,100440_00001,Toshiba,1,0.9841545820236206,29898.724609375,1.9593557971688695
1,100446_00001,Toshiba,0,0.3673553764820099,949.9884643554688,0.3673553764820099
1,100456_00001,Toshiba,0,0.40289124846458435,276.5087890625,0.40289124846458435
1,100456_00002,Toshiba,0,0.97334223985672,3246.43359375,1.5861025966653313
1,100457_00001,Toshiba,0,0.9866748452186584,23039.763671875,1.8866903192820297
1,100459_00001,Toshiba,0,0.9761745929718018,26517.060546875,1.8896308561563082
1,100460_00001,Toshiba,0,0.9361100196838379,1642.916015625,1.4622129649754683
1,100461_00001,Toshiba,0,0.9646226167678833,3447.30810546875,1.5771566062866151
1,100466_00001,Toshiba,0,0.8082943558692932,1446.5185546875,1.2213968722107484
1,100468_00001,Toshiba,0,0.4509637951850891,362.5919189453125,0.4509637951850891
1,100469_00001,Toshiba,0,0.9726754426956177,3352.71484375,1.6011824665333114
1,100470_00001,Toshiba,0,0.9759693741798401,2484.3076171875,1.5589084477824384
1,100471_00001,Toshiba,0,0.9571978449821472,1711.10986328125,1.4637899797913052
1,100475_00001,Toshiba,0,0.9627432227134705,33405.15625,1.7027160893366258
1,100476_00001,Toshiba,0,0.981979250907898,7424.87158203125,1.7315407291747031
1,100478_00001,Toshiba,0,0.9928508996963501,4278.107421875,1.7318203559961989
1,100481_00001,Toshiba,0,0.9156582355499268,975.431396484375,1.3679174412275397
1,100483_00001,Toshiba,0,0.9778622388839722,38310.5546875,1.9539747692509808
1,100484_00001,Toshiba,0,0.9655115008354187,1074.284912109375,1.447627201585356
1,100486_00001,Toshiba,0,0.8710915446281433,1060.88671875,1.2994237531393071
1,100487_00001,Toshiba,0,0.8322367072105408,1127.915771484375,1.212834167328192
1,100490_00001,Toshiba,0,0.9829219579696655,14329.8212890625,1.6922876094898065
1,100491_00001,Toshiba,0,0.9755768775939941,86293.8046875,2.0670429320064763
1,100493_00001,Toshiba,0,0.9635748267173767,5588.65673828125,1.6781989107936428
1,100495_00001,Toshiba,0,0.3759641945362091,243.43447875976562,0.3759641945362091
1,100496_00001,Toshiba,1,0.9596109390258789,4915.13525390625,1.635941778816478
1,100497_00001,Toshiba,0,0.9779677391052246,3229.6025390625,1.6055342892190971
1,100499_00001,Toshiba,0,0.9916195869445801,1822.6715087890625,1.6222414709881727
1,100502_00001,Toshiba,0,0.9925537705421448,4712.048828125,1.7308901554596305
1,100504_00001,Toshiba,0,0.8591918349266052,1836.7374267578125,1.374554074224588
1,100508_00001,Toshiba,1,0.9908919930458069,4544.39794921875,1.7292218300782336
1,100509_00001,Toshiba,0,0.9387446641921997,37919.67578125,1.7275437796129045
1,100510_00001,Toshiba,0,0.4510015845298767,283.12310791015625,0.4510015845298767
1,100515_00001,Toshiba,1,0.9671940207481384,28827.41015625,1.826208999888367
1,100516_00001,Toshiba,0,0.9895311594009399,19833.185546875,1.7791758273387182
1,100517_00001,Toshiba,0,0.9727531671524048,3306.822998046875,1.5219143641891875
1,100519_00001,Toshiba,0,0.9763104915618896,5459.81640625,1.4973524481776945
1,100522_00001,Toshiba,0,0.9897712469100952,6299.02294921875,1.7193879025198606
1,100523_00001,Toshiba,0,0.9814534187316895,52361.1953125,1.8685589280777222
1,100525_00001,Toshiba,0,0.8611299395561218,1681.7152099609375,1.307246360555191
1,100527_00001,Toshiba,0,0.960546612739563,5266.564453125,1.6261799302544515
1,100529_00001,Toshiba,0,0.9937100410461426,4208.72216796875,1.6916286256909738
1,100532_00001,Toshiba,0,0.9906418919563293,4069.6484375,1.6932125164811795
1,100533_00001,Toshiba,1,0.9856076240539551,48530.25390625,2.006609726730742
1,100535_00001,Toshiba,0,0.9720721244812012,4006.425048828125,1.579487513329948
1,100538_00001,Toshiba,0,0.9901782274246216,6466.89208984375,1.7668772410140796
1,100545_00001,Toshiba,1,0.9328826069831848,2273.5419921875,1.5139862382005131
1,100556_00001,Toshiba,0,0.9791557192802429,1893.913818359375,1.576035893376016
1,100561_00001,Toshiba,0,0.9453993439674377,1818.25146484375,1.498755802341905
1,100564_00001,Toshiba,1,0.8356177806854248,2216.947509765625,1.3390592884913102
1,100566_00001,Toshiba,0,0.9909622073173523,4006.5537109375,1.7151522267539296
1,100567_00001,Toshiba,0,0.9417614340782166,2472.10693359375,1.4908861133997462
1,100568_00001,Toshiba,0,0.9799956679344177,3006.143310546875,1.6147198901524955
1,100569_00001,Toshiba,0,0.9909622073173523,1156.203369140625,1.5462113522345469
1,100570_00001,Toshiba,0,0.9908213019371033,3899.3994140625,1.6574804788418067
1,100574_00001,Toshiba,1,0.9942697286605835,9473.8271484375,1.759842452855353
1,100576_00001,Toshiba,1,0.9884026646614075,7903.44482421875,1.7935277436309371
1,100578_00001,Toshiba,0,0.9885804057121277,15696.9609375,1.7976208246093615
1,100580_00001,Toshiba,0,0.6520752906799316,1348.923095703125,0.9613735964746334
1,100584_00001,Toshiba,0,0.9871044158935547,374875.84375,2.239755164392123
1,100586_00001,Toshiba,0,0.973569393157959,3162.783447265625,1.584387243807014
1,100592_00001,Toshiba,0,0.9882901906967163,11442.4208984375,1.767090477039527
1,100595_00001,Toshiba,0,0.9926398992538452,3850.0302734375,1.581904941678808
1,100598_00001,Toshiba,0,0.9854404330253601,120659.671875,2.153995429338163
1,100606_00001,Toshiba,0,0.9810945987701416,2920.962646484375,1.589900378303032
1,100607_00001,Toshiba,0,0.42826327681541443,5910.84765625,0.42826327681541443
1,100610_00001,Toshiba,0,0.9906960725784302,6221.18212890625,1.7060657415503475
1,100614_00001,Toshiba,0,0.924210250377655,2623.714111328125,1.4665176677839908
1,100615_00001,Toshiba,0,0.9502266049385071,13391.224609375,1.6651685818561943
1,100616_00001,Toshiba,1,0.9922744631767273,22388.490234375,1.935509580844882
1,100621_00001,Toshiba,0,0.3718206584453583,1087.9517822265625,0.3718206584453583
1,100626_00001,Toshiba,0,0.9227612018585205,20516.306640625,1.6366800603617242
1,100627_00001,Toshiba,0,0.981788158416748,5221.0205078125,1.7267685617999344
1,100632_00001,Toshiba,0,0.9814534187316895,4681.583984375,1.6005782737002483
1,100634_00001,Toshiba,1,0.9878058433532715,17982.380859375,1.8165592640921115
1,100635_00001,Toshiba,0,0.9740425944328308,1141.2218017578125,1.4708474759706085
1,100637_00001,Toshiba,0,0.9924813508987427,60190.3359375,2.0036094520084053
1,100639_00001,Toshiba,0,0.9222726225852966,2495.148193359375,1.3674637993806158
1,100640_00001,Toshiba,0,0.8563924431800842,903.74462890625,1.264330940610789
1,100643_00001,Toshiba,0,0.9898695349693298,48235.3359375,1.8573936155214539
1,100644_00001,Toshiba,0,0.9822537302970886,5034.05615234375,1.6879361899453798
1,100653_00001,Toshiba,0,0.9075583219528198,5329.1357421875,1.51369057723916
1,100656_00001,Toshiba,0,0.20434190332889557,105.27513885498047,0.20434190332889557
1,100663_00001,Toshiba,0,0.975923478603363,8806.40234375,1.7187132692943647
1,100678_00001,Toshiba,0,0.9901782274246216,2576.286865234375,1.548278158207666
1,100680_00001,Toshiba,0,0.9878996014595032,2325.120361328125,1.5881597550724038
1,100681_00001,Toshiba,0,0.833256721496582,264.1595764160156,1.1356583930332669
1,100683_00001,Toshiba,0,0.8896726965904236,2508.12646484375,1.367986603046667
1,100691_00001,Toshiba,1,0.9605096578598022,9572.1123046875,1.7383760006754498
1,100695_00001,Toshiba,1,0.9913222789764404,37713.4375,1.8676648897097199
1,100702_00001,Toshiba,0,0.9437118172645569,6773.96728515625,1.4185629813187228
1,100707_00001,Toshiba,0,0.5512415766716003,3820.37353515625,0.7644766367962056
1,100709_00001,Toshiba,1,0.9904221296310425,37688.90625,1.802494429181912
1,100710_00001,Toshiba,0,0.9568363428115845,696.7164306640625,1.4534542759944762
1,100711_00001,Toshiba,1,0.9903476238250732,41898.671875,2.01485852972725
1,100712_00001,Toshiba,1,0.9904221296310425,3321.49462890625,1.6304323064269917
1,100723_00001,Toshiba,0,0.992061972618103,7855.138671875,1.7733881533603613
1,100725_00001,Toshiba,1,0.9869040250778198,64262.5078125,2.064507496589876
1,100729_00001,Toshiba,0,0.9741166234016418,4727.9912109375,1.653447662292385
1,100731_00001,Toshiba,0,0.9720985889434814,11530.2724609375,1.756133329531572
1,100737_00001,Toshiba,0,0.8693267703056335,1083.28955078125,1.333997762370129
1,100743_00001,Toshiba,1,0.9905691146850586,7674.490234375,1.7974274428163317
1,100746_00001,Toshiba,0,0.08961381763219833,329.496337890625,0.08961381763219833
1,100747_00001,Toshiba,1,0.9908744096755981,6371.7138671875,1.7783272998392436
1,100748_00001,Toshiba,0,0.9892855286598206,11658.15234375,1.8475379880640879
1,100749_00001,Toshiba,0,0.9860442876815796,22146.130859375,1.829876629066367
1,100760_00001,Toshiba,0,0.9150528311729431,623.4099731445312,1.264523293248869
1,100763_00001,Toshiba,0,0.9391923546791077,7513.6513671875,1.6326998552396939
1,100766_00001,Toshiba,0,0.9806919097900391,116111.8203125,2.1310179586925115
1,100769_00001,Toshiba,0,0.9178197383880615,2101.83154296875,1.3247143091351334
1,100774_00001,Toshiba,0,0.9922594428062439,1650.6029052734375,1.5929130926067725
1,100779_00001,Toshiba,0,0.937210738658905,1444.04248046875,1.4210992320148828
1,100781_00001,Toshiba,0,0.9805247783660889,5359.1943359375,1.6580110751137531
1,100783_00001,Toshiba,0,0.9801673293113708,1963.039794921875,1.5193861607432773
1,100787_00001,Toshiba,0,0.9853842854499817,7322.71533203125,1.7268295918086711
1,100788_00001,Toshiba,0,0.9628131985664368,1626.2808837890625,1.4888144373530778
1,100803_00001,Toshiba,1,0.9797453284263611,55569.3203125,2.031632324249868
1,100805_00001,Toshiba,0,0.9793343544006348,7918.017578125,1.6696779705863525
1,100808_00001,Toshiba,0,0.961243748664856,1951.3951416015625,1.5028329286755169
1,100810_00001,Toshiba,0,0.980205237865448,14018.37890625,1.7581996469493517
1,100812_00001,Toshiba,0,0.975669801235199,7913.08349609375,1.6578081813684096
1,100813_00001,Toshiba,0,0.981788158416748,7241.46484375,1.564701229902696
1,100815_00001,Toshiba,1,0.9898107051849365,16526.662109375,1.7725435474135842
1,100817_00001,Toshiba,0,0.9561454057693481,2555.318115234375,1.478923195729331
1,100822_00001,Toshiba,1,0.9896118640899658,23214.361328125,1.9212072485125726
1,100825_00001,Toshiba,1,0.987616240978241,40153.4921875,1.996135139983214
1,100827_00001,Toshiba,0,0.9886244535446167,100716.234375,2.03454931801061
1,100830_00001,Toshiba,0,0.9796091914176941,2296.92236328125,1.4800651729785186
1,100834_00001,Toshiba,0,0.9048188328742981,1774.1221923828125,1.4627315719083616
1,100835_00001,Toshiba,0,0.9291837811470032,289.4541931152344,1.2935722480803498
1,100836_00001,Toshiba,0,0.9547740817070007,1393.2451171875,1.4609121082217478
1,100838_00001,Toshiba,0,0.9546051621437073,4623.13427734375,1.4286081926975136
1,100846_00001,Toshiba,0,0.9899863600730896,5378.08447265625,1.6647468746458691
1,100848_00001,Toshiba,0,0.9505488872528076,3350.72412109375,1.518574322653174
1,100854_00001,Toshiba,0,0.9238675236701965,1622.7852783203125,1.3792840424055715
1,100857_00001,Toshiba,0,0.8465777039527893,17890.546875,1.5393185095003064
1,100859_00001,Toshiba,0,0.986415684223175,723.8318481445312,1.5070871141514428
1,100861_00001,Toshiba,0,0.9910492897033691,28423.58984375,1.8469768628273502
1,100864_00001,Toshiba,0,0.992046594619751,2563.7080078125,1.6755306751820698
1,100865_00001,Toshiba,0,0.9762200117111206,2874.492919921875,1.609215058399485
1,100869_00001,Toshiba,0,0.9928508996963501,15750.279296875,1.7789707506051682
1,100870_00001,Toshiba,0,0.9925249218940735,4718.57275390625,1.7082933045926372
1,100881_00001,Toshiba,0,0.9903102517127991,46435.51171875,1.962619054304816
1,100882_00001,Toshiba,1,0.9939261078834534,2487.208984375,1.5644722626671324
1,100883_00001,Toshiba,0,0.9921841025352478,3705.300048828125,1.60017030802172
1,100884_00001,Toshiba,1,0.9889278411865234,11429.701171875,1.8262644710453537
1,100886_00001,Toshiba,0,0.9279531240463257,3401.132568359375,1.4586726428874288
1,100887_00001,Toshiba,0,0.7936662435531616,578.3527221679688,0.9999568068436195
1,100889_00001,Toshiba,0,0.9711838364601135,10257.1787109375,1.570327960776097
1,100890_00001,Toshiba,0,0.8675976395606995,4943.79052734375,1.2819840257732602
1,100891_00001,Toshiba,0,0.8544600605964661,4888.2822265625,1.4498597097137484
1,100909_00001,Toshiba,0,0.887546181678772,2268.537109375,1.4509546239244875
1,100910_00001,Toshiba,0,0.9833109378814697,10855.41796875,1.8280042928134863
1,100917_00001,Toshiba,0,0.9820998907089233,20615.57421875,1.7400456978279006
1,100920_00001,Toshiba,0,0.6171377897262573,1007.3715209960938,0.7999482256195988
1,100921_00001,Toshiba,0,0.967563807964325,2556.1318359375,1.6113958218879572
1,100925_00001,Toshiba,0,0.9938787817955017,4060.07763671875,1.6238740566123142
1,100928_00001,Toshiba,1,0.9920772910118103,17156.54296875,1.8917649924758593
1,100929_00001,Toshiba,0,0.9909096360206604,5861.39892578125,1.6865145177247138
1,100936_00001,Toshiba,1,0.9851576089859009,187584.203125,2.2154948054487447
1,100937_00001,Toshiba,0,0.9924374222755432,8891.0654296875,1.8066604638407613
1,100938_00001,Toshiba,0,0.9770883321762085,13015.470703125,1.8044367309076785
1,100944_00001,Toshiba,0,0.9356411695480347,3045.956298828125,1.495287319788191
1,100949_00001,Toshiba,0,0.991859495639801,2597.10791015625,1.6591187531854525
1,100953_00001,Toshiba,0,0.8535469174385071,2209.4931640625,1.1639348736981265
1,100954_00001,Toshiba,0,0.7543725967407227,17488.65625,1.1021499998952276
1,100955_00001,Toshiba,0,0.9275604486465454,1210.7388916015625,1.3675293899468686
1,100956_00001,Toshiba,1,0.9874479174613953,63702.875,2.0539442897809264
1,100959_00001,Toshiba,1,0.9885804057121277,44667.4921875,1.8770457490045531
1,100961_00001,Toshiba,0,0.9881993532180786,2327.920654296875,1.5827598500990088
1,100972_00001,Toshiba,0,0.9796676635742188,89430.1015625,2.0657422732930613
1,100978_00001,Toshiba,1,0.9880620241165161,15306.30078125,1.8795893147444747
1,100979_00001,Toshiba,0,0.9889063835144043,1564.42724609375,1.5462077921457116
1,100992_00001,Toshiba,0,0.9823724627494812,1197.124267578125,1.4715442731952344
1,100993_00001,Toshiba,0,0.9785903096199036,2894.7900390625,1.6521224193276711
1,100997_00001,Toshiba,0,0.9825071692466736,1792.4368896484375,1.5617450834826911
1,101007_00001,Toshiba,1,0.9853842854499817,41425.9609375,2.004602756351822
1,101009_00001,Toshiba,0,0.6890964508056641,998.1451416015625,0.9251636323682733
1,101011_00001,Toshiba,0,0.879871129989624,810.4567260742188,1.3388719921746253
1,101012_00001,Toshiba,0,0.9642205834388733,1613.9080810546875,1.4974105803349549
1,101016_00001,Toshiba,0,0.9926683902740479,24425.97265625,1.8691333925051856
1,101034_00001,Toshiba,0,0.9881537556648254,3151.813232421875,1.6856872942642829
1,101039_00001,Toshiba,0,0.9811487793922424,7035.89306640625,1.7296098275066936
1,101041_00001,Toshiba,0,0.9836598634719849,7279.67138671875,1.7054919196514444
1,101042_00001,Toshiba,0,0.9614253044128418,2677.00341796875,1.425722079989965
1,101047_00001,Toshiba,0,0.9841241240501404,4419.19970703125,1.5935076850757341
1,101050_00001,Toshiba,1,0.988244891166687,66338.9453125,2.074061328440792
1,101051_00001,Toshiba,0,0.9895715713500977,1633.3046875,1.5517074667204729
1,101054_00001,Toshiba,1,0.956063449382782,1128.593505859375,1.5029675361676094
1,101055_00001,Toshiba,0,0.9609517455101013,2466.474853515625,1.5260100540710606
1,101059_00001,Toshiba,0,0.9577940106391907,1234.5765380859375,1.387974489806538
1,101065_00001,Toshiba,0,0.9811487793922424,19453.251953125,1.842801938226459
1,101069_00001,Toshiba,0,0.9889918565750122,12071.912109375,1.851866109511857
1,101072_00001,Toshiba,0,0.9819446802139282,46078.4453125,1.775848202906798
1,101075_00001,Toshiba,0,0.9412774443626404,3136.71240234375,1.3711633930253742
1,101077_00001,Toshiba,0,0.9880388379096985,7768.44921875,1.6507115640586616
1,101089_00001,Toshiba,0,0.9740672707557678,1983.5262451171875,1.5629316750298312
1,101090_00001,Toshiba,0,0.9758776426315308,2155.7802734375,1.5982605813480686
1,101093_00001,Toshiba,1,0.6799761652946472,839.2691040039062,0.9693241532630273
1,101098_00001,Toshiba,0,0.9873018264770508,3551.2509765625,1.6652254171873881
1,101100_00001,Toshiba,0,0.9848983883857727,3590.477783203125,1.597654070189581
1,101101_00001,Toshiba,1,0.9852429628372192,92338.5390625,1.8143533353098065
1,101102_00001,Toshiba,1,0.9867772459983826,13887.9794921875,1.8646025393516485
1,101106_00001,Toshiba,1,0.9834068417549133,4401.28466796875,1.647682693343592
1,101108_00001,Toshiba,0,0.9925103187561035,9029.5478515625,1.7845323522547256
1,101109_00001,Toshiba,0,0.9937222599983215,11492.09375,1.6954500526341802
1,101110_00001,Toshiba,0,0.9523531198501587,6916.0673828125,1.6078270190844512
1,101112_00001,Toshiba,1,0.985042929649353,22202.091796875,1.9148370238266872
1,101113_00001,Toshiba,0,0.5953161120414734,1082.29248046875,0.7649719906199314
1,101114_00001,Toshiba,0,0.978569746017456,2322.399658203125,1.617992775442357
1,101119_00001,Toshiba,0,0.9215696454048157,530.6510620117188,1.3195482076669338
1,101122_00001,Toshiba,1,0.9903102517127991,7407.49755859375,1.7565118845524723
1,101136_00001,Toshiba,0,0.9450454711914062,1630.873046875,1.4635716872934228
1,101137_00001,Toshiba,1,0.991455614566803,8311.2578125,1.8102120100013843
1,101146_00001,Toshiba,0,0.9882221817970276,7574.40771484375,1.7059470559514973
1,101150_00001,Toshiba,0,0.9934738278388977,15243.0048828125,1.7978886968855041
1,101152_00001,Toshiba,0,0.8061668872833252,881.9529418945312,1.0648436521951106
1,101157_00001,Toshiba,0,0.4131515622138977,113.75466918945312,0.4131515622138977
1,101158_00001,Toshiba,0,0.9947084188461304,2854.078857421875,1.6194861827703577
1,101161_00001,Toshiba,1,0.9919691681861877,5976.03515625,1.7216290273305968
1,101165_00001,Toshiba,0,0.9820998907089233,6094.78662109375,1.645302146649519
1,101166_00001,Toshiba,0,0.9860979318618774,1725.9044189453125,1.553745007600517
1,101167_00001,Toshiba,0,0.7585999965667725,7049.6875,1.2539338367308563
1,101170_00001,Toshiba,0,0.9903102517127991,5822.68017578125,1.581439115228644
1,101173_00001,Toshiba,1,0.9687085151672363,3648.4677734375,1.6334790091944236
1,101177_00001,Toshiba,0,0.9691494703292847,3794.908935546875,1.5291316242752349
1,101186_00001,Toshiba,0,0.9596109390258789,1696.740234375,1.4819850967998773
1,101188_00001,Toshiba,1,0.9841545820236206,2680.142333984375,1.6557994135119551
1,101190_00001,Toshiba,0,0.9600626826286316,1910.298828125,1.5640497147948678
1,101191_00001,Toshiba,0,0.9773275852203369,1547.71142578125,1.5384592841796636
1,101193_00001,Toshiba,0,0.9886024594306946,3471.139404296875,1.6125866790719945
1,101202_00001,Toshiba,0,0.9888203740119934,2616.201171875,1.6571840165351908
1,101203_00001,Toshiba,1,0.9442282915115356,11853.021484375,1.574411016762888
1,101205_00001,Toshiba,1,0.9904035329818726,14576.1005859375,1.7698009336141702
1,101206_00001,Toshiba,0,0.9838781356811523,1725.3292236328125,1.5440997852810385
1,101226_00001,Toshiba,0,0.938856840133667,1480.0703125,1.4606262453287648
1,101227_00001,Toshiba,1,0.9934357404708862,3048.1572265625,1.6946603313181934
1,101230_00001,Toshiba,0,0.6607746481895447,876.6444091796875,0.8691112291125266
1,101231_00001,Toshiba,0,0.91359943151474,3887.137939453125,1.3128174570387685
1,101232_00001,Toshiba,1,0.9934991598129272,15397.978515625,1.717507169609239
1,101233_00001,Toshiba,0,0.5811842083930969,898.5153198242188,0.7239991500112333
1,101237_00001,Toshiba,0,0.990044355392456,10085.333984375,1.7873973919890784
1,101238_00001,Toshiba,1,0.9905142784118652,16718.103515625,1.895527682593408
1,101248_00001,Toshiba,0,0.9477207660675049,5209.04150390625,1.5745841179445927
1,101252_00001,Toshiba,0,0.9774138927459717,43509.421875,1.9829778131144906
1,101261_00001,Toshiba,1,0.9919067621231079,2000.4423828125,1.64690866081702
1,101263_00001,Toshiba,0,0.8482193946838379,420.4934387207031,1.218158654185865
1,101265_00001,Toshiba,0,0.9669452905654907,1952.7337646484375,1.5158715956097728
1,101268_00001,Toshiba,0,0.9070655107498169,1935.14306640625,1.4023398288643902
1,101270_00001,Toshiba,0,0.9702962636947632,3572.86279296875,1.6290117177335135
1,101275_00001,Toshiba,0,0.9490590691566467,3725.504638671875,1.5482852343257736
1,101277_00001,Toshiba,0,0.6027632355690002,318.5147705078125,0.7561735910171105
1,101278_00001,Toshiba,0,0.8442806601524353,675.7025756835938,1.1387966340410234
1,101282_00001,Toshiba,0,0.9858003854751587,1857.885986328125,1.606826469045398
1,101283_00001,Toshiba,0,0.9334914684295654,5872.33935546875,1.5929660804961996
1,101292_00001,Toshiba,0,0.9876876473426819,6834.9765625,1.77861467361276
1,101299_00001,Toshiba,0,0.9877113699913025,4929.80810546875,1.7081184833590088
1,101302_00001,Toshiba,0,0.9051547646522522,1554.2281494140625,1.3739036830907967
1,101308_00001,Toshiba,0,0.990767776966095,1796.4481201171875,1.6250682408429107
1,101311_00001,Toshiba,0,0.8202536106109619,2347.52734375,1.278876482017711
1,101315_00001,Toshiba,0,0.6662254333496094,6370.89208984375,1.0095454746994188
1,101326_00001,Toshiba,0,0.9930017590522766,2340.64990234375,1.5645090898842777
1,101333_00001,Toshiba,0,0.9540517926216125,1072.89013671875,1.3800480242620614
1,101337_00001,Toshiba,0,0.9673795104026794,367.7583923339844,1.3729849467835613
1,101344_00001,Toshiba,0,0.5929318070411682,1723.232666015625,0.8640906466208647
1,101345_00001,Toshiba,1,0.9867004752159119,31371.509765625,1.970860852004609
1,101346_00001,Toshiba,0,0.9446893334388733,7868.1748046875,1.3707169635803405
1,101348_00001,Toshiba,1,0.9694111943244934,4747.63330078125,1.6513133736821806
1,101349_00001,Toshiba,0,0.8626990914344788,815.9295654296875,1.2420355020083078
1,101359_00001,Toshiba,0,0.9627782702445984,4021.543701171875,1.571005396405682
1,101362_00001,Toshiba,0,0.9492946267127991,14412.7646484375,1.6114304208501538
1,101368_00001,Toshiba,0,0.9666946530342102,4861.43212890625,1.6632544879999673
1,101373_00001,Toshiba,0,0.29946357011795044,332.2517395019531,0.29946357011795044
1,101383_00001,Toshiba,0,0.9918279647827148,2027.125244140625,1.6292448233830021
1,101387_00001,Toshiba,0,0.9453489780426025,2682.314208984375,1.5108906351646976
1,101388_00001,Toshiba,0,0.9672250151634216,4542.72705078125,1.5249085715747588
1,101390_00001,Toshiba,0,0.9881765246391296,8080.82568359375,1.6377934220436516
1,101393_00001,Toshiba,0,0.9844264388084412,28998.5078125,1.7388933525779826
1,101396_00001,Toshiba,1,0.9922893643379211,4441.0146484375,1.651785703007429
1,101397_00001,Toshiba,0,0.9121235609054565,1906.3917236328125,1.3180028255418943
1,101398_00001,Toshiba,0,0.988558292388916,11408.4013671875,1.837501615484409
1,101408_00001,Toshiba,1,0.9874721169471741,45564.90234375,2.02227354065987
1,101415_00001,Toshiba,1,0.990767776966095,50705.984375,1.9681313296226997
1,101429_00001,Toshiba,0,0.5241035223007202,1829.9722900390625,0.593045309060684
1,101439_00001,Toshiba,0,0.9900636076927185,16158.90234375,1.8075116684326327
1,101442_00001,Toshiba,0,0.9594212770462036,2824.28564453125,1.4322939709901665
1,101448_00001,Toshiba,0,0.9717789888381958,3226.997802734375,1.5346925820511135
1,101452_00001,Toshiba,0,0.35515961050987244,697.87646484375,0.35515961050987244
1,101457_00001,Toshiba,0,0.9875683188438416,3433.064208984375,1.601096075620514
1,101458_00001,Toshiba,0,0.9823893308639526,105791.7890625,2.119457152292297
1,101459_00001,Toshiba,0,0.9898499250411987,5473.986328125,1.7274576090577414
1,101461_00001,Toshiba,0,0.9829219579696655,3062.98291015625,1.5997966694667853
1,101467_00001,Toshiba,0,0.9248914122581482,2867.734130859375,1.5185179362842776
1,101468_00001,Toshiba,0,0.8761583566665649,3087.50244140625,1.4905590166375648
1,101470_00001,Toshiba,0,0.9866490960121155,1497.6934814453125,1.5138670275638877
1,101471_00001,Toshiba,0,0.9872281551361084,4831.583984375,1.7264053953265606
1,101472_00001,Toshiba,1,0.9792749285697937,31998.884765625,1.7529629878818747
1,101480_00001,Toshiba,1,0.9765130281448364,28096.478515625,1.9196939464479879
1,101486_00001,Toshiba,0,0.9799189567565918,3587.686279296875,1.6747408185449806
1,101487_00001,Toshiba,0,0.9315248131752014,5268.3916015625,1.5880606378085786
1,101490_00001,Toshiba,0,0.9322068691253662,2095.5087890625,1.3853961098803278
1,101491_00001,Toshiba,0,0.6182043552398682,248.65484619140625,0.7207733606462549
1,101493_00001,Toshiba,0,0.8570517301559448,3202.810302734375,1.3510012910548117
1,101494_00001,Toshiba,0,0.2898237407207489,399.50457763671875,0.2898237407207489
1,101495_00001,Toshiba,0,0.988558292388916,2347.160400390625,1.6198830478353674
1,101502_00001,Toshiba,0,0.9679296612739563,64756.64453125,2.0086847004529456
1,101510_00001,Toshiba,0,0.9863894581794739,4806.14892578125,1.489080665602858
1,101511_00001,Toshiba,0,0.9659639000892639,5929.7314453125,1.6140139252286576
1,101512_00001,Toshiba,1,0.9511876106262207,5047.16357421875,1.5933763406049604
1,101515_00001,Toshiba,0,0.9685600996017456,872.2875366210938,1.4958058256629378
1,101516_00001,Toshiba,0,0.8289388418197632,664.4962768554688,1.228181587278312
1,101523_00001,Toshiba,0,0.9741657972335815,7974.35009765625,1.6260858484743415
1,101527_00001,Toshiba,0,0.9692660570144653,1615.3927001953125,1.5755046358086326
1,101528_00001,Toshiba,0,0.9811487793922424,2830.8037109375,1.5684753052566947
1,101531_00001,Toshiba,0,0.9643214344978333,6107.55322265625,1.6026379856220547
1,101534_00001,Toshiba,1,0.972933828830719,1870.757568359375,1.4733391501432453
1,101537_00001,Toshiba,1,0.9696994423866272,14279.6357421875,1.5297809746719768
1,101542_00001,Toshiba,0,0.9876876473426819,3826.429931640625,1.6744680533914236
1,101549_00001,Toshiba,0,0.9064877033233643,1479.1767578125,1.362003864778135
1,101551_00001,Toshiba,0,0.9653811454772949,7949.28125,1.6610591091147875
1,101558_00001,Toshiba,0,0.9929198622703552,2794.555419921875,1.6297604417259004
1,101559_00001,Toshiba,0,0.8934953808784485,834.3139038085938,1.316523549864618
1,101572_00001,Toshiba,0,0.9769127368927002,5501.86767578125,1.708652495119138
1,101573_00001,Toshiba,0,0.9918437600135803,11717.8759765625,1.7097619376158975
1,101579_00001,Toshiba,0,0.9777350425720215,8431.732421875,1.6643578328877975
1,101581_00001,Toshiba,0,0.9873506426811218,3002.251220703125,1.606932840362653
1,101586_00001,Toshiba,0,0.979393482208252,14042.0439453125,1.7338955251483994
1,101588_00001,Toshiba,0,0.9631266593933105,971.937255859375,1.4232721148202914
1,101597_00001,Toshiba,1,0.9886900782585144,3009.032470703125,1.6768166136753297
1,101607_00001,Toshiba,0,0.948441743850708,1611.036376953125,1.5472781361513577
1,101611_00001,Toshiba,0,0.40300872921943665,109.23033905029297,0.40300872921943665
1,101617_00001,Toshiba,0,0.25261446833610535,758.3908081054688,0.25261446833610535
1,101619_00001,Toshiba,0,0.9443310499191284,2384.323974609375,1.5682282502863325
1,101620_00001,Toshiba,0,0.9528381824493408,1108.557373046875,1.425060886519739
1,101626_00001,Toshiba,0,0.9354645609855652,777.5701904296875,1.3942892454105114
1,101637_00001,Toshiba,1,0.9884250164031982,10890.62890625,1.837656910958655
1,101638_00001,Toshiba,0,0.9087799787521362,7602.619140625,1.6185586425747474
1,101639_00001,Toshiba,1,0.9891605973243713,15961.859375,1.837006718051274
1,101643_00001,Toshiba,0,0.9924958944320679,50270.39453125,1.8957394535069283
1,101644_00001,Toshiba,0,0.8085967898368835,13857.673828125,1.225283799106979
1,101645_00001,Toshiba,1,0.9879462122917175,28973.083984375,1.9240964124344397
1,101648_00001,Toshiba,0,0.9797258973121643,7825.578125,1.6568690446946712
1,101649_00001,Toshiba,0,0.9892232418060303,2550.96484375,1.585566367217067
1,101652_00001,Toshiba,0,0.9940658807754517,4457.9765625,1.681921972298273
1,101655_00001,Toshiba,0,0.9838472008705139,44748.91015625,1.9701469180087514
1,101656_00001,Toshiba,0,0.9757854342460632,1532.8917236328125,1.4716365706782923
1,101657_00001,Toshiba,0,0.9919223785400391,4807.41259765625,1.7071901562100502
1,101658_00001,Toshiba,1,0.9854684472084045,64139.77734375,2.063654247299546
1,101659_00001,Toshiba,1,0.9916195869445801,5710.794921875,1.7335285864822654
1,101660_00001,Toshiba,0,0.9211450219154358,1413.3353271484375,1.413053833877097
1,101661_00001,Toshiba,1,0.9881309270858765,47915.23046875,2.027312770922336
1,101664_00001,Toshiba,0,0.9890553951263428,26295.0859375,1.9286408683869307
1,101667_00001,Toshiba,0,0.9511421918869019,1607.814453125,1.4921458185747378
1,101668_00001,Toshiba,0,0.9904775619506836,7325.1142578125,1.7115058479113492
1,101671_00001,Toshiba,0,0.9843964576721191,5113.9541015625,1.69779221219276
1,101677_00001,Toshiba,0,0.8226170539855957,2593.59326171875,1.2240142967614458
1,101678_00001,Toshiba,0,0.9192809462547302,680.3995971679688,1.3125766609327931
1,101679_00001,Toshiba,1,0.7685595154762268,1795.0692138671875,1.0481500446559988
1,101680_00001,Toshiba,0,0.2312668114900589,217.31907653808594,0.2312668114900589
1,101683_00001,Toshiba,0,0.9828232526779175,1652.13818359375,1.5452674772963912
1,101686_00001,Toshiba,0,0.9596487283706665,39321.546875,1.7686062963715914
1,101688_00001,Toshiba,0,0.9527941942214966,1793.0858154296875,1.373983732115216
1,101690_00001,Toshiba,0,0.7129322290420532,972.2667846679688,0.9999760077860836
1,101708_00001,Toshiba,0,0.9708263874053955,1470.67626953125,1.5039223164816957
1,101709_00001,Toshiba,0,0.9866490960121155,3988.458740234375,1.6504521096460258
1,101710_00001,Toshiba,0,0.9778834581375122,8180.43798828125,1.7526520783100443
1,101712_00001,Toshiba,0,0.9810764789581299,37378.96875,1.764222213177495
1,101716_00001,Toshiba,1,0.9929198622703552,9433.7060546875,1.8177556384212918
1,101717_00001,Toshiba,1,0.9848692417144775,54807.58984375,2.0412149786221523
1,101718_00001,Toshiba,0,0.9585376977920532,745.9013671875,1.44501380972574
1,101719_00001,Toshiba,0,0.9594972133636475,2238.360595703125,1.3387019771144206
1,101723_00001,Toshiba,0,0.9602494835853577,1709.95703125,1.5493009533466107
1,101724_00001,Toshiba,0,0.925567090511322,2891.9306640625,1.5274530142518918
1,101727_00001,Toshiba,0,0.9901211261749268,11467.9453125,1.843974307953989
1,101731_00001,Toshiba,0,0.9917803406715393,2874.668212890625,1.6175600780607453
1,101742_00001,Toshiba,0,0.9857181310653687,2771.475830078125,1.6068329708901758
1,101743_00001,Toshiba,0,0.7269105315208435,4083.46875,1.177703872204776
1,101746_00001,Toshiba,0,0.9822367429733276,35373.55078125,1.8975629986872509
1,101747_00001,Toshiba,1,0.9713200926780701,14043.1162109375,1.7706143119323938
1,101749_00001,Toshiba,1,0.9867004752159119,55394.421875,2.0459627510066247
1,101752_00001,Toshiba,1,0.9744591116905212,1262.6109619140625,1.5357410331949934
1,101753_00001,Toshiba,0,0.9880849719047546,7614.294921875,1.7726784395393458
1,101760_00001,Toshiba,0,0.9787330031394958,7843.939453125,1.6660185758905013
1,101761_00001,Toshiba,0,0.9909272193908691,3581.635009765625,1.7066601225263514
1,101764_00001,Toshiba,0,0.9539660811424255,46922.27734375,1.9026731151148928
1,101766_00001,Toshiba,0,0.933854341506958,1034.8719482421875,1.318195991588938
1,101772_00001,Toshiba,0,0.9879926443099976,27867.240234375,1.8720938452133016
1,101774_00001,Toshiba,0,0.9858549237251282,20848.333984375,1.7790408603382677
1,101775_00001,Toshiba,0,0.9671940207481384,2065.9150390625,1.478569699831425
1,101778_00001,Toshiba,0,0.992061972618103,7330.4833984375,1.7435134367588563
1,101780_00001,Toshiba,0,0.9629528522491455,3901.937255859375,1.557050042181759
1,101784_00001,Toshiba,0,0.9818405508995056,8541.82421875,1.624144023247233
1,101786_00001,Toshiba,0,0.5467948913574219,474.66644287109375,0.6225357804224726
1,101787_00001,Toshiba,1,0.9644890427589417,3356.61328125,1.499173873068152
1,101789_00001,Toshiba,0,0.9714828729629517,4828.7001953125,1.7040416323466447
1,101792_00001,Toshiba,1,0.9919067621231079,7719.533203125,1.7249979235561066
1,101796_00001,Toshiba,1,0.9938787817955017,1852.26025390625,1.6348814994842782
1,101797_00001,Toshiba,0,0.9740919470787048,29127.375,1.8552485789011492
1,101804_00001,Toshiba,0,0.09973295032978058,246.8079071044922,0.09973295032978058
1,101807_00001,Toshiba,0,0.8274101614952087,3778.68603515625,1.3258100744658416
1,101809_00001,Toshiba,0,0.9896718263626099,3878.087646484375,1.5160072926804293
1,101813_00001,Toshiba,1,0.9785903096199036,73601.9765625,2.069637254683944
1,101820_00001,Toshiba,0,0.9927672147750854,1497.56494140625,1.6134099465311211
1,101824_00001,Toshiba,0,0.6176279783248901,841.6847534179688,0.6875827323093919
1,101825_00001,Toshiba,0,0.9886024594306946,18355.37890625,1.8586307550669874
1,101826_00001,Toshiba,0,0.989591658115387,1800.8221435546875,1.4947381197589884
1,101827_00001,Toshiba,0,0.9868533611297607,4401.16845703125,1.6493409567984316
1,101831_00001,Toshiba,0,0.09645017981529236,505.3163146972656,0.09645017981529236
1,101834_00001,Toshiba,0,0.987616240978241,2924.603271484375,1.5688602029063725
1,101842_00001,Toshiba,1,0.9908389449119568,3955.9970703125,1.7224253194628074
1,101844_00001,Toshiba,0,0.7829945087432861,660.2017211914062,1.120094368216074
1,101849_00001,Toshiba,0,0.9757392406463623,1210.922119140625,1.5451983440182029
1,101852_00001,Toshiba,1,0.9929472208023071,5016.904296875,1.6577402450872343
1,101857_00001,Toshiba,1,0.9872035384178162,40380.7265625,1.9375406479994124
1,101859_00001,Toshiba,0,0.9775857925415039,4193.80224609375,1.5801149781401633
1,101864_00001,Toshiba,0,0.9870794415473938,8879.1650390625,1.7076390778891648
1,101871_00001,Toshiba,0,0.8490973711013794,17509.375,1.3613494489789402
1,101873_00001,Toshiba,0,0.6631237864494324,695.6697998046875,0.871240434940284
1,101875_00001,Toshiba,0,0.8617128133773804,1393.2877197265625,1.3240158792043357
1,101877_00001,Toshiba,1,0.9577545523643494,2818.1748046875,1.5626732967269639
1,101892_00001,Toshiba,0,0.9153559803962708,1660.753662109375,1.4240647898939363
1,101893_00001,Toshiba,0,0.6972482800483704,4220.181640625,1.0419674230895262
1,101901_00001,Toshiba,0,0.9754835963249207,2545.252197265625,1.5957114543414173
1,101904_00001,Toshiba,0,0.9797646999359131,5370.18017578125,1.6318704538019146
1,101905_00001,Toshiba,0,0.8958876132965088,1438.3419189453125,1.324912150078349
1,101906_00001,Toshiba,1,0.9890764951705933,12987.5654296875,1.8606934302194402
1,101908_00001,Toshiba,0,0.971563994884491,6394.04345703125,1.630219963246438
1,101912_00001,Toshiba,1,0.9849852323532104,1611.896728515625,1.6003226306401233
1,101921_00001,Toshiba,0,0.9928231239318848,18592.455078125,1.8174821958293619
1,101922_00001,Toshiba,0,0.9511876106262207,7523.66552734375,1.6901989892678222
1,101923_00001,Toshiba,0,0.9887987971305847,17057.66796875,1.8815413464929116
1,101926_00001,Toshiba,0,0.9893269538879395,12048.5361328125,1.8505864386590094
1,101933_00001,Toshiba,0,0.9801673293113708,2846.0146484375,1.5741053790595037
1,101937_00001,Toshiba,0,0.9670699238777161,4367.0673828125,1.5712874842996585
1,101938_00001,Toshiba,0,0.9845753908157349,1346.4071044921875,1.5420460399157634
1,101941_00001,Toshiba,0,0.9389128684997559,22679.044921875,1.820819906299325
1,101942_00001,Toshiba,0,0.9618217349052429,1786.2744140625,1.4972723713921563
1,101943_00001,Toshiba,0,0.9574770927429199,2541.197265625,1.5774401603139223
1,101948_00001,Toshiba,0,0.984752357006073,2060.72021484375,1.5757019877863165
1,101951_00001,Toshiba,0,0.9134451746940613,1032.5677490234375,1.4482905090781963
1,101958_00001,Toshiba,0,0.9742884635925293,2426.64013671875,1.5805175001270433
1,101960_00001,Toshiba,1,0.9874479174613953,31488.818359375,1.9719112852082714
1,101966_00001,Toshiba,0,0.9886682629585266,7293.8623046875,1.7497149752679995
1,101967_00001,Toshiba,0,0.9827572107315063,3854.691162109375,1.6601392475652244
1,101973_00001,Toshiba,0,0.9226218461990356,2136.58740234375,1.3139236736464652
1,101974_00001,Toshiba,0,0.954647421836853,5749.88330078125,1.6159008516861986
1,101984_00001,Toshiba,0,0.9861246943473816,13789.51953125,1.7025087258509672
1,101990_00001,Toshiba,0,0.9783639311790466,9291.3154296875,1.69833468380461
1,101991_00001,Toshiba,0,0.9807472825050354,6034.392578125,1.7293218248457263
1,101995_00001,Toshiba,1,0.9859904050827026,2100.357177734375,1.6149544663186857
1,102000_00001,Toshiba,0,0.9808392524719238,1632.64111328125,1.5349640377772724
1,102004_00001,Toshiba,1,0.9923933744430542,14641.1103515625,1.8205936932957818
1,102007_00001,Toshiba,0,0.4710274636745453,661.2487182617188,0.4710274636745453
1,102008_00001,Toshiba,0,0.9685303568840027,4197.84326171875,1.684706785618589
1,102015_00001,Toshiba,0,0.9843664169311523,14030.341796875,1.844508305435733
1,102016_00001,Toshiba,0,0.802555501461029,1599.37451171875,1.2194052043138048
1,102027_00001,Toshiba,0,0.9448422193527222,3253.35791015625,1.5767514640646512
1,102036_00001,Toshiba,0,0.9896518588066101,39239.20703125,1.8507515065616924
1,102038_00001,Toshiba,0,0.9820137619972229,4950.11083984375,1.5812196071396656
1,102039_00001,Toshiba,1,0.9876400828361511,15814.478515625,1.8836715141524645
1,102044_00001,Toshiba,1,0.9850141406059265,98073.921875,2.1103266934330316
1,102048_00001,Toshiba,1,0.9903663396835327,8935.33203125,1.7278139424082997
1,102050_00001,Toshiba,1,0.9722570776939392,10794.0361328125,1.591309837317817
1,102056_00001,Toshiba,0,0.9708540439605713,2996.191650390625,1.5251792369209811
1,102057_00001,Toshiba,1,0.9898499250411987,4279.7763671875,1.6952978832249617
1,102067_00001,Toshiba,0,0.9145200252532959,2304.2587890625,1.408959153604402
1,102068_00001,Toshiba,0,0.9867261648178101,12941.123046875,1.8184547438186203
1,102069_00001,Toshiba,0,0.9752489924430847,2646.415283203125,1.5521683282755192
1,102072_00001,Toshiba,1,0.9776925444602966,5705.64306640625,1.6290360697730835
1,102073_00001,Toshiba,0,0.9520864486694336,2433.646240234375,1.5121273325311015
1,102077_00001,Toshiba,0,0.9429811239242554,2146.740478515625,1.4545661897867097
1,102078_00001,Toshiba,0,0.9855243563652039,47566.42578125,1.9985300337482332
1,102080_00001,Toshiba,0,0.5303343534469604,749.1212768554688,0.6256448447368217
1,102085_00001,Toshiba,1,0.6177433133125305,2662.8701171875,0.9427146519297854
1,102090_00001,Toshiba,1,0.868882417678833,674.1919555664062,1.2365676505735197
1,102092_00001,Toshiba,0,0.9869040250778198,27508.48046875,1.6615494351479165
1,102095_00001,Toshiba,0,0.8069286942481995,11640.787109375,1.0711287965721434
1,102096_00001,Toshiba,0,0.9410070180892944,1832.01416015625,1.4538239556446253
1,102098_00001,Toshiba,0,0.9475268721580505,2595.84326171875,1.5426011179845627
1,102100_00001,Toshiba,0,0.9684111475944519,1527.43310546875,1.468977342799998
1,102102_00001,Toshiba,1,0.9812927842140198,16468.828125,1.687017619459791
1,102106_00001,Toshiba,0,0.5859454870223999,356.1465759277344,0.6831622816257462
1,102108_00001,Toshiba,0,0.7667306065559387,11441.783203125,1.2067698539285774
1,102116_00001,Toshiba,0,0.9597620368003845,1358.0146484375,1.5318321189698119
1,102121_00001,Toshiba,0,0.9926683902740479,18390.890625,1.9049823867389346
1,102122_00001,Toshiba,0,0.6167338490486145,1800.99951171875,0.7920555659172005
1,102124_00001,Toshiba,0,0.9607680439949036,3884.421630859375,1.6451809418165468
1,102131_00001,Toshiba,0,0.8465777039527893,1301.6202392578125,1.2611690359124472
1,102132_00001,Toshiba,1,0.9878528118133545,37665.2578125,1.9962659879078088
1,102133_00001,Toshiba,1,0.986929178237915,84873.6953125,2.105179951109253
1,102134_00001,Toshiba,1,0.9386322498321533,1304.7437744140625,1.432915109449232
1,102145_00001,Toshiba,0,0.963230550289154,1416.533447265625,1.550074601544532
1,102147_00001,Toshiba,1,0.9864938259124756,26917.048828125,1.9496946086484703
1,102148_00001,Toshiba,0,0.8296300768852234,291.96319580078125,1.0991368012812337
1,102150_00001,Toshiba,0,0.9866490960121155,6684.765625,1.7397985567317051
1,102154_00001,Toshiba,0,0.9709368348121643,2560.935302734375,1.6226165181947063
1,102159_00001,Toshiba,1,0.9674717783927917,7480.71875,1.593310515549844
1,102160_00001,Toshiba,1,0.9917002320289612,11455.5361328125,1.8482875504951743
1,102173_00001,Toshiba,0,0.9901211261749268,13136.1875,1.7345884362812949
1,102174_00001,Toshiba,0,0.9915544390678406,4134.71044921875,1.7192230850170271
1,102177_00001,Toshiba,0,0.9890130758285522,10063.8544921875,1.7473922479765207
1,102182_00001,Toshiba,0,0.9938668608665466,780.3946533203125,1.5280380203695754
1,102185_00001,Toshiba,0,0.9896917939186096,3493.4287109375,1.6403048134769418
1,102187_00001,Toshiba,0,0.9821341633796692,2421.257568359375,1.5888931516827505
1,102194_00001,Toshiba,0,0.9691494703292847,3991.322021484375,1.5848226167558426
1,102195_00001,Toshiba,1,0.9901401400566101,8329.7685546875,1.8092878441410782
1,102196_00001,Toshiba,0,0.9899476170539856,17972.666015625,1.9003559647630652
1,102197_00001,Toshiba,0,0.925094723701477,952.7716064453125,1.4293796151716838
1,102198_00001,Toshiba,0,0.9867772459983826,2016.790771484375,1.5996426369220333
1,102200_00001,Toshiba,0,0.9891815781593323,59655.77734375,2.039652984177567
1,102201_00001,Toshiba,0,0.9918753504753113,5413.34326171875,1.7023584174112332
1,102204_00001,Toshiba,1,0.9838160872459412,12282.7373046875,1.719332277341831
1,102207_00001,Toshiba,0,0.2879680097103119,1286.6234130859375,0.2879680097103119
1,102208_00001,Toshiba,1,0.9909971952438354,8273.484375,1.8028137325785245
1,102217_00001,Toshiba,0,0.9885804057121277,5686.09912109375,1.733655390025832
1,102218_00001,Toshiba,1,0.9705485105514526,326327.9375,2.269149573984047
1,102222_00001,Toshiba,0,0.8881781101226807,4064.066162109375,1.431100084652285
2,100006_00001,Philips,0,0.9670699238777161,2090.201171875,1.5399189319931192
2,100035_00001,Philips,0,0.978156328201294,7409.7822265625,1.702122960989739
2,100047_00001,Philips,0,0.9580694437026978,2009.969482421875,1.5583658158427214
2,100065_00001,Philips,1,0.9438672661781311,1771.965576171875,1.427225910171925
2,100074_00001,Philips,1,0.9766469597816467,124961.46875,2.139236144215051
2,100082_00001,Philips,1,0.9795506000518799,47307.1953125,1.990611950042563
2,100088_00001,Philips,0,0.9781354665756226,969.9989013671875,1.5263261745246852
2,100096_00001,Philips,1,0.9849563241004944,20603.51953125,1.9048138670555441
2,100099_00001,Philips,0,0.9820826053619385,27631.75390625,1.8320471196091777
2,100102_00001,Philips,1,0.9820482730865479,32356.25390625,1.9519873740758853
2,100124_00001,Philips,1,0.9289907217025757,4143.86474609375,1.5384858282433682
2,100125_00001,Philips,0,0.707808792591095,197.38235473632812,0.8772269263931244
2,100130_00001,Philips,1,0.8392075896263123,456.76629638671875,1.1939342629766792
2,100134_00001,Philips,1,0.9684111475944519,49522.6015625,1.985332527257622
2,100136_00001,Philips,0,0.9779045581817627,1334.4462890625,1.5002870543947795
2,100143_00001,Philips,1,0.977022647857666,2758.027587890625,1.628278018286693
2,100150_00001,Philips,1,0.9842759370803833,6905.5146484375,1.7711415399921313
2,100155_00001,Philips,0,0.857171356678009,4988.22705078125,1.3284790794420838
2,100157_00001,Philips,1,0.9858275651931763,8545.4619140625,1.8041197076737245
2,100159_00001,Philips,0,0.44090554118156433,3418.7880859375,0.44090554118156433
2,100161_00001,Philips,1,0.9640516638755798,3056.2607421875,1.5882717432521503
2,100168_00001,Philips,1,0.9863894581794739,12539.9306640625,1.8314632613834092
2,100180_00001,Philips,1,0.984001636505127,23957.8359375,1.84436215525779
2,100183_00001,Philips,1,0.9777776002883911,4496.08935546875,1.7080143178497609
2,100187_00001,Philips,1,0.9575565457344055,3402.75,1.6225155330293564
2,100194_00001,Philips,1,0.9630224108695984,25719.91015625,1.7925566495549463
2,100196_00001,Philips,1,0.968110978603363,2535.477294921875,1.597371968163493
2,100208_00001,Philips,1,0.9481064677238464,642.2321166992188,1.4288839776148998
2,100219_00001,Philips,1,0.9680808186531067,1773.684326171875,1.5586210197949635
2,100225_00001,Philips,0,0.9833749532699585,3394.52734375,1.6863298559345694
2,100226_00001,Philips,1,0.986828088760376,1451.6038818359375,1.5856656861150042
2,100227_00001,Philips,0,0.9791356921195984,10723.61328125,1.7262707931533339
2,100234_00001,Philips,1,0.9399133324623108,5585.8623046875,1.5866201259009047
2,100237_00001,Philips,0,0.9826576113700867,7606.45361328125,1.7543819214635432
2,100246_00001,Philips,1,0.9616780281066895,5171.20947265625,1.6060253534120053
2,100247_00001,Philips,1,0.9803186058998108,24216.47265625,1.9235648973082458
2,100265_00002,Philips,1,0.984605073928833,14611.1142578125,1.8332221980171017
2,100285_00001,Philips,1,0.9608049392700195,10185.07421875,1.6269157038581663
2,100296_00001,Philips,1,0.9827572107315063,27259.36328125,1.941803409780807
2,100304_00001,Philips,0,0.438018798828125,882.55322265625,0.438018798828125
2,100310_00001,Philips,0,0.9820654988288879,15413.955078125,1.823389560023366
2,100323_00001,Philips,1,0.9858275651931763,1244.2801513671875,1.5791406927341458
2,100324_00001,Philips,1,0.9675024151802063,14063.7841796875,1.7977695798264883
2,100328_00001,Philips,1,0.9798805117607117,23078.71484375,1.8983014701132443
2,100340_00001,Philips,0,0.8846386671066284,325.7501525878906,1.235488390545942
2,100345_00001,Philips,1,0.9870045781135559,3677.98046875,1.7034978468274997
2,100369_00001,Philips,1,0.9317735433578491,10211.1376953125,1.6432771738706489
2,100372_00001,Philips,1,0.9798612594604492,62672.25,1.9960545629839708
2,100373_00001,Philips,1,0.9752253890037537,3053.265869140625,1.632450631834053
2,100381_00001,Philips,1,0.9684708714485168,7727.08154296875,1.626265389868389
2,100385_00001,Philips,1,0.8714202046394348,6633.7021484375,1.3780217008457567
2,100388_00001,Philips,0,0.9852146506309509,12875.8486328125,1.768861739527469
2,100405_00001,Philips,1,0.9788949489593506,94635.8359375,2.091342333967775
2,100407_00001,Philips,1,0.9823893308639526,6639.96826171875,1.7685514538721385
2,100426_00001,Philips,1,0.9867261648178101,7532.94970703125,1.7703141742398247
2,100431_00001,Philips,1,0.9803749918937683,7218.62109375,1.7668250755647346
2,100438_00001,Philips,1,0.878783106803894,3052.678466796875,1.4037567832479703
2,100462_00001,Philips,1,0.9831821918487549,18982.724609375,1.8974784892867833
2,100467_00001,Philips,1,0.9775429368019104,4680.01611328125,1.6782665329300837
2,100474_00001,Philips,1,0.9861780405044556,37862.00390625,1.9257801088036677
2,100477_00001,Philips,1,0.9796287417411804,15077.55859375,1.8604325409249896
2,100479_00001,Philips,1,0.9773923754692078,3126.290771484375,1.5741265972559857
2,100492_00001,Philips,1,0.9715099930763245,12144.8359375,1.7858339153490916
2,100494_00001,Philips,0,0.9423477053642273,938.7762451171875,1.4135443902558749
2,100512_00001,Philips,1,0.9762200117111206,40389.79296875,1.9788348651964707
2,100520_00001,Philips,1,0.9822876453399658,24512.30078125,1.9259006158723637
2,100526_00001,Philips,1,0.9831499457359314,14346.001953125,1.8595347548743986
2,100530_00001,Philips,1,0.9836598634719849,7666.1923828125,1.7477323096774395
2,100537_00001,Philips,1,0.9771320223808289,131386.390625,2.144069960022638
2,100541_00001,Philips,0,0.9764007329940796,46400.84765625,2.0019084828130254
2,100544_00001,Philips,1,0.9638481140136719,526.48193359375,1.3870106402929228
2,100555_00001,Philips,1,0.9856352806091309,7856.72607421875,1.7932255088593896
2,100557_00001,Philips,1,0.9865458011627197,3798.649169921875,1.705610072157527
2,100563_00001,Philips,1,0.9501341581344604,8139.59814453125,1.7020527635096856
2,100575_00001,Philips,0,0.9627081751823425,1777.03076171875,1.5752696116365692
2,100583_00001,Philips,1,0.976802408695221,2195.217041015625,1.6051863077863928
2,100602_00001,Philips,1,0.9843664169311523,10259.515625,1.8223249138275854
2,100608_00001,Philips,1,0.9840936064720154,6162.3818359375,1.76268099992155
2,100617_00001,Philips,1,0.9501341581344604,3147.530029296875,1.5721910761160525
2,100623_00001,Philips,1,0.9811668992042542,9810.419921875,1.808033687277846
2,100636_00001,Philips,1,0.9562681317329407,5650.75927734375,1.6320846078953575
2,100642_00001,Philips,1,0.9809125065803528,4735.44580078125,1.6973649349087678
2,100645_00001,Philips,1,0.9804500341415405,49021.7421875,2.016096107293176
2,100651_00001,Philips,0,0.7082125544548035,1904.103515625,1.0112069370568515
2,100652_00001,Philips,1,0.9587699174880981,1585.2298583984375,1.536321067628687
2,100665_00001,Philips,1,0.9862311482429504,4409.27099609375,1.7130360812908272
2,100667_00001,Philips,0,0.9799189567565918,14735.04296875,1.8283697673073835
2,100669_00001,Philips,0,0.06542547047138214,94.14672088623047,0.06542547047138214
2,100673_00001,Philips,1,0.9853278994560242,11058.3076171875,1.807591440595703
2,100679_00001,Philips,1,0.9838472008705139,6689.1923828125,1.7320008364779749
2,100682_00001,Philips,0,0.9449946880340576,2906.015380859375,1.4862363565497352
2,100690_00001,Philips,1,0.9604353904724121,948.3894653320312,1.5078893356589633
2,100713_00001,Philips,1,0.9813465476036072,3286.187255859375,1.6625409930495154
2,100714_00001,Philips,1,0.9831821918487549,7840.5830078125,1.7788089561375855
2,100715_00001,Philips,1,0.984001636505127,10237.83203125,1.7907796025411418
2,100726_00001,Philips,0,0.9456508755683899,2851.52197265625,1.588213408711432
2,100728_00001,Philips,1,0.9859634041786194,6924.08837890625,1.7218323006762744
2,100730_00001,Philips,0,0.9507778882980347,6729.802734375,1.674314146250025
2,100732_00001,Philips,1,0.9792749285697937,8745.576171875,1.7836769225932105
2,100733_00001,Philips,1,0.9692369103431702,2654.314697265625,1.4993997603728215
2,100734_00001,Philips,1,0.7435405850410461,218.1421356201172,1.020198157469408
2,100738_00001,Philips,0,0.983502209186554,8342.6484375,1.7958910704565054
2,100745_00001,Philips,1,0.9815597534179688,17486.45703125,1.884516288097879
2,100750_00001,Philips,0,0.9751308560371399,11811.6474609375,1.6877517282466368
2,100752_00001,Philips,0,0.973869264125824,2776.65087890625,1.6283955529278524
2,100755_00001,Philips,1,0.9794329404830933,19160.619140625,1.79727024245792
2,100780_00001,Philips,1,0.8967044949531555,8373.875,1.5706082741590655
2,100784_00001,Philips,0,0.04088399559259415,51.14784622192383,0.04088399559259415
2,100790_00001,Philips,1,0.9810945987701416,17051.23828125,1.879281260327456
2,100795_00001,Philips,1,0.9830526113510132,3986.61376953125,1.696865833118501
2,100802_00001,Philips,0,0.9361100196838379,302.50128173828125,1.2750171959433005
2,100837_00001,Philips,1,0.9788343906402588,2290.1962890625,1.5945605528212508
2,100841_00001,Philips,0,0.9823724627494812,9769.205078125,1.7751551328287472
2,100842_00001,Philips,1,0.9776071906089783,18171.712890625,1.778544651852767
2,100850_00001,Philips,1,0.9768466353416443,52828.203125,2.0148139933673557
2,100852_00001,Philips,1,0.9835969805717468,10503.6689453125,1.8168713335575821
2,100871_00001,Philips,1,0.983502209186554,16939.15234375,1.8823609303341682
2,100877_00001,Philips,0,0.8063193559646606,159.89927673339844,0.9966006545883772
2,100908_00001,Philips,1,0.9820482730865479,5584.31005859375,1.7443019050275352
2,100914_00001,Philips,0,0.9843363761901855,4532.408203125,1.7054297925803665
2,100926_00001,Philips,1,0.9763556718826294,28775.2109375,1.9161724116987882
2,100931_00001,Philips,1,0.9810945987701416,887.1292114257812,1.524576005997287
2,100932_00001,Philips,1,0.9831175804138184,7189.72314453125,1.7047127691842803
2,100933_00001,Philips,1,0.9801483154296875,21461.78515625,1.9087937007404896
2,100934_00001,Philips,1,0.9814534187316895,80632.0859375,2.0474225672650657
2,100958_00001,Philips,1,0.8934024572372437,1047.798583984375,1.3564103538055565
2,100967_00001,Philips,1,0.9799189567565918,3814.33984375,1.6820411271740792
2,100969_00001,Philips,0,0.9756001234054565,96102.1015625,2.1002140236674776
2,100975_00001,Philips,1,0.9867261648178101,7422.58642578125,1.7804775981809275
2,100986_00001,Philips,0,0.9851861596107483,6742.49072265625,1.6498002889382652
2,100987_00001,Philips,0,0.9038048982620239,1781.8709716796875,1.4214552907374047
2,100990_00001,Philips,0,0.029201291501522064,534.5330810546875,0.029201291501522064
2,100994_00001,Philips,1,0.9846936464309692,3740.666259765625,1.690407078578018
2,101013_00001,Philips,1,0.9820998907089233,3281.9404296875,1.65408309263215
2,101014_00001,Philips,1,0.9859904050827026,2798.479736328125,1.6115214429999385
2,101019_00001,Philips,1,0.9848109483718872,2254.204833984375,1.6357764659531464
2,101023_00001,Philips,1,0.9847817420959473,11876.822265625,1.8297762056136235
2,101026_00001,Philips,1,0.9487276077270508,6592.20556640625,1.5258972088862393
2,101031_00001,Philips,1,0.981577455997467,61844.2265625,2.0369999815254816
2,101038_00001,Philips,1,0.9839400053024292,3411.80322265625,1.6798278058396572
2,101043_00001,Philips,1,0.9867772459983826,3212.681884765625,1.6714950915267015
2,101044_00001,Philips,1,0.9803562164306641,19628.51171875,1.8969291944718725
2,101052_00001,Philips,0,0.9571177959442139,6730.66552734375,1.6811687364400283
2,101062_00001,Philips,1,0.9855799674987793,5518.435546875,1.6716225072628947
2,101080_00001,Philips,1,0.9760379791259766,36841.328125,1.9362744051146827
2,101083_00001,Philips,1,0.9818056225776672,5083.54541015625,1.7308612449615999
2,101085_00001,Philips,1,0.974773108959198,26914.19921875,1.9260654413830607
2,101092_00001,Philips,1,0.9805434346199036,17347.486328125,1.8691633257246854
2,101097_00001,Philips,1,0.983628511428833,7659.0146484375,1.7086018590097851
2,101103_00001,Philips,1,0.9780936241149902,21409.541015625,1.903818165624919
2,101117_00001,Philips,0,0.9851289987564087,9014.1416015625,1.7949321891575973
2,101118_00001,Philips,1,0.9791954755783081,46421.92578125,2.006181846778212
2,101120_00001,Philips,1,0.9835969805717468,6441.73193359375,1.7664820951804099
2,101124_00001,Philips,0,0.6545636057853699,545.1397094726562,0.8815625613534457
2,101128_00001,Philips,1,0.9188450574874878,3489.820068359375,1.370658572588467
2,101132_00001,Philips,1,0.9848109483718872,10504.119140625,1.7542962689758006
2,101142_00001,Philips,1,0.9776285290718079,46215.33203125,1.9977511977439089
2,101144_00001,Philips,1,0.9779467582702637,2671.6728515625,1.5588714789165559
2,101151_00001,Philips,1,0.9761745929718018,64871.15625,2.0429724301038052
2,101160_00001,Philips,1,0.9854684472084045,5740.95361328125,1.656374520590916
2,101169_00001,Philips,1,0.9843964576721191,20341.525390625,1.9059191103091486
2,101171_00001,Philips,0,0.9778834581375122,8860.962890625,1.794639256846242
2,101175_00001,Philips,1,0.984752357006073,5765.041015625,1.750594431541469
2,101178_00001,Philips,1,0.982557475566864,5492.45947265625,1.7446153127622162
2,101209_00001,Philips,1,0.9757854342460632,91400.953125,2.0283848856700666
2,101221_00001,Philips,1,0.9837537407875061,5348.58447265625,1.7420995019595158
2,101222_00001,Philips,1,0.9035497903823853,4562.50244140625,1.4081675515504108
2,101229_00001,Philips,1,0.9819273352622986,7053.8173828125,1.7744899815250115
2,101236_00001,Philips,1,0.9776499271392822,2421.543701171875,1.6286055900207217
2,101240_00001,Philips,0,0.9798997044563293,2250.2421875,1.4962287027998424
2,101257_00001,Philips,0,0.9846641421318054,23682.072265625,1.923167271530553
2,101264_00001,Philips,1,0.9819619059562683,44769.69921875,1.9969081885517523
2,101267_00001,Philips,1,0.9778199791908264,20218.509765625,1.8930419691921396
2,101279_00001,Philips,0,0.9770445227622986,19213.55859375,1.8890350391175357
2,101284_00001,Philips,1,0.9861780405044556,3168.968017578125,1.6751904593201585
2,101291_00001,Philips,0,0.9758315682411194,8210.525390625,1.7731884345110436
2,101296_00001,Philips,1,0.9405717849731445,13241.884765625,1.7315296153810693
2,101306_00001,Philips,1,0.9808025360107422,22528.5625,1.9097429363822958
2,101313_00001,Philips,1,0.9700985550880432,2723.1767578125,1.5737944789558882
2,101314_00001,Philips,1,0.9771973490715027,47052.875,1.991261246275363
2,101316_00001,Philips,1,0.9861246943473816,2433.55029296875,1.6448311379266434
2,101321_00001,Philips,1,0.9817706942558289,27615.72265625,1.942726585235163
2,101322_00001,Philips,1,0.9680506587028503,7430.2861328125,1.729762118310934
2,101327_00001,Philips,0,0.9184070825576782,2946.607421875,1.4737042072501698
2,101331_00001,Philips,1,0.9790157079696655,12475.8857421875,1.8267055116734476
2,101336_00001,Philips,1,0.9859092831611633,39662.97265625,1.9219659443797272
2,101352_00001,Philips,1,0.9843964576721191,8250.265625,1.7882137897888388
2,101363_00001,Philips,0,0.9476239681243896,3107.50439453125,1.5614978456300679
2,101367_00001,Philips,1,0.9856076240539551,5195.6328125,1.7421013506595162
2,101369_00001,Philips,1,0.9851861596107483,5299.7353515625,1.7171651377127994
2,101371_00001,Philips,0,0.9818056225776672,4902.05712890625,1.6392893257043621
2,101378_00001,Philips,1,0.9695556163787842,6083.7548828125,1.5945663800836805
2,101403_00001,Philips,1,0.984752357006073,22898.41796875,1.9227406567794691
2,101409_00001,Philips,1,0.9821341633796692,3956.97705078125,1.6680063152102624
2,101410_00001,Philips,1,0.9833109378814697,13278.4365234375,1.848891446996981
2,101417_00001,Philips,1,0.970436692237854,605.1006469726562,1.4687787836967225
2,101426_00001,Philips,0,0.9771973490715027,20517.869140625,1.897899735915381
2,101427_00001,Philips,1,0.983502209186554,4069.802734375,1.6303102309400588
2,101433_00001,Philips,0,0.8362204432487488,1120.8271484375,1.2973282903129735
2,101434_00001,Philips,1,0.9817007184028625,41083.59765625,1.990782716921928
2,101436_00001,Philips,1,0.980728805065155,1034.4656982421875,1.4754532486544103
2,101446_00001,Philips,1,0.982355535030365,7735.525390625,1.7824923457780997
2,101475_00001,Philips,1,0.986336886882782,13363.26171875,1.793379434848079
2,101477_00001,Philips,0,0.9069831967353821,4753.1591796875,1.5605781279336046
2,101478_00001,Philips,1,0.9797065258026123,39703.7578125,1.9856508931141057
2,101482_00001,Philips,1,0.9556514620780945,21554.150390625,1.8460391046525058
2,101483_00001,Philips,1,0.9754835963249207,2888.0634765625,1.5746801601430938
2,101488_00001,Philips,1,0.9848109483718872,2565.158935546875,1.6213785349383205
2,101501_00001,Philips,1,0.9833109378814697,22389.39453125,1.8010872402499822
2,101505_00001,Philips,1,0.9746528267860413,1432.371337890625,1.5203784125596267
2,101514_00001,Philips,0,0.9824568033218384,30375.79296875,1.955399248336994
2,101530_00001,Philips,1,0.9831499457359314,6638.93310546875,1.766614291937882
2,101533_00001,Philips,1,0.9834704995155334,23512.25,1.8751655756728653
2,101541_00001,Philips,1,0.9843062162399292,6213.36376953125,1.760962611739222
2,101543_00001,Philips,1,0.9750598073005676,138460.15625,2.150627642353608
2,101545_00001,Philips,1,0.9755069613456726,26376.12890625,1.9215758807844106
2,101550_00001,Philips,1,0.9798033833503723,45560.25,1.9930890220167352
2,101560_00001,Philips,1,0.9761291742324829,9074.80859375,1.7645199743619757
2,101561_00001,Philips,1,0.9814534187316895,2930.925048828125,1.6664556055394282
2,101569_00001,Philips,1,0.9806178212165833,9531.5595703125,1.8020680201108061
2,101574_00001,Philips,1,0.9770664572715759,38599.9140625,1.9761202444985635
2,101578_00001,Philips,1,0.9848109483718872,12241.3955078125,1.8389197797202659
2,101582_00001,Philips,1,0.9634374976158142,5960.28076171875,1.5879678751765276
2,101589_00001,Philips,1,0.9192809462547302,18264.845703125,1.7375913532115141
2,101592_00001,Philips,1,0.9853842854499817,2066.1015625,1.5456241077645445
2,101593_00001,Philips,1,0.9865716695785522,2822.89892578125,1.6748278730040962
2,101596_00001,Philips,1,0.9837537407875061,22962.630859375,1.9222346129810226
2,101598_00001,Philips,1,0.9850141406059265,18044.3515625,1.8700714435125796
2,101600_00001,Philips,1,0.9859634041786194,5339.56298828125,1.6653380803249598
2,101602_00001,Philips,1,0.9818752408027649,72399.3046875,1.9764585744685506
2,101615_00001,Philips,1,0.9849852323532104,9889.029296875,1.817914414934117
2,101616_00001,Philips,1,0.9020070433616638,2611.624267578125,1.4951806462226216
2,101622_00001,Philips,0,0.9809125065803528,15521.02734375,1.860711334293558
2,101625_00001,Philips,1,0.9846641421318054,2015.30810546875,1.6322498186881962
2,101634_00001,Philips,1,0.9831175804138184,9220.6201171875,1.8072101223066417
2,101640_00001,Philips,1,0.9716448187828064,2578.258056640625,1.567125446682641
2,101653_00001,Philips,1,0.9856076240539551,12700.712890625,1.7427780281720566
2,101666_00001,Philips,1,0.9848983883857727,9734.646484375,1.8055756832164573
2,101669_00001,Philips,1,0.9843062162399292,13574.2587890625,1.8534350777043471
2,101692_00001,Philips,1,0.9816126823425293,3260.48388671875,1.671870678694617
2,101693_00001,Philips,0,0.9491063356399536,3409.7177734375,1.5521759902066345
2,101695_00001,Philips,1,0.9845753908157349,10144.267578125,1.8190924778719224
2,101707_00001,Philips,0,0.9252300262451172,1108.0372314453125,1.3759852136913222
2,101720_00001,Philips,0,0.9753431081771851,4263.8388671875,1.6230570638095896
2,101721_00001,Philips,1,0.9817181825637817,97954.7109375,2.11302064000831
2,101735_00001,Philips,1,0.9791157841682434,7952.15625,1.765951886877822
2,101744_00001,Philips,1,0.985496461391449,11794.8359375,1.840994383618769
2,101751_00001,Philips,1,0.9807657599449158,14424.60546875,1.857999891470571
2,101767_00001,Philips,1,0.986336886882782,8205.08984375,1.7977382303514384
2,101773_00001,Philips,1,0.9779045581817627,10212.203125,1.6716927970827848
2,101795_00001,Philips,1,0.9833430051803589,4741.474609375,1.6738658120727232
2,101803_00001,Philips,0,0.9807472825050354,823.8106079101562,1.4888325870308974
2,101808_00001,Philips,1,0.983020007610321,21123.7890625,1.8535196126981306
2,101810_00001,Philips,0,0.9726495146751404,2806.484375,1.5227505478359906
2,101811_00001,Philips,0,0.9099870324134827,8412.78515625,1.632735874074615
2,101814_00001,Philips,0,0.9437118172645569,302.02862548828125,1.2861993407701144
2,101816_00001,Philips,1,0.9821341633796692,9834.296875,1.8127016167882661
2,101836_00001,Philips,1,0.979841947555542,48945.02734375,2.0136214035096085
2,101845_00001,Philips,1,0.9704926013946533,7816.54296875,1.6837207142392125
2,101846_00001,Philips,1,0.9776712656021118,36418.99609375,1.9449346113067785
2,101850_00001,Philips,0,0.9843062162399292,11179.4697265625,1.789107142991347
2,101855_00001,Philips,1,0.9657383561134338,1336.068359375,1.4736032679863664
2,101856_00001,Philips,1,0.9824904799461365,5821.33251953125,1.7241501300140571
2,101862_00001,Philips,0,0.9812389612197876,3771.029296875,1.5914930436153472
2,101880_00001,Philips,1,0.9811307191848755,2231.332763671875,1.6067652064295308
2,101882_00001,Philips,0,0.9834068417549133,25032.515625,1.8805688409495505
2,101891_00001,Philips,0,0.7071014046669006,316.1395263671875,0.8995565736534769
2,101894_00001,Philips,0,0.8228306770324707,1264.570068359375,1.301721258837805
2,101895_00001,Philips,1,0.9822707772254944,1663.63525390625,1.5868340303493484
2,101898_00001,Philips,1,0.9853278994560242,16684.140625,1.8315752779522365
2,101902_00001,Philips,0,0.971563994884491,1223.461669921875,1.486937995509584
2,101910_00001,Philips,0,0.8015477657318115,2088.216064453125,1.2729557844804444
2,101913_00001,Philips,0,0.584241509437561,496.78497314453125,0.7507412976689412
2,101915_00001,Philips,1,0.9789353013038635,63062.19140625,2.0222401062079505
2,101917_00001,Philips,1,0.9852997064590454,4161.20556640625,1.6768128809715706
2,101918_00001,Philips,1,0.9791157841682434,15822.302734375,1.8666835125695846
2,101956_00001,Philips,1,0.9749646186828613,768.3902587890625,1.458616074110034
2,101964_00001,Philips,1,0.9824399948120117,12522.451171875,1.8396582040962748
2,101965_00001,Philips,1,0.9842154383659363,20160.744140625,1.9066806604551003
2,101971_00001,Philips,1,0.9576753973960876,7820.357421875,1.726550729931738
2,101985_00001,Philips,0,0.9790558218955994,105572.1640625,2.1150821733057508
2,101998_00001,Philips,1,0.9807657599449158,8047.07568359375,1.7831741158942862
2,101999_00001,Philips,0,0.9828891754150391,72009.1015625,2.02632967574323
2,102002_00001,Philips,1,0.9851861596107483,6166.4052734375,1.660807008575944
2,102006_00001,Philips,1,0.9830850958824158,28612.888671875,1.938542214451643
2,102009_00001,Philips,1,0.9721779823303223,13621.7685546875,1.7817060205777357
2,102029_00001,Philips,1,0.9862577319145203,13039.169921875,1.845611118892875
2,102040_00001,Philips,1,0.9829546809196472,13771.0380859375,1.8457399876934097
2,102049_00001,Philips,1,0.9802431464195251,11580.90234375,1.81014105511039
2,102051_00001,Philips,1,0.7461389899253845,3707.25244140625,1.1673870796541448
2,102058_00001,Philips,1,0.9812209606170654,4495.802734375,1.6949840688987277
2,102061_00001,Philips,1,0.9805620312690735,41395.6796875,1.9926067039644286
2,102063_00001,Philips,1,0.9815951585769653,32977.92578125,1.960947748321474
2,102065_00001,Philips,1,0.978425920009613,103542.09375,2.096453298058869
2,102091_00001,Philips,1,0.9726495146751404,1738.9136962890625,1.5051791235750946
2,102093_00001,Philips,0,0.7919819355010986,3915.55859375,1.2411038289190963
2,102094_00001,Philips,1,0.9654788970947266,12266.23046875,1.6944193381974566
2,102101_00001,Philips,0,0.9837850332260132,5168.83203125,1.6977519195355297
2,102109_00001,Philips,1,0.8871068358421326,986.4324951171875,1.3023065053677365
2,102111_00001,Philips,1,0.9824230670928955,5101.06201171875,1.6760594740313874
2,102115_00001,Philips,1,0.9832144975662231,10864.9609375,1.8283027807041945
2,102135_00001,Philips,0,0.939024806022644,1549.166015625,1.5055292193383236
2,102137_00001,Philips,1,0.9120452404022217,206.61856079101562,1.2244890922137062
2,102138_00001,Philips,1,0.9841850996017456,4687.77978515625,1.7271239793888653
2,102140_00001,Philips,1,0.9817181825637817,7569.298828125,1.7829023123915286
2,102149_00001,Philips,1,0.9834704995155334,3340.8720703125,1.674578849490075
2,102156_00001,Philips,1,0.9834704995155334,1545.3145751953125,1.5553197769137599
2,102164_00001,Philips,1,0.9805992841720581,26697.23828125,1.8996876991200413
2,102165_00001,Philips,0,0.17945866286754608,193.8930206298828,0.17945866286754608
2,102166_00001,Philips,1,0.9874961376190186,8084.6923828125,1.750501922691712
2,102175_00001,Philips,0,0.9573974013328552,5533.685546875,1.6093703557014751
2,102179_00001,Philips,1,0.9858549237251282,4694.92529296875,1.721186656378669
2,102188_00001,Philips,0,0.9574770927429199,32666.59375,1.7218536173985959
2,102190_00001,Philips,1,0.907230019569397,288.2734069824219,1.2388241530926691
2,102191_00001,Philips,1,0.9851289987564087,11669.96875,1.824491326232869
2,102203_00001,Philips,1,0.9773492217063904,34791.74609375,1.9631846862119318
2,102206_00001,Philips,1,0.9793145656585693,14902.775390625,1.8452627388713805
2,102209_00001,Philips,0,0.9641867876052856,2832.890625,1.557697726169254
2,102212_00001,Philips,0,0.9778411984443665,122822.875,2.1361491163194453
