=== battery waiting for LOMO driver Sun Oct  4 14:04:25 UTC 2026 ===
=== [1/3] LOMO per-scanner detection Sun Oct  4 19:50:27 UTC 2026 ===
=== TIGHT LOMO: per-held-out-scanner detection AUROC (OOD) ===
  Siemens  n=938 pos=170 base=0.181  p_max=0.791  p_sum=0.732  cc_psz=0.811 [0.77,0.85]  (145s)
  Toshiba  n=651 pos=134 base=0.206  p_max=0.713  p_sum=0.738  cc_psz=0.773 [0.73,0.82]  (102s)
  Philips  n=319 pos=241 base=0.755  p_max=0.751  p_sum=0.674  cc_psz=0.751 [0.69,0.81]  (18s)
LOMO_BATTERY_DONE
=== [2/3] tight-CV re-inference + confound tax Sun Oct  4 19:54:54 UTC 2026 ===
  fold 0: 393 cases Sun Oct  4 19:54:54 UTC 2026
  fold 0 predicted: 393 npz
  fold 1: 393 cases Sun Oct  4 21:00:44 UTC 2026
  fold 1 predicted: 393 npz
  fold 2: 393 cases Sun Oct  4 22:07:00 UTC 2026
  fold 2 predicted: 393 npz
  fold 3: 393 cases Sun Oct  4 23:13:38 UTC 2026
  fold 3 predicted: 393 npz
  fold 4: 392 cases Mon Oct  5 00:21:11 UTC 2026
  fold 4 predicted: 392 npz
=== TIGHT CV: confound tax (mixed-scanner vs within-scanner, in-distribution) ===
  fold 0: scored 393/393
  fold 1: scored 393/393
  fold 2: scored 393/393
  fold 3: scored 393/393
  fold 4: scored 392/392
  p_max   mixed(per-fold)=0.770 | within: Siemens=0.788 Toshiba=0.737 Philips=0.707 | TAX = +0.026
  p_sum   mixed(per-fold)=0.728 | within: Siemens=0.739 Toshiba=0.744 Philips=0.625 | TAX = +0.026
  cc_psz  mixed(per-fold)=0.787 | within: Siemens=0.807 Toshiba=0.784 Philips=0.676 | TAX = +0.031
CV_BATTERY_DONE
=== [3/3] feature probe Mon Oct  5 01:28:23 UTC 2026 ===
None
old shape: (90, 333, 512), new_shape: [ 90 240 369], old_spacing: [np.float64(1.5), np.float64(0.53515625), np.float64(0.53515625)], new_spacing: [1.5, 0.7421875, 0.7421875], fn_data: functools.partial(<function resample_data_or_seg_to_shape at 0x793587ba0220>, is_seg=False, order=3, order_z=0, force_separate_z=None)
None
old shape: (194, 239, 445), new_shape: [ 78 240 447], old_spacing: [np.float64(0.6000000238418579), np.float64(0.74609375), np.float64(0.74609375)], new_spacing: [1.5, 0.7421875, 0.7421875], fn_data: functools.partial(<function resample_data_or_seg_to_shape at 0x793587ba0220>, is_seg=False, order=3, order_z=0, force_separate_z=None)
None
old shape: (128, 210, 389), new_shape: [ 85 251 466], old_spacing: [np.float64(1.0), np.float64(0.888671875), np.float64(0.888671875)], new_spacing: [1.5, 0.7421875, 0.7421875], fn_data: functools.partial(<function resample_data_or_seg_to_shape at 0x793587ba0220>, is_seg=False, order=3, order_z=0, force_separate_z=None)
None
old shape: (42, 257, 481), new_shape: [ 56 230 430], old_spacing: [np.float64(2.0), np.float64(0.6640625), np.float64(0.6640625)], new_spacing: [1.5, 0.7421875, 0.7421875], fn_data: functools.partial(<function resample_data_or_seg_to_shape at 0x793587ba0220>, is_seg=False, order=3, order_z=0, force_separate_z=None)
None
old shape: (75, 212, 430), new_shape: [ 75 212 430], old_spacing: [np.float64(1.5), np.float64(0.7421875), np.float64(0.7421875)], new_spacing: [1.5, 0.7421875, 0.7421875], fn_data: functools.partial(<function resample_data_or_seg_to_shape at 0x793587ba0220>, is_seg=False, order=3, order_z=0, force_separate_z=None)
None
old shape: (195, 281, 447), new_shape: [ 91 254 405], old_spacing: [np.float64(0.699999988079071), np.float64(0.671875), np.float64(0.671875)], new_spacing: [1.5, 0.7421875, 0.7421875], fn_data: functools.partial(<function resample_data_or_seg_to_shape at 0x793587ba0220>, is_seg=False, order=3, order_z=0, force_separate_z=None)
None
old shape: (55, 222, 498), new_shape: [ 55 213 477], old_spacing: [np.float64(1.5), np.float64(0.7109375), np.float64(0.7109375)], new_spacing: [1.5, 0.7421875, 0.7421875], fn_data: functools.partial(<function resample_data_or_seg_to_shape at 0x793587ba0220>, is_seg=False, order=3, order_z=0, force_separate_z=None)
None
old shape: (76, 235, 421), new_shape: [ 76 256 459], old_spacing: [np.float64(1.5), np.float64(0.80859375), np.float64(0.80859375)], new_spacing: [1.5, 0.7421875, 0.7421875], fn_data: functools.partial(<function resample_data_or_seg_to_shape at 0x793587ba0220>, is_seg=False, order=3, order_z=0, force_separate_z=None)
None
old shape: (152, 220, 453), new_shape: [ 71 221 455], old_spacing: [np.float64(0.699999988079071), np.float64(0.74609375), np.float64(0.74609375)], new_spacing: [1.5, 0.7421875, 0.7421875], fn_data: functools.partial(<function resample_data_or_seg_to_shape at 0x793587ba0220>, is_seg=False, order=3, order_z=0, force_separate_z=None)
None
old shape: (75, 294, 503), new_shape: [ 75 253 433], old_spacing: [np.float64(1.5), np.float64(0.638671875), np.float64(0.638671875)], new_spacing: [1.5, 0.7421875, 0.7421875], fn_data: functools.partial(<function resample_data_or_seg_to_shape at 0x793587ba0220>, is_seg=False, order=3, order_z=0, force_separate_z=None)
None
old shape: (52, 214, 445), new_shape: [ 69 220 457], old_spacing: [np.float64(2.0), np.float64(0.76171875), np.float64(0.76171875)], new_spacing: [1.5, 0.7421875, 0.7421875], fn_data: functools.partial(<function resample_data_or_seg_to_shape at 0x793587ba0220>, is_seg=False, order=3, order_z=0, force_separate_z=None)
None
old shape: (88, 233, 438), new_shape: [ 88 239 450], old_spacing: [np.float64(1.5), np.float64(0.76171875), np.float64(0.76171875)], new_spacing: [1.5, 0.7421875, 0.7421875], fn_data: functools.partial(<function resample_data_or_seg_to_shape at 0x793587ba0220>, is_seg=False, order=3, order_z=0, force_separate_z=None)
None
old shape: (34, 281, 423), new_shape: [ 68 265 399], old_spacing: [np.float64(3.0), np.float64(0.69921875), np.float64(0.69921875)], new_spacing: [1.5, 0.7421875, 0.7421875], fn_data: functools.partial(<function resample_data_or_seg_to_shape at 0x793587ba0220>, is_seg=False, order=3, order_z=0, force_separate_z=None)
None
old shape: (57, 281, 468), new_shape: [ 57 243 404], old_spacing: [np.float64(1.5), np.float64(0.640625), np.float64(0.640625)], new_spacing: [1.5, 0.7421875, 0.7421875], fn_data: functools.partial(<function resample_data_or_seg_to_shape at 0x793587ba0220>, is_seg=False, order=3, order_z=0, force_separate_z=None)
None
old shape: (77, 253, 433), new_shape: [ 77 268 458], old_spacing: [np.float64(1.5), np.float64(0.78515625), np.float64(0.78515625)], new_spacing: [1.5, 0.7421875, 0.7421875], fn_data: functools.partial(<function resample_data_or_seg_to_shape at 0x793587ba0220>, is_seg=False, order=3, order_z=0, force_separate_z=None)
None
old shape: (86, 243, 447), new_shape: [ 86 214 394], old_spacing: [np.float64(1.5), np.float64(0.654296875), np.float64(0.654296875)], new_spacing: [1.5, 0.7421875, 0.7421875], fn_data: functools.partial(<function resample_data_or_seg_to_shape at 0x793587ba0220>, is_seg=False, order=3, order_z=0, force_separate_z=None)
None
old shape: (158, 206, 408), new_shape: [ 63 222 440], old_spacing: [np.float64(0.6000000238418579), np.float64(0.80078125), np.float64(0.80078125)], new_spacing: [1.5, 0.7421875, 0.7421875], fn_data: functools.partial(<function resample_data_or_seg_to_shape at 0x793587ba0220>, is_seg=False, order=3, order_z=0, force_separate_z=None)
None
old shape: (77, 231, 423), new_shape: [ 77 224 411], old_spacing: [np.float64(1.5), np.float64(0.720703125), np.float64(0.720703125)], new_spacing: [1.5, 0.7421875, 0.7421875], fn_data: functools.partial(<function resample_data_or_seg_to_shape at 0x793587ba0220>, is_seg=False, order=3, order_z=0, force_separate_z=None)
None
old shape: (79, 245, 426), new_shape: [ 79 245 426], old_spacing: [np.float64(1.5), np.float64(0.7421875), np.float64(0.7421875)], new_spacing: [1.5, 0.7421875, 0.7421875], fn_data: functools.partial(<function resample_data_or_seg_to_shape at 0x793587ba0220>, is_seg=False, order=3, order_z=0, force_separate_z=None)
None
old shape: (77, 252, 442), new_shape: [ 77 258 452], old_spacing: [np.float64(1.5), np.float64(0.759765625), np.float64(0.759765625)], new_spacing: [1.5, 0.7421875, 0.7421875], fn_data: functools.partial(<function resample_data_or_seg_to_shape at 0x793587ba0220>, is_seg=False, order=3, order_z=0, force_separate_z=None)
None
old shape: (80, 192, 392), new_shape: [ 80 230 470], old_spacing: [np.float64(1.5), np.float64(0.890625), np.float64(0.890625)], new_spacing: [1.5, 0.7421875, 0.7421875], fn_data: functools.partial(<function resample_data_or_seg_to_shape at 0x793587ba0220>, is_seg=False, order=3, order_z=0, force_separate_z=None)
None
old shape: (59, 256, 386), new_shape: [ 79 273 411], old_spacing: [np.float64(2.0), np.float64(0.791015625), np.float64(0.791015625)], new_spacing: [1.5, 0.7421875, 0.7421875], fn_data: functools.partial(<function resample_data_or_seg_to_shape at 0x793587ba0220>, is_seg=False, order=3, order_z=0, force_separate_z=None)
None
old shape: (160, 232, 429), new_shape: [ 75 230 426], old_spacing: [np.float64(0.699999988079071), np.float64(0.736328125), np.float64(0.736328125)], new_spacing: [1.5, 0.7421875, 0.7421875], fn_data: functools.partial(<function resample_data_or_seg_to_shape at 0x793587ba0220>, is_seg=False, order=3, order_z=0, force_separate_z=None)
None
old shape: (84, 216, 418), new_shape: [ 84 224 433], old_spacing: [np.float64(1.5), np.float64(0.76953125), np.float64(0.76953125)], new_spacing: [1.5, 0.7421875, 0.7421875], fn_data: functools.partial(<function resample_data_or_seg_to_shape at 0x793587ba0220>, is_seg=False, order=3, order_z=0, force_separate_z=None)
None
old shape: (86, 245, 446), new_shape: [ 86 245 446], old_spacing: [np.float64(1.5), np.float64(0.7421875), np.float64(0.7421875)], new_spacing: [1.5, 0.7421875, 0.7421875], fn_data: functools.partial(<function resample_data_or_seg_to_shape at 0x793587ba0220>, is_seg=False, order=3, order_z=0, force_separate_z=None)
None
old shape: (92, 233, 421), new_shape: [ 92 239 432], old_spacing: [np.float64(1.5), np.float64(0.76171875), np.float64(0.76171875)], new_spacing: [1.5, 0.7421875, 0.7421875], fn_data: functools.partial(<function resample_data_or_seg_to_shape at 0x793587ba0220>, is_seg=False, order=3, order_z=0, force_separate_z=None)
None
old shape: (72, 236, 439), new_shape: [ 72 236 439], old_spacing: [np.float64(1.5), np.float64(0.7421875), np.float64(0.7421875)], new_spacing: [1.5, 0.7421875, 0.7421875], fn_data: functools.partial(<function resample_data_or_seg_to_shape at 0x793587ba0220>, is_seg=False, order=3, order_z=0, force_separate_z=None)
None
old shape: (85, 190, 323), new_shape: [ 40 240 407], old_spacing: [np.float64(0.699999988079071), np.float64(0.935546875), np.float64(0.935546875)], new_spacing: [1.5, 0.7421875, 0.7421875], fn_data: functools.partial(<function resample_data_or_seg_to_shape at 0x793587ba0220>, is_seg=False, order=3, order_z=0, force_separate_z=None)
None
old shape: (84, 266, 471), new_shape: [ 84 231 409], old_spacing: [np.float64(1.5), np.float64(0.64453125), np.float64(0.64453125)], new_spacing: [1.5, 0.7421875, 0.7421875], fn_data: functools.partial(<function resample_data_or_seg_to_shape at 0x793587ba0220>, is_seg=False, order=3, order_z=0, force_separate_z=None)
None
old shape: (28, 216, 434), new_shape: [ 75 226 453], old_spacing: [np.float64(4.0), np.float64(0.775390625), np.float64(0.775390625)], new_spacing: [1.5, 0.7421875, 0.7421875], fn_data: functools.partial(<function resample_data_or_seg_to_shape at 0x793587ba0220>, is_seg=False, order=3, order_z=0, force_separate_z=None)
None
old shape: (84, 309, 454), new_shape: [ 84 275 404], old_spacing: [np.float64(1.5), np.float64(0.66015625), np.float64(0.66015625)], new_spacing: [1.5, 0.7421875, 0.7421875], fn_data: functools.partial(<function resample_data_or_seg_to_shape at 0x793587ba0220>, is_seg=False, order=3, order_z=0, force_separate_z=None)
None
old shape: (81, 235, 412), new_shape: [ 81 224 392], old_spacing: [np.float64(1.5), np.float64(0.70703125), np.float64(0.70703125)], new_spacing: [1.5, 0.7421875, 0.7421875], fn_data: functools.partial(<function resample_data_or_seg_to_shape at 0x793587ba0220>, is_seg=False, order=3, order_z=0, force_separate_z=None)
None
old shape: (249, 290, 510), new_shape: [ 83 238 419], old_spacing: [np.float64(0.5), np.float64(0.609375), np.float64(0.609375)], new_spacing: [1.5, 0.7421875, 0.7421875], fn_data: functools.partial(<function resample_data_or_seg_to_shape at 0x793587ba0220>, is_seg=False, order=3, order_z=0, force_separate_z=None)
None
old shape: (59, 237, 441), new_shape: [ 79 228 425], old_spacing: [np.float64(2.0), np.float64(0.71484375), np.float64(0.71484375)], new_spacing: [1.5, 0.7421875, 0.7421875], fn_data: functools.partial(<function resample_data_or_seg_to_shape at 0x793587ba0220>, is_seg=False, order=3, order_z=0, force_separate_z=None)
None
old shape: (59, 242, 426), new_shape: [ 79 255 448], old_spacing: [np.float64(2.0), np.float64(0.78125), np.float64(0.78125)], new_spacing: [1.5, 0.7421875, 0.7421875], fn_data: functools.partial(<function resample_data_or_seg_to_shape at 0x793587ba0220>, is_seg=False, order=3, order_z=0, force_separate_z=None)
None
old shape: (54, 203, 375), new_shape: [ 72 225 416], old_spacing: [np.float64(2.0), np.float64(0.82421875), np.float64(0.82421875)], new_spacing: [1.5, 0.7421875, 0.7421875], fn_data: functools.partial(<function resample_data_or_seg_to_shape at 0x793587ba0220>, is_seg=False, order=3, order_z=0, force_separate_z=None)
None
old shape: (48, 200, 428), new_shape: [ 64 211 451], old_spacing: [np.float64(2.0), np.float64(0.78125), np.float64(0.78125)], new_spacing: [1.5, 0.7421875, 0.7421875], fn_data: functools.partial(<function resample_data_or_seg_to_shape at 0x793587ba0220>, is_seg=False, order=3, order_z=0, force_separate_z=None)
None
old shape: (77, 250, 385), new_shape: [ 77 263 405], old_spacing: [np.float64(1.5), np.float64(0.78125), np.float64(0.78125)], new_spacing: [1.5, 0.7421875, 0.7421875], fn_data: functools.partial(<function resample_data_or_seg_to_shape at 0x793587ba0220>, is_seg=False, order=3, order_z=0, force_separate_z=None)
None
old shape: (64, 194, 368), new_shape: [ 85 219 414], old_spacing: [np.float64(2.0), np.float64(0.8359375), np.float64(0.8359375)], new_spacing: [1.5, 0.7421875, 0.7421875], fn_data: functools.partial(<function resample_data_or_seg_to_shape at 0x793587ba0220>, is_seg=False, order=3, order_z=0, force_separate_z=None)
None
old shape: (34, 248, 452), new_shape: [ 68 240 438], old_spacing: [np.float64(3.0), np.float64(0.71875), np.float64(0.71875)], new_spacing: [1.5, 0.7421875, 0.7421875], fn_data: functools.partial(<function resample_data_or_seg_to_shape at 0x793587ba0220>, is_seg=False, order=3, order_z=0, force_separate_z=None)
None
old shape: (53, 273, 432), new_shape: [ 75 259 410], old_spacing: [np.float64(2.1232075691223145), np.float64(0.705078125), np.float64(0.705078125)], new_spacing: [1.5, 0.7421875, 0.7421875], fn_data: functools.partial(<function resample_data_or_seg_to_shape at 0x793587ba0220>, is_seg=False, order=3, order_z=0, force_separate_z=None)
None
old shape: (214, 231, 429), new_shape: [ 71 225 418], old_spacing: [np.float64(0.5), np.float64(0.72265625), np.float64(0.72265625)], new_spacing: [1.5, 0.7421875, 0.7421875], fn_data: functools.partial(<function resample_data_or_seg_to_shape at 0x793587ba0220>, is_seg=False, order=3, order_z=0, force_separate_z=None)
None
old shape: (26, 188, 401), new_shape: [ 69 218 464], old_spacing: [np.float64(4.0), np.float64(0.859375), np.float64(0.859375)], new_spacing: [1.5, 0.7421875, 0.7421875], fn_data: functools.partial(<function resample_data_or_seg_to_shape at 0x793587ba0220>, is_seg=False, order=3, order_z=0, force_separate_z=None)
None
old shape: (56, 212, 415), new_shape: [ 75 223 437], old_spacing: [np.float64(2.0), np.float64(0.78125), np.float64(0.78125)], new_spacing: [1.5, 0.7421875, 0.7421875], fn_data: functools.partial(<function resample_data_or_seg_to_shape at 0x793587ba0220>, is_seg=False, order=3, order_z=0, force_separate_z=None)
None
old shape: (230, 250, 419), new_shape: [ 77 260 436], old_spacing: [np.float64(0.5), np.float64(0.771484375), np.float64(0.771484375)], new_spacing: [1.5, 0.7421875, 0.7421875], fn_data: functools.partial(<function resample_data_or_seg_to_shape at 0x793587ba0220>, is_seg=False, order=3, order_z=0, force_separate_z=None)
None
old shape: (86, 208, 411), new_shape: [ 86 236 466], old_spacing: [np.float64(1.5), np.float64(0.841796875), np.float64(0.841796875)], new_spacing: [1.5, 0.7421875, 0.7421875], fn_data: functools.partial(<function resample_data_or_seg_to_shape at 0x793587ba0220>, is_seg=False, order=3, order_z=0, force_separate_z=None)
None
old shape: (62, 212, 410), new_shape: [ 83 223 432], old_spacing: [np.float64(2.0), np.float64(0.78125), np.float64(0.78125)], new_spacing: [1.5, 0.7421875, 0.7421875], fn_data: functools.partial(<function resample_data_or_seg_to_shape at 0x793587ba0220>, is_seg=False, order=3, order_z=0, force_separate_z=None)
None
old shape: (85, 225, 447), new_shape: [ 85 242 480], old_spacing: [np.float64(1.5), np.float64(0.796875), np.float64(0.796875)], new_spacing: [1.5, 0.7421875, 0.7421875], fn_data: functools.partial(<function resample_data_or_seg_to_shape at 0x793587ba0220>, is_seg=False, order=3, order_z=0, force_separate_z=None)
None
old shape: (73, 273, 484), new_shape: [ 73 256 453], old_spacing: [np.float64(1.5), np.float64(0.6953125), np.float64(0.6953125)], new_spacing: [1.5, 0.7421875, 0.7421875], fn_data: functools.partial(<function resample_data_or_seg_to_shape at 0x793587ba0220>, is_seg=False, order=3, order_z=0, force_separate_z=None)
None
old shape: (89, 262, 473), new_shape: [ 89 236 426], old_spacing: [np.float64(1.5), np.float64(0.66796875), np.float64(0.66796875)], new_spacing: [1.5, 0.7421875, 0.7421875], fn_data: functools.partial(<function resample_data_or_seg_to_shape at 0x793587ba0220>, is_seg=False, order=3, order_z=0, force_separate_z=None)
None
old shape: (26, 208, 405), new_shape: [ 69 211 410], old_spacing: [np.float64(4.0), np.float64(0.751953125), np.float64(0.751953125)], new_spacing: [1.5, 0.7421875, 0.7421875], fn_data: functools.partial(<function resample_data_or_seg_to_shape at 0x793587ba0220>, is_seg=False, order=3, order_z=0, force_separate_z=None)
None
old shape: (56, 243, 469), new_shape: [ 56 239 462], old_spacing: [np.float64(1.5), np.float64(0.73046875), np.float64(0.73046875)], new_spacing: [1.5, 0.7421875, 0.7421875], fn_data: functools.partial(<function resample_data_or_seg_to_shape at 0x793587ba0220>, is_seg=False, order=3, order_z=0, force_separate_z=None)
None
old shape: (121, 231, 440), new_shape: [ 81 229 437], old_spacing: [np.float64(1.0), np.float64(0.736328125), np.float64(0.736328125)], new_spacing: [1.5, 0.7421875, 0.7421875], fn_data: functools.partial(<function resample_data_or_seg_to_shape at 0x793587ba0220>, is_seg=False, order=3, order_z=0, force_separate_z=None)
None
old shape: (73, 240, 465), new_shape: [ 73 213 412], old_spacing: [np.float64(1.5), np.float64(0.658203125), np.float64(0.658203125)], new_spacing: [1.5, 0.7421875, 0.7421875], fn_data: functools.partial(<function resample_data_or_seg_to_shape at 0x793587ba0220>, is_seg=False, order=3, order_z=0, force_separate_z=None)
None
old shape: (85, 232, 423), new_shape: [ 85 239 436], old_spacing: [np.float64(1.5), np.float64(0.765625), np.float64(0.765625)], new_spacing: [1.5, 0.7421875, 0.7421875], fn_data: functools.partial(<function resample_data_or_seg_to_shape at 0x793587ba0220>, is_seg=False, order=3, order_z=0, force_separate_z=None)
None
old shape: (77, 249, 402), new_shape: [ 77 290 468], old_spacing: [np.float64(1.5), np.float64(0.86328125), np.float64(0.86328125)], new_spacing: [1.5, 0.7421875, 0.7421875], fn_data: functools.partial(<function resample_data_or_seg_to_shape at 0x793587ba0220>, is_seg=False, order=3, order_z=0, force_separate_z=None)
None
old shape: (81, 289, 495), new_shape: [ 81 316 542], old_spacing: [np.float64(1.5), np.float64(0.8125), np.float64(0.8125)], new_spacing: [1.5, 0.7421875, 0.7421875], fn_data: functools.partial(<function resample_data_or_seg_to_shape at 0x793587ba0220>, is_seg=False, order=3, order_z=0, force_separate_z=None)
None
old shape: (31, 258, 434), new_shape: [ 83 245 412], old_spacing: [np.float64(4.0), np.float64(0.705078125), np.float64(0.705078125)], new_spacing: [1.5, 0.7421875, 0.7421875], fn_data: functools.partial(<function resample_data_or_seg_to_shape at 0x793587ba0220>, is_seg=False, order=3, order_z=0, force_separate_z=None)
None
old shape: (31, 215, 351), new_shape: [ 83 264 430], old_spacing: [np.float64(4.0), np.float64(0.91015625), np.float64(0.91015625)], new_spacing: [1.5, 0.7421875, 0.7421875], fn_data: functools.partial(<function resample_data_or_seg_to_shape at 0x793587ba0220>, is_seg=False, order=3, order_z=0, force_separate_z=None)
None
old shape: (80, 243, 451), new_shape: [ 80 256 475], old_spacing: [np.float64(1.5), np.float64(0.78125), np.float64(0.78125)], new_spacing: [1.5, 0.7421875, 0.7421875], fn_data: functools.partial(<function resample_data_or_seg_to_shape at 0x793587ba0220>, is_seg=False, order=3, order_z=0, force_separate_z=None)
None
old shape: (164, 272, 440), new_shape: [ 66 269 435], old_spacing: [np.float64(0.60009765625), np.float64(0.734375), np.float64(0.734375)], new_spacing: [1.5, 0.7421875, 0.7421875], fn_data: functools.partial(<function resample_data_or_seg_to_shape at 0x793587ba0220>, is_seg=False, order=3, order_z=0, force_separate_z=None)
None
old shape: (61, 248, 428), new_shape: [ 81 252 435], old_spacing: [np.float64(2.0), np.float64(0.75390625), np.float64(0.75390625)], new_spacing: [1.5, 0.7421875, 0.7421875], fn_data: functools.partial(<function resample_data_or_seg_to_shape at 0x793587ba0220>, is_seg=False, order=3, order_z=0, force_separate_z=None)
None
old shape: (60, 267, 451), new_shape: [ 80 236 399], old_spacing: [np.float64(2.0), np.float64(0.65625), np.float64(0.65625)], new_spacing: [1.5, 0.7421875, 0.7421875], fn_data: functools.partial(<function resample_data_or_seg_to_shape at 0x793587ba0220>, is_seg=False, order=3, order_z=0, force_separate_z=None)
None
old shape: (70, 290, 455), new_shape: [ 70 276 432], old_spacing: [np.float64(1.5), np.float64(0.705078125), np.float64(0.705078125)], new_spacing: [1.5, 0.7421875, 0.7421875], fn_data: functools.partial(<function resample_data_or_seg_to_shape at 0x793587ba0220>, is_seg=False, order=3, order_z=0, force_separate_z=None)
None
old shape: (76, 250, 424), new_shape: [ 76 249 423], old_spacing: [np.float64(1.5), np.float64(0.740234375), np.float64(0.740234375)], new_spacing: [1.5, 0.7421875, 0.7421875], fn_data: functools.partial(<function resample_data_or_seg_to_shape at 0x793587ba0220>, is_seg=False, order=3, order_z=0, force_separate_z=None)
None
old shape: (66, 190, 396), new_shape: [ 66 216 449], old_spacing: [np.float64(1.5), np.float64(0.841796875), np.float64(0.841796875)], new_spacing: [1.5, 0.7421875, 0.7421875], fn_data: functools.partial(<function resample_data_or_seg_to_shape at 0x793587ba0220>, is_seg=False, order=3, order_z=0, force_separate_z=None)
None
old shape: (130, 214, 418), new_shape: [ 65 233 454], old_spacing: [np.float64(0.75), np.float64(0.806640625), np.float64(0.806640625)], new_spacing: [1.5, 0.7421875, 0.7421875], fn_data: functools.partial(<function resample_data_or_seg_to_shape at 0x793587ba0220>, is_seg=False, order=3, order_z=0, force_separate_z=None)
None
old shape: (60, 281, 463), new_shape: [ 80 254 419], old_spacing: [np.float64(2.0), np.float64(0.671875), np.float64(0.671875)], new_spacing: [1.5, 0.7421875, 0.7421875], fn_data: functools.partial(<function resample_data_or_seg_to_shape at 0x793587ba0220>, is_seg=False, order=3, order_z=0, force_separate_z=None)
None
old shape: (42, 239, 436), new_shape: [ 84 247 450], old_spacing: [np.float64(3.0), np.float64(0.765625), np.float64(0.765625)], new_spacing: [1.5, 0.7421875, 0.7421875], fn_data: functools.partial(<function resample_data_or_seg_to_shape at 0x793587ba0220>, is_seg=False, order=3, order_z=0, force_separate_z=None)
None
old shape: (73, 225, 403), new_shape: [ 73 224 402], old_spacing: [np.float64(1.5), np.float64(0.740234375), np.float64(0.740234375)], new_spacing: [1.5, 0.7421875, 0.7421875], fn_data: functools.partial(<function resample_data_or_seg_to_shape at 0x793587ba0220>, is_seg=False, order=3, order_z=0, force_separate_z=None)
None
old shape: (73, 213, 427), new_shape: [ 73 206 412], old_spacing: [np.float64(1.5), np.float64(0.716796875), np.float64(0.716796875)], new_spacing: [1.5, 0.7421875, 0.7421875], fn_data: functools.partial(<function resample_data_or_seg_to_shape at 0x793587ba0220>, is_seg=False, order=3, order_z=0, force_separate_z=None)
None
old shape: (81, 255, 456), new_shape: [ 81 255 456], old_spacing: [np.float64(1.5), np.float64(0.7421875), np.float64(0.7421875)], new_spacing: [1.5, 0.7421875, 0.7421875], fn_data: functools.partial(<function resample_data_or_seg_to_shape at 0x793587ba0220>, is_seg=False, order=3, order_z=0, force_separate_z=None)
None
old shape: (27, 208, 467), new_shape: [ 72 207 465], old_spacing: [np.float64(4.0), np.float64(0.73828125), np.float64(0.73828125)], new_spacing: [1.5, 0.7421875, 0.7421875], fn_data: functools.partial(<function resample_data_or_seg_to_shape at 0x793587ba0220>, is_seg=False, order=3, order_z=0, force_separate_z=None)
None
old shape: (38, 204, 374), new_shape: [ 76 259 474], old_spacing: [np.float64(3.0), np.float64(0.94140625), np.float64(0.94140625)], new_spacing: [1.5, 0.7421875, 0.7421875], fn_data: functools.partial(<function resample_data_or_seg_to_shape at 0x793587ba0220>, is_seg=False, order=3, order_z=0, force_separate_z=None)
None
old shape: (59, 250, 512), new_shape: [ 59 202 414], old_spacing: [np.float64(1.5), np.float64(0.599609375), np.float64(0.599609375)], new_spacing: [1.5, 0.7421875, 0.7421875], fn_data: functools.partial(<function resample_data_or_seg_to_shape at 0x793587ba0220>, is_seg=False, order=3, order_z=0, force_separate_z=None)
None
old shape: (83, 221, 392), new_shape: [ 83 233 413], old_spacing: [np.float64(1.5), np.float64(0.78125), np.float64(0.78125)], new_spacing: [1.5, 0.7421875, 0.7421875], fn_data: functools.partial(<function resample_data_or_seg_to_shape at 0x793587ba0220>, is_seg=False, order=3, order_z=0, force_separate_z=None)
None
old shape: (98, 270, 448), new_shape: [ 98 249 413], old_spacing: [np.float64(1.5), np.float64(0.68359375), np.float64(0.68359375)], new_spacing: [1.5, 0.7421875, 0.7421875], fn_data: functools.partial(<function resample_data_or_seg_to_shape at 0x793587ba0220>, is_seg=False, order=3, order_z=0, force_separate_z=None)
None
old shape: (111, 213, 412), new_shape: [ 89 234 453], old_spacing: [np.float64(1.20001220703125), np.float64(0.81640625), np.float64(0.81640625)], new_spacing: [1.5, 0.7421875, 0.7421875], fn_data: functools.partial(<function resample_data_or_seg_to_shape at 0x793587ba0220>, is_seg=False, order=3, order_z=0, force_separate_z=None)
None
old shape: (91, 218, 397), new_shape: [ 91 221 403], old_spacing: [np.float64(1.5), np.float64(0.75390625), np.float64(0.75390625)], new_spacing: [1.5, 0.7421875, 0.7421875], fn_data: functools.partial(<function resample_data_or_seg_to_shape at 0x793587ba0220>, is_seg=False, order=3, order_z=0, force_separate_z=None)
None
old shape: (83, 266, 435), new_shape: [ 83 234 383], old_spacing: [np.float64(1.5), np.float64(0.654296875), np.float64(0.654296875)], new_spacing: [1.5, 0.7421875, 0.7421875], fn_data: functools.partial(<function resample_data_or_seg_to_shape at 0x793587ba0220>, is_seg=False, order=3, order_z=0, force_separate_z=None)
None
old shape: (93, 256, 479), new_shape: [ 93 224 418], old_spacing: [np.float64(1.5), np.float64(0.6484375), np.float64(0.6484375)], new_spacing: [1.5, 0.7421875, 0.7421875], fn_data: functools.partial(<function resample_data_or_seg_to_shape at 0x793587ba0220>, is_seg=False, order=3, order_z=0, force_separate_z=None)
None
old shape: (78, 258, 460), new_shape: [ 78 258 460], old_spacing: [np.float64(1.5), np.float64(0.7421875), np.float64(0.7421875)], new_spacing: [1.5, 0.7421875, 0.7421875], fn_data: functools.partial(<function resample_data_or_seg_to_shape at 0x793587ba0220>, is_seg=False, order=3, order_z=0, force_separate_z=None)
None
old shape: (77, 208, 419), new_shape: [ 77 208 419], old_spacing: [np.float64(1.5), np.float64(0.7421875), np.float64(0.7421875)], new_spacing: [1.5, 0.7421875, 0.7421875], fn_data: functools.partial(<function resample_data_or_seg_to_shape at 0x793587ba0220>, is_seg=False, order=3, order_z=0, force_separate_z=None)
None
old shape: (78, 233, 417), new_shape: [ 78 252 451], old_spacing: [np.float64(1.5), np.float64(0.802734375), np.float64(0.802734375)], new_spacing: [1.5, 0.7421875, 0.7421875], fn_data: functools.partial(<function resample_data_or_seg_to_shape at 0x793587ba0220>, is_seg=False, order=3, order_z=0, force_separate_z=None)
None
old shape: (33, 209, 409), new_shape: [ 66 212 414], old_spacing: [np.float64(3.0), np.float64(0.751953125), np.float64(0.751953125)], new_spacing: [1.5, 0.7421875, 0.7421875], fn_data: functools.partial(<function resample_data_or_seg_to_shape at 0x793587ba0220>, is_seg=False, order=3, order_z=0, force_separate_z=None)
None
old shape: (64, 215, 421), new_shape: [ 64 215 421], old_spacing: [np.float64(1.5), np.float64(0.7421875), np.float64(0.7421875)], new_spacing: [1.5, 0.7421875, 0.7421875], fn_data: functools.partial(<function resample_data_or_seg_to_shape at 0x793587ba0220>, is_seg=False, order=3, order_z=0, force_separate_z=None)
None
old shape: (67, 200, 424), new_shape: [ 67 229 486], old_spacing: [np.float64(1.5), np.float64(0.8515625), np.float64(0.8515625)], new_spacing: [1.5, 0.7421875, 0.7421875], fn_data: functools.partial(<function resample_data_or_seg_to_shape at 0x793587ba0220>, is_seg=False, order=3, order_z=0, force_separate_z=None)
None
old shape: (78, 305, 457), new_shape: [ 78 265 397], old_spacing: [np.float64(1.5), np.float64(0.64453125), np.float64(0.64453125)], new_spacing: [1.5, 0.7421875, 0.7421875], fn_data: functools.partial(<function resample_data_or_seg_to_shape at 0x793587ba0220>, is_seg=False, order=3, order_z=0, force_separate_z=None)
None
old shape: (72, 248, 426), new_shape: [ 72 247 424], old_spacing: [np.float64(1.5), np.float64(0.73828125), np.float64(0.73828125)], new_spacing: [1.5, 0.7421875, 0.7421875], fn_data: functools.partial(<function resample_data_or_seg_to_shape at 0x793587ba0220>, is_seg=False, order=3, order_z=0, force_separate_z=None)
None
old shape: (108, 192, 431), new_shape: [ 72 214 481], old_spacing: [np.float64(1.0), np.float64(0.828125), np.float64(0.828125)], new_spacing: [1.5, 0.7421875, 0.7421875], fn_data: functools.partial(<function resample_data_or_seg_to_shape at 0x793587ba0220>, is_seg=False, order=3, order_z=0, force_separate_z=None)
None
old shape: (79, 218, 426), new_shape: [ 79 235 460], old_spacing: [np.float64(1.5), np.float64(0.80078125), np.float64(0.80078125)], new_spacing: [1.5, 0.7421875, 0.7421875], fn_data: functools.partial(<function resample_data_or_seg_to_shape at 0x793587ba0220>, is_seg=False, order=3, order_z=0, force_separate_z=None)
None
old shape: (157, 230, 393), new_shape: [ 73 257 440], old_spacing: [np.float64(0.699999988079071), np.float64(0.830078125), np.float64(0.830078125)], new_spacing: [1.5, 0.7421875, 0.7421875], fn_data: functools.partial(<function resample_data_or_seg_to_shape at 0x793587ba0220>, is_seg=False, order=3, order_z=0, force_separate_z=None)
None
old shape: (22, 258, 438), new_shape: [ 59 238 405], old_spacing: [np.float64(4.0), np.float64(0.685546875), np.float64(0.685546875)], new_spacing: [1.5, 0.7421875, 0.7421875], fn_data: functools.partial(<function resample_data_or_seg_to_shape at 0x793587ba0220>, is_seg=False, order=3, order_z=0, force_separate_z=None)
None
old shape: (24, 253, 433), new_shape: [ 64 242 415], old_spacing: [np.float64(4.0), np.float64(0.7109375), np.float64(0.7109375)], new_spacing: [1.5, 0.7421875, 0.7421875], fn_data: functools.partial(<function resample_data_or_seg_to_shape at 0x793587ba0220>, is_seg=False, order=3, order_z=0, force_separate_z=None)
None
old shape: (69, 244, 446), new_shape: [ 69 230 420], old_spacing: [np.float64(1.5), np.float64(0.69921875), np.float64(0.69921875)], new_spacing: [1.5, 0.7421875, 0.7421875], fn_data: functools.partial(<function resample_data_or_seg_to_shape at 0x793587ba0220>, is_seg=False, order=3, order_z=0, force_separate_z=None)
None
old shape: (86, 264, 460), new_shape: [ 86 256 447], old_spacing: [np.float64(1.5), np.float64(0.720703125), np.float64(0.720703125)], new_spacing: [1.5, 0.7421875, 0.7421875], fn_data: functools.partial(<function resample_data_or_seg_to_shape at 0x793587ba0220>, is_seg=False, order=3, order_z=0, force_separate_z=None)
None
old shape: (72, 262, 456), new_shape: [ 72 236 410], old_spacing: [np.float64(1.5), np.float64(0.66796875), np.float64(0.66796875)], new_spacing: [1.5, 0.7421875, 0.7421875], fn_data: functools.partial(<function resample_data_or_seg_to_shape at 0x793587ba0220>, is_seg=False, order=3, order_z=0, force_separate_z=None)
None
old shape: (79, 236, 431), new_shape: [ 79 252 459], old_spacing: [np.float64(1.5), np.float64(0.791015625), np.float64(0.791015625)], new_spacing: [1.5, 0.7421875, 0.7421875], fn_data: functools.partial(<function resample_data_or_seg_to_shape at 0x793587ba0220>, is_seg=False, order=3, order_z=0, force_separate_z=None)
None
old shape: (75, 269, 461), new_shape: [ 75 259 444], old_spacing: [np.float64(1.5), np.float64(0.71484375), np.float64(0.71484375)], new_spacing: [1.5, 0.7421875, 0.7421875], fn_data: functools.partial(<function resample_data_or_seg_to_shape at 0x793587ba0220>, is_seg=False, order=3, order_z=0, force_separate_z=None)
None
old shape: (88, 222, 411), new_shape: [ 88 243 450], old_spacing: [np.float64(1.5), np.float64(0.8125), np.float64(0.8125)], new_spacing: [1.5, 0.7421875, 0.7421875], fn_data: functools.partial(<function resample_data_or_seg_to_shape at 0x793587ba0220>, is_seg=False, order=3, order_z=0, force_separate_z=None)
None
old shape: (53, 267, 442), new_shape: [ 71 235 388], old_spacing: [np.float64(2.0), np.float64(0.65234375), np.float64(0.65234375)], new_spacing: [1.5, 0.7421875, 0.7421875], fn_data: functools.partial(<function resample_data_or_seg_to_shape at 0x793587ba0220>, is_seg=False, order=3, order_z=0, force_separate_z=None)
None
old shape: (77, 202, 368), new_shape: [ 77 239 436], old_spacing: [np.float64(1.5), np.float64(0.87890625), np.float64(0.87890625)], new_spacing: [1.5, 0.7421875, 0.7421875], fn_data: functools.partial(<function resample_data_or_seg_to_shape at 0x793587ba0220>, is_seg=False, order=3, order_z=0, force_separate_z=None)
None
old shape: (79, 196, 407), new_shape: [ 79 215 446], old_spacing: [np.float64(1.5), np.float64(0.8125), np.float64(0.8125)], new_spacing: [1.5, 0.7421875, 0.7421875], fn_data: functools.partial(<function resample_data_or_seg_to_shape at 0x793587ba0220>, is_seg=False, order=3, order_z=0, force_separate_z=None)
None
old shape: (72, 241, 409), new_shape: [ 72 241 409], old_spacing: [np.float64(1.5), np.float64(0.7421875), np.float64(0.7421875)], new_spacing: [1.5, 0.7421875, 0.7421875], fn_data: functools.partial(<function resample_data_or_seg_to_shape at 0x793587ba0220>, is_seg=False, order=3, order_z=0, force_separate_z=None)
None
old shape: (29, 252, 422), new_shape: [ 77 259 434], old_spacing: [np.float64(4.0), np.float64(0.763671875), np.float64(0.763671875)], new_spacing: [1.5, 0.7421875, 0.7421875], fn_data: functools.partial(<function resample_data_or_seg_to_shape at 0x793587ba0220>, is_seg=False, order=3, order_z=0, force_separate_z=None)
None
old shape: (246, 269, 474), new_shape: [ 82 231 408], old_spacing: [np.float64(0.5), np.float64(0.638671875), np.float64(0.638671875)], new_spacing: [1.5, 0.7421875, 0.7421875], fn_data: functools.partial(<function resample_data_or_seg_to_shape at 0x793587ba0220>, is_seg=False, order=3, order_z=0, force_separate_z=None)
None
old shape: (75, 217, 428), new_shape: [ 75 225 444], old_spacing: [np.float64(1.5), np.float64(0.76953125), np.float64(0.76953125)], new_spacing: [1.5, 0.7421875, 0.7421875], fn_data: functools.partial(<function resample_data_or_seg_to_shape at 0x793587ba0220>, is_seg=False, order=3, order_z=0, force_separate_z=None)
None
old shape: (122, 248, 482), new_shape: [ 81 230 446], old_spacing: [np.float64(1.0), np.float64(0.6875), np.float64(0.6875)], new_spacing: [1.5, 0.7421875, 0.7421875], fn_data: functools.partial(<function resample_data_or_seg_to_shape at 0x793587ba0220>, is_seg=False, order=3, order_z=0, force_separate_z=None)
None
old shape: (63, 206, 425), new_shape: [ 84 207 426], old_spacing: [np.float64(2.0), np.float64(0.744140625), np.float64(0.744140625)], new_spacing: [1.5, 0.7421875, 0.7421875], fn_data: functools.partial(<function resample_data_or_seg_to_shape at 0x793587ba0220>, is_seg=False, order=3, order_z=0, force_separate_z=None)
None
old shape: (72, 256, 481), new_shape: [ 72 226 425], old_spacing: [np.float64(1.5), np.float64(0.65625), np.float64(0.65625)], new_spacing: [1.5, 0.7421875, 0.7421875], fn_data: functools.partial(<function resample_data_or_seg_to_shape at 0x793587ba0220>, is_seg=False, order=3, order_z=0, force_separate_z=None)
None
old shape: (87, 275, 453), new_shape: [ 87 248 408], old_spacing: [np.float64(1.5), np.float64(0.66796875), np.float64(0.66796875)], new_spacing: [1.5, 0.7421875, 0.7421875], fn_data: functools.partial(<function resample_data_or_seg_to_shape at 0x793587ba0220>, is_seg=False, order=3, order_z=0, force_separate_z=None)
None
old shape: (69, 186, 345), new_shape: [ 69 232 430], old_spacing: [np.float64(1.5), np.float64(0.92578125), np.float64(0.92578125)], new_spacing: [1.5, 0.7421875, 0.7421875], fn_data: functools.partial(<function resample_data_or_seg_to_shape at 0x793587ba0220>, is_seg=False, order=3, order_z=0, force_separate_z=None)
None
old shape: (80, 240, 461), new_shape: [ 80 227 437], old_spacing: [np.float64(1.5), np.float64(0.703125), np.float64(0.703125)], new_spacing: [1.5, 0.7421875, 0.7421875], fn_data: functools.partial(<function resample_data_or_seg_to_shape at 0x793587ba0220>, is_seg=False, order=3, order_z=0, force_separate_z=None)
None
old shape: (101, 270, 457), new_shape: [101 235 398], old_spacing: [np.float64(1.5), np.float64(0.646484375), np.float64(0.646484375)], new_spacing: [1.5, 0.7421875, 0.7421875], fn_data: functools.partial(<function resample_data_or_seg_to_shape at 0x793587ba0220>, is_seg=False, order=3, order_z=0, force_separate_z=None)
None
old shape: (76, 168, 348), new_shape: [ 76 211 438], old_spacing: [np.float64(1.5), np.float64(0.93359375), np.float64(0.93359375)], new_spacing: [1.5, 0.7421875, 0.7421875], fn_data: functools.partial(<function resample_data_or_seg_to_shape at 0x793587ba0220>, is_seg=False, order=3, order_z=0, force_separate_z=None)
None
old shape: (74, 296, 477), new_shape: [ 74 249 402], old_spacing: [np.float64(1.5), np.float64(0.625), np.float64(0.625)], new_spacing: [1.5, 0.7421875, 0.7421875], fn_data: functools.partial(<function resample_data_or_seg_to_shape at 0x793587ba0220>, is_seg=False, order=3, order_z=0, force_separate_z=None)
None
old shape: (195, 288, 446), new_shape: [ 91 271 419], old_spacing: [np.float64(0.699999988079071), np.float64(0.697265625), np.float64(0.697265625)], new_spacing: [1.5, 0.7421875, 0.7421875], fn_data: functools.partial(<function resample_data_or_seg_to_shape at 0x793587ba0220>, is_seg=False, order=3, order_z=0, force_separate_z=None)
None
old shape: (68, 252, 477), new_shape: [ 68 227 429], old_spacing: [np.float64(1.5), np.float64(0.66796875), np.float64(0.66796875)], new_spacing: [1.5, 0.7421875, 0.7421875], fn_data: functools.partial(<function resample_data_or_seg_to_shape at 0x793587ba0220>, is_seg=False, order=3, order_z=0, force_separate_z=None)
None
old shape: (69, 246, 431), new_shape: [ 69 237 415], old_spacing: [np.float64(1.5), np.float64(0.71484375), np.float64(0.71484375)], new_spacing: [1.5, 0.7421875, 0.7421875], fn_data: functools.partial(<function resample_data_or_seg_to_shape at 0x793587ba0220>, is_seg=False, order=3, order_z=0, force_separate_z=None)
None
old shape: (34, 297, 465), new_shape: [ 68 252 394], old_spacing: [np.float64(3.0), np.float64(0.62890625), np.float64(0.62890625)], new_spacing: [1.5, 0.7421875, 0.7421875], fn_data: functools.partial(<function resample_data_or_seg_to_shape at 0x793587ba0220>, is_seg=False, order=3, order_z=0, force_separate_z=None)
None
old shape: (32, 207, 376), new_shape: [ 64 202 366], old_spacing: [np.float64(3.0), np.float64(0.72265625), np.float64(0.72265625)], new_spacing: [1.5, 0.7421875, 0.7421875], fn_data: functools.partial(<function resample_data_or_seg_to_shape at 0x793587ba0220>, is_seg=False, order=3, order_z=0, force_separate_z=None)
None
old shape: (88, 296, 473), new_shape: [ 88 251 401], old_spacing: [np.float64(1.5), np.float64(0.62890625), np.float64(0.62890625)], new_spacing: [1.5, 0.7421875, 0.7421875], fn_data: functools.partial(<function resample_data_or_seg_to_shape at 0x793587ba0220>, is_seg=False, order=3, order_z=0, force_separate_z=None)
None
old shape: (61, 271, 427), new_shape: [ 81 244 384], old_spacing: [np.float64(2.0), np.float64(0.66796875), np.float64(0.66796875)], new_spacing: [1.5, 0.7421875, 0.7421875], fn_data: functools.partial(<function resample_data_or_seg_to_shape at 0x793587ba0220>, is_seg=False, order=3, order_z=0, force_separate_z=None)
None
old shape: (68, 247, 442), new_shape: [ 68 219 392], old_spacing: [np.float64(1.5), np.float64(0.658203125), np.float64(0.658203125)], new_spacing: [1.5, 0.7421875, 0.7421875], fn_data: functools.partial(<function resample_data_or_seg_to_shape at 0x793587ba0220>, is_seg=False, order=3, order_z=0, force_separate_z=None)
None
old shape: (37, 216, 375), new_shape: [ 74 239 414], old_spacing: [np.float64(3.0), np.float64(0.8203125), np.float64(0.8203125)], new_spacing: [1.5, 0.7421875, 0.7421875], fn_data: functools.partial(<function resample_data_or_seg_to_shape at 0x793587ba0220>, is_seg=False, order=3, order_z=0, force_separate_z=None)
None
old shape: (140, 189, 318), new_shape: [ 75 248 417], old_spacing: [np.float64(0.800000011920929), np.float64(0.97265625), np.float64(0.97265625)], new_spacing: [1.5, 0.7421875, 0.7421875], fn_data: functools.partial(<function resample_data_or_seg_to_shape at 0x793587ba0220>, is_seg=False, order=3, order_z=0, force_separate_z=None)
None
old shape: (64, 178, 357), new_shape: [ 64 219 440], old_spacing: [np.float64(1.5), np.float64(0.9140625), np.float64(0.9140625)], new_spacing: [1.5, 0.7421875, 0.7421875], fn_data: functools.partial(<function resample_data_or_seg_to_shape at 0x793587ba0220>, is_seg=False, order=3, order_z=0, force_separate_z=None)
None
old shape: (226, 284, 452), new_shape: [ 75 284 452], old_spacing: [np.float64(0.5), np.float64(0.7421875), np.float64(0.7421875)], new_spacing: [1.5, 0.7421875, 0.7421875], fn_data: functools.partial(<function resample_data_or_seg_to_shape at 0x793587ba0220>, is_seg=False, order=3, order_z=0, force_separate_z=None)
None
old shape: (57, 241, 383), new_shape: [ 76 275 437], old_spacing: [np.float64(2.0), np.float64(0.84765625), np.float64(0.84765625)], new_spacing: [1.5, 0.7421875, 0.7421875], fn_data: functools.partial(<function resample_data_or_seg_to_shape at 0x793587ba0220>, is_seg=False, order=3, order_z=0, force_separate_z=None)
None
old shape: (85, 227, 457), new_shape: [ 85 220 443], old_spacing: [np.float64(1.5), np.float64(0.71875), np.float64(0.71875)], new_spacing: [1.5, 0.7421875, 0.7421875], fn_data: functools.partial(<function resample_data_or_seg_to_shape at 0x793587ba0220>, is_seg=False, order=3, order_z=0, force_separate_z=None)
None
old shape: (45, 234, 436), new_shape: [ 90 246 459], old_spacing: [np.float64(3.0), np.float64(0.78125), np.float64(0.78125)], new_spacing: [1.5, 0.7421875, 0.7421875], fn_data: functools.partial(<function resample_data_or_seg_to_shape at 0x793587ba0220>, is_seg=False, order=3, order_z=0, force_separate_z=None)
None
old shape: (80, 273, 445), new_shape: [ 80 249 405], old_spacing: [np.float64(1.5), np.float64(0.67578125), np.float64(0.67578125)], new_spacing: [1.5, 0.7421875, 0.7421875], fn_data: functools.partial(<function resample_data_or_seg_to_shape at 0x793587ba0220>, is_seg=False, order=3, order_z=0, force_separate_z=None)
None
old shape: (83, 227, 395), new_shape: [ 83 257 447], old_spacing: [np.float64(1.5), np.float64(0.83984375), np.float64(0.83984375)], new_spacing: [1.5, 0.7421875, 0.7421875], fn_data: functools.partial(<function resample_data_or_seg_to_shape at 0x793587ba0220>, is_seg=False, order=3, order_z=0, force_separate_z=None)
None
old shape: (37, 174, 321), new_shape: [ 74 220 405], old_spacing: [np.float64(3.0), np.float64(0.9375), np.float64(0.9375)], new_spacing: [1.5, 0.7421875, 0.7421875], fn_data: functools.partial(<function resample_data_or_seg_to_shape at 0x793587ba0220>, is_seg=False, order=3, order_z=0, force_separate_z=None)
None
old shape: (102, 221, 446), new_shape: [ 68 230 465], old_spacing: [np.float64(1.0), np.float64(0.7734375), np.float64(0.7734375)], new_spacing: [1.5, 0.7421875, 0.7421875], fn_data: functools.partial(<function resample_data_or_seg_to_shape at 0x793587ba0220>, is_seg=False, order=3, order_z=0, force_separate_z=None)
None
old shape: (82, 243, 468), new_shape: [ 82 243 468], old_spacing: [np.float64(1.5), np.float64(0.7421875), np.float64(0.7421875)], new_spacing: [1.5, 0.7421875, 0.7421875], fn_data: functools.partial(<function resample_data_or_seg_to_shape at 0x793587ba0220>, is_seg=False, order=3, order_z=0, force_separate_z=None)
None
old shape: (63, 248, 427), new_shape: [ 84 261 449], old_spacing: [np.float64(2.0), np.float64(0.78125), np.float64(0.78125)], new_spacing: [1.5, 0.7421875, 0.7421875], fn_data: functools.partial(<function resample_data_or_seg_to_shape at 0x793587ba0220>, is_seg=False, order=3, order_z=0, force_separate_z=None)
None
old shape: (194, 227, 356), new_shape: [ 91 214 335], old_spacing: [np.float64(0.70001220703125), np.float64(0.69921875), np.float64(0.69921875)], new_spacing: [1.5, 0.7421875, 0.7421875], fn_data: functools.partial(<function resample_data_or_seg_to_shape at 0x793587ba0220>, is_seg=False, order=3, order_z=0, force_separate_z=None)
None
old shape: (69, 222, 413), new_shape: [ 69 241 448], old_spacing: [np.float64(1.5), np.float64(0.8046875), np.float64(0.8046875)], new_spacing: [1.5, 0.7421875, 0.7421875], fn_data: functools.partial(<function resample_data_or_seg_to_shape at 0x793587ba0220>, is_seg=False, order=3, order_z=0, force_separate_z=None)
None
old shape: (76, 249, 502), new_shape: [ 76 223 449], old_spacing: [np.float64(1.5), np.float64(0.6640625), np.float64(0.6640625)], new_spacing: [1.5, 0.7421875, 0.7421875], fn_data: functools.partial(<function resample_data_or_seg_to_shape at 0x793587ba0220>, is_seg=False, order=3, order_z=0, force_separate_z=None)
None
old shape: (32, 225, 411), new_shape: [ 85 239 437], old_spacing: [np.float64(4.0), np.float64(0.7890625), np.float64(0.7890625)], new_spacing: [1.5, 0.7421875, 0.7421875], fn_data: functools.partial(<function resample_data_or_seg_to_shape at 0x793587ba0220>, is_seg=False, order=3, order_z=0, force_separate_z=None)
None
old shape: (92, 261, 461), new_shape: [ 92 261 461], old_spacing: [np.float64(1.5), np.float64(0.7421875), np.float64(0.7421875)], new_spacing: [1.5, 0.7421875, 0.7421875], fn_data: functools.partial(<function resample_data_or_seg_to_shape at 0x793587ba0220>, is_seg=False, order=3, order_z=0, force_separate_z=None)
None
old shape: (81, 243, 413), new_shape: [ 81 266 452], old_spacing: [np.float64(1.5), np.float64(0.8125), np.float64(0.8125)], new_spacing: [1.5, 0.7421875, 0.7421875], fn_data: functools.partial(<function resample_data_or_seg_to_shape at 0x793587ba0220>, is_seg=False, order=3, order_z=0, force_separate_z=None)
None
old shape: (82, 228, 459), new_shape: [ 82 224 452], old_spacing: [np.float64(1.5), np.float64(0.73046875), np.float64(0.73046875)], new_spacing: [1.5, 0.7421875, 0.7421875], fn_data: functools.partial(<function resample_data_or_seg_to_shape at 0x793587ba0220>, is_seg=False, order=3, order_z=0, force_separate_z=None)
None
old shape: (104, 290, 423), new_shape: [ 83 268 391], old_spacing: [np.float64(1.1999969482421875), np.float64(0.685546875), np.float64(0.685546875)], new_spacing: [1.5, 0.7421875, 0.7421875], fn_data: functools.partial(<function resample_data_or_seg_to_shape at 0x793587ba0220>, is_seg=False, order=3, order_z=0, force_separate_z=None)
None
old shape: (67, 194, 347), new_shape: [ 67 225 402], old_spacing: [np.float64(1.5), np.float64(0.859375), np.float64(0.859375)], new_spacing: [1.5, 0.7421875, 0.7421875], fn_data: functools.partial(<function resample_data_or_seg_to_shape at 0x793587ba0220>, is_seg=False, order=3, order_z=0, force_separate_z=None)
None
old shape: (40, 232, 437), new_shape: [ 80 244 460], old_spacing: [np.float64(3.0), np.float64(0.78125), np.float64(0.78125)], new_spacing: [1.5, 0.7421875, 0.7421875], fn_data: functools.partial(<function resample_data_or_seg_to_shape at 0x793587ba0220>, is_seg=False, order=3, order_z=0, force_separate_z=None)
None
old shape: (95, 256, 440), new_shape: [ 95 275 472], old_spacing: [np.float64(1.5), np.float64(0.796875), np.float64(0.796875)], new_spacing: [1.5, 0.7421875, 0.7421875], fn_data: functools.partial(<function resample_data_or_seg_to_shape at 0x793587ba0220>, is_seg=False, order=3, order_z=0, force_separate_z=None)
None
old shape: (36, 252, 469), new_shape: [ 72 217 404], old_spacing: [np.float64(3.0), np.float64(0.638671875), np.float64(0.638671875)], new_spacing: [1.5, 0.7421875, 0.7421875], fn_data: functools.partial(<function resample_data_or_seg_to_shape at 0x793587ba0220>, is_seg=False, order=3, order_z=0, force_separate_z=None)
None
old shape: (70, 272, 476), new_shape: [ 70 239 418], old_spacing: [np.float64(1.5), np.float64(0.65234375), np.float64(0.65234375)], new_spacing: [1.5, 0.7421875, 0.7421875], fn_data: functools.partial(<function resample_data_or_seg_to_shape at 0x793587ba0220>, is_seg=False, order=3, order_z=0, force_separate_z=None)
  feat 150/750
None
old shape: (54, 286, 479), new_shape: [ 72 212 355], old_spacing: [np.float64(2.0), np.float64(0.55078125), np.float64(0.55078125)], new_spacing: [1.5, 0.7421875, 0.7421875], fn_data: functools.partial(<function resample_data_or_seg_to_shape at 0x793587ba0220>, is_seg=False, order=3, order_z=0, force_separate_z=None)
None
old shape: (78, 209, 425), new_shape: [ 78 234 476], old_spacing: [np.float64(1.5), np.float64(0.83203125), np.float64(0.83203125)], new_spacing: [1.5, 0.7421875, 0.7421875], fn_data: functools.partial(<function resample_data_or_seg_to_shape at 0x793587ba0220>, is_seg=False, order=3, order_z=0, force_separate_z=None)
None
old shape: (28, 212, 419), new_shape: [ 75 228 450], old_spacing: [np.float64(4.0), np.float64(0.796875), np.float64(0.796875)], new_spacing: [1.5, 0.7421875, 0.7421875], fn_data: functools.partial(<function resample_data_or_seg_to_shape at 0x793587ba0220>, is_seg=False, order=3, order_z=0, force_separate_z=None)
None
old shape: (83, 214, 404), new_shape: [ 83 249 470], old_spacing: [np.float64(1.5), np.float64(0.86328125), np.float64(0.86328125)], new_spacing: [1.5, 0.7421875, 0.7421875], fn_data: functools.partial(<function resample_data_or_seg_to_shape at 0x793587ba0220>, is_seg=False, order=3, order_z=0, force_separate_z=None)
None
old shape: (81, 278, 420), new_shape: [ 81 279 422], old_spacing: [np.float64(1.5), np.float64(0.74609375), np.float64(0.74609375)], new_spacing: [1.5, 0.7421875, 0.7421875], fn_data: functools.partial(<function resample_data_or_seg_to_shape at 0x793587ba0220>, is_seg=False, order=3, order_z=0, force_separate_z=None)
None
old shape: (58, 210, 400), new_shape: [ 58 244 465], old_spacing: [np.float64(1.5), np.float64(0.86328125), np.float64(0.86328125)], new_spacing: [1.5, 0.7421875, 0.7421875], fn_data: functools.partial(<function resample_data_or_seg_to_shape at 0x793587ba0220>, is_seg=False, order=3, order_z=0, force_separate_z=None)
None
old shape: (44, 258, 492), new_shape: [ 88 223 425], old_spacing: [np.float64(3.0), np.float64(0.640625), np.float64(0.640625)], new_spacing: [1.5, 0.7421875, 0.7421875], fn_data: functools.partial(<function resample_data_or_seg_to_shape at 0x793587ba0220>, is_seg=False, order=3, order_z=0, force_separate_z=None)
None
old shape: (79, 218, 425), new_shape: [ 79 229 446], old_spacing: [np.float64(1.5), np.float64(0.779296875), np.float64(0.779296875)], new_spacing: [1.5, 0.7421875, 0.7421875], fn_data: functools.partial(<function resample_data_or_seg_to_shape at 0x793587ba0220>, is_seg=False, order=3, order_z=0, force_separate_z=None)
None
old shape: (153, 215, 361), new_shape: [ 71 236 396], old_spacing: [np.float64(0.699999988079071), np.float64(0.814453125), np.float64(0.814453125)], new_spacing: [1.5, 0.7421875, 0.7421875], fn_data: functools.partial(<function resample_data_or_seg_to_shape at 0x793587ba0220>, is_seg=False, order=3, order_z=0, force_separate_z=None)
None
old shape: (63, 246, 439), new_shape: [ 84 249 444], old_spacing: [np.float64(2.0), np.float64(0.75), np.float64(0.75)], new_spacing: [1.5, 0.7421875, 0.7421875], fn_data: functools.partial(<function resample_data_or_seg_to_shape at 0x793587ba0220>, is_seg=False, order=3, order_z=0, force_separate_z=None)
None
old shape: (57, 208, 413), new_shape: [ 57 211 418], old_spacing: [np.float64(1.5), np.float64(0.751953125), np.float64(0.751953125)], new_spacing: [1.5, 0.7421875, 0.7421875], fn_data: functools.partial(<function resample_data_or_seg_to_shape at 0x793587ba0220>, is_seg=False, order=3, order_z=0, force_separate_z=None)
None
old shape: (29, 233, 467), new_shape: [ 77 223 446], old_spacing: [np.float64(4.0), np.float64(0.708984375), np.float64(0.708984375)], new_spacing: [1.5, 0.7421875, 0.7421875], fn_data: functools.partial(<function resample_data_or_seg_to_shape at 0x793587ba0220>, is_seg=False, order=3, order_z=0, force_separate_z=None)
None
old shape: (28, 212, 398), new_shape: [ 75 203 381], old_spacing: [np.float64(4.0), np.float64(0.7109375), np.float64(0.7109375)], new_spacing: [1.5, 0.7421875, 0.7421875], fn_data: functools.partial(<function resample_data_or_seg_to_shape at 0x793587ba0220>, is_seg=False, order=3, order_z=0, force_separate_z=None)
None
old shape: (79, 240, 412), new_shape: [ 79 249 427], old_spacing: [np.float64(1.5), np.float64(0.76953125), np.float64(0.76953125)], new_spacing: [1.5, 0.7421875, 0.7421875], fn_data: functools.partial(<function resample_data_or_seg_to_shape at 0x793587ba0220>, is_seg=False, order=3, order_z=0, force_separate_z=None)
None
old shape: (81, 268, 438), new_shape: [ 81 258 422], old_spacing: [np.float64(1.5), np.float64(0.71484375), np.float64(0.71484375)], new_spacing: [1.5, 0.7421875, 0.7421875], fn_data: functools.partial(<function resample_data_or_seg_to_shape at 0x793587ba0220>, is_seg=False, order=3, order_z=0, force_separate_z=None)
None
old shape: (183, 282, 465), new_shape: [ 73 259 427], old_spacing: [np.float64(0.5999908447265625), np.float64(0.681640625), np.float64(0.681640625)], new_spacing: [1.5, 0.7421875, 0.7421875], fn_data: functools.partial(<function resample_data_or_seg_to_shape at 0x793587ba0220>, is_seg=False, order=3, order_z=0, force_separate_z=None)
None
old shape: (70, 248, 405), new_shape: [ 93 261 426], old_spacing: [np.float64(2.0), np.float64(0.78125), np.float64(0.78125)], new_spacing: [1.5, 0.7421875, 0.7421875], fn_data: functools.partial(<function resample_data_or_seg_to_shape at 0x793587ba0220>, is_seg=False, order=3, order_z=0, force_separate_z=None)
None
old shape: (76, 239, 414), new_shape: [ 76 260 451], old_spacing: [np.float64(1.5), np.float64(0.80859375), np.float64(0.80859375)], new_spacing: [1.5, 0.7421875, 0.7421875], fn_data: functools.partial(<function resample_data_or_seg_to_shape at 0x793587ba0220>, is_seg=False, order=3, order_z=0, force_separate_z=None)
None
old shape: (71, 274, 460), new_shape: [ 71 262 441], old_spacing: [np.float64(1.5), np.float64(0.7109375), np.float64(0.7109375)], new_spacing: [1.5, 0.7421875, 0.7421875], fn_data: functools.partial(<function resample_data_or_seg_to_shape at 0x793587ba0220>, is_seg=False, order=3, order_z=0, force_separate_z=None)
None
old shape: (58, 231, 427), new_shape: [ 77 238 440], old_spacing: [np.float64(2.0), np.float64(0.765625), np.float64(0.765625)], new_spacing: [1.5, 0.7421875, 0.7421875], fn_data: functools.partial(<function resample_data_or_seg_to_shape at 0x793587ba0220>, is_seg=False, order=3, order_z=0, force_separate_z=None)
None
old shape: (41, 212, 395), new_shape: [ 82 240 447], old_spacing: [np.float64(3.0), np.float64(0.83984375), np.float64(0.83984375)], new_spacing: [1.5, 0.7421875, 0.7421875], fn_data: functools.partial(<function resample_data_or_seg_to_shape at 0x793587ba0220>, is_seg=False, order=3, order_z=0, force_separate_z=None)
None
old shape: (44, 224, 373), new_shape: [ 88 272 453], old_spacing: [np.float64(3.0), np.float64(0.90234375), np.float64(0.90234375)], new_spacing: [1.5, 0.7421875, 0.7421875], fn_data: functools.partial(<function resample_data_or_seg_to_shape at 0x793587ba0220>, is_seg=False, order=3, order_z=0, force_separate_z=None)
None
old shape: (81, 206, 460), new_shape: [ 81 216 482], old_spacing: [np.float64(1.5), np.float64(0.77734375), np.float64(0.77734375)], new_spacing: [1.5, 0.7421875, 0.7421875], fn_data: functools.partial(<function resample_data_or_seg_to_shape at 0x793587ba0220>, is_seg=False, order=3, order_z=0, force_separate_z=None)
None
old shape: (60, 199, 361), new_shape: [ 80 248 449], old_spacing: [np.float64(2.0), np.float64(0.923828125), np.float64(0.923828125)], new_spacing: [1.5, 0.7421875, 0.7421875], fn_data: functools.partial(<function resample_data_or_seg_to_shape at 0x793587ba0220>, is_seg=False, order=3, order_z=0, force_separate_z=None)
None
old shape: (77, 269, 504), new_shape: [ 77 226 423], old_spacing: [np.float64(1.5), np.float64(0.623046875), np.float64(0.623046875)], new_spacing: [1.5, 0.7421875, 0.7421875], fn_data: functools.partial(<function resample_data_or_seg_to_shape at 0x793587ba0220>, is_seg=False, order=3, order_z=0, force_separate_z=None)
None
old shape: (37, 218, 397), new_shape: [ 74 217 395], old_spacing: [np.float64(3.0), np.float64(0.73828125), np.float64(0.73828125)], new_spacing: [1.5, 0.7421875, 0.7421875], fn_data: functools.partial(<function resample_data_or_seg_to_shape at 0x793587ba0220>, is_seg=False, order=3, order_z=0, force_separate_z=None)
None
old shape: (42, 227, 426), new_shape: [ 84 239 448], old_spacing: [np.float64(3.0), np.float64(0.78125), np.float64(0.78125)], new_spacing: [1.5, 0.7421875, 0.7421875], fn_data: functools.partial(<function resample_data_or_seg_to_shape at 0x793587ba0220>, is_seg=False, order=3, order_z=0, force_separate_z=None)
None
old shape: (70, 248, 422), new_shape: [ 70 243 413], old_spacing: [np.float64(1.5), np.float64(0.7265625), np.float64(0.7265625)], new_spacing: [1.5, 0.7421875, 0.7421875], fn_data: functools.partial(<function resample_data_or_seg_to_shape at 0x793587ba0220>, is_seg=False, order=3, order_z=0, force_separate_z=None)
None
old shape: (36, 243, 425), new_shape: [ 72 239 418], old_spacing: [np.float64(3.0), np.float64(0.73046875), np.float64(0.73046875)], new_spacing: [1.5, 0.7421875, 0.7421875], fn_data: functools.partial(<function resample_data_or_seg_to_shape at 0x793587ba0220>, is_seg=False, order=3, order_z=0, force_separate_z=None)
None
old shape: (191, 227, 430), new_shape: [ 76 241 457], old_spacing: [np.float64(0.5999755859375), np.float64(0.7890625), np.float64(0.7890625)], new_spacing: [1.5, 0.7421875, 0.7421875], fn_data: functools.partial(<function resample_data_or_seg_to_shape at 0x793587ba0220>, is_seg=False, order=3, order_z=0, force_separate_z=None)
None
old shape: (40, 234, 468), new_shape: [ 80 234 468], old_spacing: [np.float64(3.0), np.float64(0.7421875), np.float64(0.7421875)], new_spacing: [1.5, 0.7421875, 0.7421875], fn_data: functools.partial(<function resample_data_or_seg_to_shape at 0x793587ba0220>, is_seg=False, order=3, order_z=0, force_separate_z=None)
None
old shape: (58, 251, 375), new_shape: [ 77 266 398], old_spacing: [np.float64(2.0), np.float64(0.787109375), np.float64(0.787109375)], new_spacing: [1.5, 0.7421875, 0.7421875], fn_data: functools.partial(<function resample_data_or_seg_to_shape at 0x793587ba0220>, is_seg=False, order=3, order_z=0, force_separate_z=None)
None
old shape: (61, 238, 460), new_shape: [ 61 238 460], old_spacing: [np.float64(1.5), np.float64(0.7421875), np.float64(0.7421875)], new_spacing: [1.5, 0.7421875, 0.7421875], fn_data: functools.partial(<function resample_data_or_seg_to_shape at 0x793587ba0220>, is_seg=False, order=3, order_z=0, force_separate_z=None)
None
old shape: (59, 221, 433), new_shape: [ 79 231 454], old_spacing: [np.float64(2.0), np.float64(0.77734375), np.float64(0.77734375)], new_spacing: [1.5, 0.7421875, 0.7421875], fn_data: functools.partial(<function resample_data_or_seg_to_shape at 0x793587ba0220>, is_seg=False, order=3, order_z=0, force_separate_z=None)
None
old shape: (78, 278, 447), new_shape: [ 78 246 395], old_spacing: [np.float64(1.5), np.float64(0.65625), np.float64(0.65625)], new_spacing: [1.5, 0.7421875, 0.7421875], fn_data: functools.partial(<function resample_data_or_seg_to_shape at 0x793587ba0220>, is_seg=False, order=3, order_z=0, force_separate_z=None)
None
old shape: (65, 254, 487), new_shape: [ 65 232 445], old_spacing: [np.float64(1.5), np.float64(0.677734375), np.float64(0.677734375)], new_spacing: [1.5, 0.7421875, 0.7421875], fn_data: functools.partial(<function resample_data_or_seg_to_shape at 0x793587ba0220>, is_seg=False, order=3, order_z=0, force_separate_z=None)
None
old shape: (69, 201, 450), new_shape: [ 69 173 387], old_spacing: [np.float64(1.5), np.float64(0.638671875), np.float64(0.638671875)], new_spacing: [1.5, 0.7421875, 0.7421875], fn_data: functools.partial(<function resample_data_or_seg_to_shape at 0x793587ba0220>, is_seg=False, order=3, order_z=0, force_separate_z=None)
None
old shape: (79, 182, 386), new_shape: [ 79 224 474], old_spacing: [np.float64(1.5), np.float64(0.912109375), np.float64(0.912109375)], new_spacing: [1.5, 0.7421875, 0.7421875], fn_data: functools.partial(<function resample_data_or_seg_to_shape at 0x793587ba0220>, is_seg=False, order=3, order_z=0, force_separate_z=None)
None
old shape: (82, 296, 452), new_shape: [ 82 277 422], old_spacing: [np.float64(1.5), np.float64(0.693359375), np.float64(0.693359375)], new_spacing: [1.5, 0.7421875, 0.7421875], fn_data: functools.partial(<function resample_data_or_seg_to_shape at 0x793587ba0220>, is_seg=False, order=3, order_z=0, force_separate_z=None)
None
old shape: (86, 236, 453), new_shape: [ 86 219 421], old_spacing: [np.float64(1.5), np.float64(0.689453125), np.float64(0.689453125)], new_spacing: [1.5, 0.7421875, 0.7421875], fn_data: functools.partial(<function resample_data_or_seg_to_shape at 0x793587ba0220>, is_seg=False, order=3, order_z=0, force_separate_z=None)
None
old shape: (82, 218, 409), new_shape: [ 82 239 448], old_spacing: [np.float64(1.5), np.float64(0.8125), np.float64(0.8125)], new_spacing: [1.5, 0.7421875, 0.7421875], fn_data: functools.partial(<function resample_data_or_seg_to_shape at 0x793587ba0220>, is_seg=False, order=3, order_z=0, force_separate_z=None)
None
old shape: (28, 286, 455), new_shape: [ 68 263 419], old_spacing: [np.float64(3.6176767349243164), np.float64(0.68359375), np.float64(0.68359375)], new_spacing: [1.5, 0.7421875, 0.7421875], fn_data: functools.partial(<function resample_data_or_seg_to_shape at 0x793587ba0220>, is_seg=False, order=3, order_z=0, force_separate_z=None)
None
old shape: (78, 246, 458), new_shape: [ 78 241 450], old_spacing: [np.float64(1.5), np.float64(0.728515625), np.float64(0.728515625)], new_spacing: [1.5, 0.7421875, 0.7421875], fn_data: functools.partial(<function resample_data_or_seg_to_shape at 0x793587ba0220>, is_seg=False, order=3, order_z=0, force_separate_z=None)
None
old shape: (175, 213, 434), new_shape: [ 82 231 472], old_spacing: [np.float64(0.699999988079071), np.float64(0.806640625), np.float64(0.806640625)], new_spacing: [1.5, 0.7421875, 0.7421875], fn_data: functools.partial(<function resample_data_or_seg_to_shape at 0x793587ba0220>, is_seg=False, order=3, order_z=0, force_separate_z=None)
None
old shape: (60, 266, 396), new_shape: [ 60 263 392], old_spacing: [np.float64(1.5), np.float64(0.734375), np.float64(0.734375)], new_spacing: [1.5, 0.7421875, 0.7421875], fn_data: functools.partial(<function resample_data_or_seg_to_shape at 0x793587ba0220>, is_seg=False, order=3, order_z=0, force_separate_z=None)
None
old shape: (138, 234, 477), new_shape: [ 64 220 448], old_spacing: [np.float64(0.699999988079071), np.float64(0.697265625), np.float64(0.697265625)], new_spacing: [1.5, 0.7421875, 0.7421875], fn_data: functools.partial(<function resample_data_or_seg_to_shape at 0x793587ba0220>, is_seg=False, order=3, order_z=0, force_separate_z=None)
None
old shape: (78, 168, 285), new_shape: [ 78 212 360], old_spacing: [np.float64(1.5), np.float64(0.9375), np.float64(0.9375)], new_spacing: [1.5, 0.7421875, 0.7421875], fn_data: functools.partial(<function resample_data_or_seg_to_shape at 0x793587ba0220>, is_seg=False, order=3, order_z=0, force_separate_z=None)
None
old shape: (36, 211, 411), new_shape: [ 72 233 453], old_spacing: [np.float64(3.0), np.float64(0.818359375), np.float64(0.818359375)], new_spacing: [1.5, 0.7421875, 0.7421875], fn_data: functools.partial(<function resample_data_or_seg_to_shape at 0x793587ba0220>, is_seg=False, order=3, order_z=0, force_separate_z=None)
None
old shape: (62, 275, 493), new_shape: [ 62 233 418], old_spacing: [np.float64(1.5), np.float64(0.62890625), np.float64(0.62890625)], new_spacing: [1.5, 0.7421875, 0.7421875], fn_data: functools.partial(<function resample_data_or_seg_to_shape at 0x793587ba0220>, is_seg=False, order=3, order_z=0, force_separate_z=None)
None
old shape: (84, 242, 435), new_shape: [ 84 257 462], old_spacing: [np.float64(1.5), np.float64(0.7890625), np.float64(0.7890625)], new_spacing: [1.5, 0.7421875, 0.7421875], fn_data: functools.partial(<function resample_data_or_seg_to_shape at 0x793587ba0220>, is_seg=False, order=3, order_z=0, force_separate_z=None)
None
old shape: (33, 199, 352), new_shape: [ 66 220 390], old_spacing: [np.float64(3.0), np.float64(0.822265625), np.float64(0.822265625)], new_spacing: [1.5, 0.7421875, 0.7421875], fn_data: functools.partial(<function resample_data_or_seg_to_shape at 0x793587ba0220>, is_seg=False, order=3, order_z=0, force_separate_z=None)
None
old shape: (81, 257, 438), new_shape: [ 81 259 441], old_spacing: [np.float64(1.5), np.float64(0.748046875), np.float64(0.748046875)], new_spacing: [1.5, 0.7421875, 0.7421875], fn_data: functools.partial(<function resample_data_or_seg_to_shape at 0x793587ba0220>, is_seg=False, order=3, order_z=0, force_separate_z=None)
None
old shape: (38, 207, 411), new_shape: [ 76 218 433], old_spacing: [np.float64(3.0), np.float64(0.78125), np.float64(0.78125)], new_spacing: [1.5, 0.7421875, 0.7421875], fn_data: functools.partial(<function resample_data_or_seg_to_shape at 0x793587ba0220>, is_seg=False, order=3, order_z=0, force_separate_z=None)
None
old shape: (74, 242, 457), new_shape: [ 74 242 457], old_spacing: [np.float64(1.5), np.float64(0.7421875), np.float64(0.7421875)], new_spacing: [1.5, 0.7421875, 0.7421875], fn_data: functools.partial(<function resample_data_or_seg_to_shape at 0x793587ba0220>, is_seg=False, order=3, order_z=0, force_separate_z=None)
None
old shape: (59, 276, 443), new_shape: [ 84 263 422], old_spacing: [np.float64(2.1278939247131348), np.float64(0.70703125), np.float64(0.70703125)], new_spacing: [1.5, 0.7421875, 0.7421875], fn_data: functools.partial(<function resample_data_or_seg_to_shape at 0x793587ba0220>, is_seg=False, order=3, order_z=0, force_separate_z=None)
None
old shape: (79, 243, 455), new_shape: [ 79 238 445], old_spacing: [np.float64(1.5), np.float64(0.7265625), np.float64(0.7265625)], new_spacing: [1.5, 0.7421875, 0.7421875], fn_data: functools.partial(<function resample_data_or_seg_to_shape at 0x793587ba0220>, is_seg=False, order=3, order_z=0, force_separate_z=None)
None
old shape: (75, 236, 441), new_shape: [ 75 229 428], old_spacing: [np.float64(1.5), np.float64(0.720703125), np.float64(0.720703125)], new_spacing: [1.5, 0.7421875, 0.7421875], fn_data: functools.partial(<function resample_data_or_seg_to_shape at 0x793587ba0220>, is_seg=False, order=3, order_z=0, force_separate_z=None)
None
old shape: (83, 280, 445), new_shape: [ 83 286 454], old_spacing: [np.float64(1.5), np.float64(0.7578125), np.float64(0.7578125)], new_spacing: [1.5, 0.7421875, 0.7421875], fn_data: functools.partial(<function resample_data_or_seg_to_shape at 0x793587ba0220>, is_seg=False, order=3, order_z=0, force_separate_z=None)
None
old shape: (72, 200, 446), new_shape: [ 72 181 404], old_spacing: [np.float64(1.5), np.float64(0.671875), np.float64(0.671875)], new_spacing: [1.5, 0.7421875, 0.7421875], fn_data: functools.partial(<function resample_data_or_seg_to_shape at 0x793587ba0220>, is_seg=False, order=3, order_z=0, force_separate_z=None)
None
old shape: (30, 257, 452), new_shape: [ 80 243 428], old_spacing: [np.float64(4.0), np.float64(0.703125), np.float64(0.703125)], new_spacing: [1.5, 0.7421875, 0.7421875], fn_data: functools.partial(<function resample_data_or_seg_to_shape at 0x793587ba0220>, is_seg=False, order=3, order_z=0, force_separate_z=None)
None
old shape: (70, 282, 474), new_shape: [ 70 246 413], old_spacing: [np.float64(1.5), np.float64(0.646484375), np.float64(0.646484375)], new_spacing: [1.5, 0.7421875, 0.7421875], fn_data: functools.partial(<function resample_data_or_seg_to_shape at 0x793587ba0220>, is_seg=False, order=3, order_z=0, force_separate_z=None)
None
old shape: (24, 243, 414), new_shape: [ 64 233 397], old_spacing: [np.float64(4.0), np.float64(0.7109375), np.float64(0.7109375)], new_spacing: [1.5, 0.7421875, 0.7421875], fn_data: functools.partial(<function resample_data_or_seg_to_shape at 0x793587ba0220>, is_seg=False, order=3, order_z=0, force_separate_z=None)
None
old shape: (80, 230, 428), new_shape: [ 80 249 464], old_spacing: [np.float64(1.5), np.float64(0.8046875), np.float64(0.8046875)], new_spacing: [1.5, 0.7421875, 0.7421875], fn_data: functools.partial(<function resample_data_or_seg_to_shape at 0x793587ba0220>, is_seg=False, order=3, order_z=0, force_separate_z=None)
None
old shape: (77, 316, 502), new_shape: [ 77 270 429], old_spacing: [np.float64(1.5), np.float64(0.634765625), np.float64(0.634765625)], new_spacing: [1.5, 0.7421875, 0.7421875], fn_data: functools.partial(<function resample_data_or_seg_to_shape at 0x793587ba0220>, is_seg=False, order=3, order_z=0, force_separate_z=None)
None
old shape: (184, 241, 426), new_shape: [ 74 240 424], old_spacing: [np.float64(0.5999755859375), np.float64(0.73828125), np.float64(0.73828125)], new_spacing: [1.5, 0.7421875, 0.7421875], fn_data: functools.partial(<function resample_data_or_seg_to_shape at 0x793587ba0220>, is_seg=False, order=3, order_z=0, force_separate_z=None)
None
old shape: (70, 261, 457), new_shape: [ 70 246 431], old_spacing: [np.float64(1.5), np.float64(0.69921875), np.float64(0.69921875)], new_spacing: [1.5, 0.7421875, 0.7421875], fn_data: functools.partial(<function resample_data_or_seg_to_shape at 0x793587ba0220>, is_seg=False, order=3, order_z=0, force_separate_z=None)
None
old shape: (82, 233, 419), new_shape: [ 82 246 442], old_spacing: [np.float64(1.5), np.float64(0.783203125), np.float64(0.783203125)], new_spacing: [1.5, 0.7421875, 0.7421875], fn_data: functools.partial(<function resample_data_or_seg_to_shape at 0x793587ba0220>, is_seg=False, order=3, order_z=0, force_separate_z=None)
None
old shape: (62, 205, 424), new_shape: [ 83 216 446], old_spacing: [np.float64(2.0), np.float64(0.78125), np.float64(0.78125)], new_spacing: [1.5, 0.7421875, 0.7421875], fn_data: functools.partial(<function resample_data_or_seg_to_shape at 0x793587ba0220>, is_seg=False, order=3, order_z=0, force_separate_z=None)
None
old shape: (50, 186, 398), new_shape: [ 67 186 397], old_spacing: [np.float64(2.0), np.float64(0.740234375), np.float64(0.740234375)], new_spacing: [1.5, 0.7421875, 0.7421875], fn_data: functools.partial(<function resample_data_or_seg_to_shape at 0x793587ba0220>, is_seg=False, order=3, order_z=0, force_separate_z=None)
None
old shape: (172, 238, 429), new_shape: [ 80 232 418], old_spacing: [np.float64(0.699999988079071), np.float64(0.72265625), np.float64(0.72265625)], new_spacing: [1.5, 0.7421875, 0.7421875], fn_data: functools.partial(<function resample_data_or_seg_to_shape at 0x793587ba0220>, is_seg=False, order=3, order_z=0, force_separate_z=None)
None
old shape: (74, 258, 446), new_shape: [ 74 239 413], old_spacing: [np.float64(1.5), np.float64(0.6875), np.float64(0.6875)], new_spacing: [1.5, 0.7421875, 0.7421875], fn_data: functools.partial(<function resample_data_or_seg_to_shape at 0x793587ba0220>, is_seg=False, order=3, order_z=0, force_separate_z=None)
None
old shape: (83, 239, 440), new_shape: [ 83 225 415], old_spacing: [np.float64(1.5), np.float64(0.69921875), np.float64(0.69921875)], new_spacing: [1.5, 0.7421875, 0.7421875], fn_data: functools.partial(<function resample_data_or_seg_to_shape at 0x793587ba0220>, is_seg=False, order=3, order_z=0, force_separate_z=None)
None
old shape: (72, 219, 402), new_shape: [ 72 211 387], old_spacing: [np.float64(1.5), np.float64(0.71484375), np.float64(0.71484375)], new_spacing: [1.5, 0.7421875, 0.7421875], fn_data: functools.partial(<function resample_data_or_seg_to_shape at 0x793587ba0220>, is_seg=False, order=3, order_z=0, force_separate_z=None)
None
old shape: (85, 271, 446), new_shape: [ 85 257 423], old_spacing: [np.float64(1.5), np.float64(0.703125), np.float64(0.703125)], new_spacing: [1.5, 0.7421875, 0.7421875], fn_data: functools.partial(<function resample_data_or_seg_to_shape at 0x793587ba0220>, is_seg=False, order=3, order_z=0, force_separate_z=None)
None
old shape: (102, 209, 390), new_shape: [102 249 464], old_spacing: [np.float64(1.5), np.float64(0.8828125), np.float64(0.8828125)], new_spacing: [1.5, 0.7421875, 0.7421875], fn_data: functools.partial(<function resample_data_or_seg_to_shape at 0x793587ba0220>, is_seg=False, order=3, order_z=0, force_separate_z=None)
None
old shape: (83, 245, 404), new_shape: [ 83 257 424], old_spacing: [np.float64(1.5), np.float64(0.779296875), np.float64(0.779296875)], new_spacing: [1.5, 0.7421875, 0.7421875], fn_data: functools.partial(<function resample_data_or_seg_to_shape at 0x793587ba0220>, is_seg=False, order=3, order_z=0, force_separate_z=None)
None
old shape: (77, 220, 421), new_shape: [ 77 233 445], old_spacing: [np.float64(1.5), np.float64(0.78515625), np.float64(0.78515625)], new_spacing: [1.5, 0.7421875, 0.7421875], fn_data: functools.partial(<function resample_data_or_seg_to_shape at 0x793587ba0220>, is_seg=False, order=3, order_z=0, force_separate_z=None)
None
old shape: (80, 171, 383), new_shape: [ 80 193 431], old_spacing: [np.float64(1.5), np.float64(0.8359375), np.float64(0.8359375)], new_spacing: [1.5, 0.7421875, 0.7421875], fn_data: functools.partial(<function resample_data_or_seg_to_shape at 0x793587ba0220>, is_seg=False, order=3, order_z=0, force_separate_z=None)
None
old shape: (76, 245, 439), new_shape: [ 76 245 439], old_spacing: [np.float64(1.5), np.float64(0.7421875), np.float64(0.7421875)], new_spacing: [1.5, 0.7421875, 0.7421875], fn_data: functools.partial(<function resample_data_or_seg_to_shape at 0x793587ba0220>, is_seg=False, order=3, order_z=0, force_separate_z=None)
None
old shape: (56, 228, 456), new_shape: [ 56 221 442], old_spacing: [np.float64(1.5), np.float64(0.71875), np.float64(0.71875)], new_spacing: [1.5, 0.7421875, 0.7421875], fn_data: functools.partial(<function resample_data_or_seg_to_shape at 0x793587ba0220>, is_seg=False, order=3, order_z=0, force_separate_z=None)
None
old shape: (84, 283, 512), new_shape: [ 84 215 389], old_spacing: [np.float64(1.5), np.float64(0.564453125), np.float64(0.564453125)], new_spacing: [1.5, 0.7421875, 0.7421875], fn_data: functools.partial(<function resample_data_or_seg_to_shape at 0x793587ba0220>, is_seg=False, order=3, order_z=0, force_separate_z=None)
None
old shape: (53, 207, 418), new_shape: [ 71 218 440], old_spacing: [np.float64(2.0), np.float64(0.78125), np.float64(0.78125)], new_spacing: [1.5, 0.7421875, 0.7421875], fn_data: functools.partial(<function resample_data_or_seg_to_shape at 0x793587ba0220>, is_seg=False, order=3, order_z=0, force_separate_z=None)
None
old shape: (75, 190, 420), new_shape: [ 75 190 421], old_spacing: [np.float64(1.5), np.float64(0.744140625), np.float64(0.744140625)], new_spacing: [1.5, 0.7421875, 0.7421875], fn_data: functools.partial(<function resample_data_or_seg_to_shape at 0x793587ba0220>, is_seg=False, order=3, order_z=0, force_separate_z=None)
None
old shape: (81, 249, 458), new_shape: [ 81 249 458], old_spacing: [np.float64(1.5), np.float64(0.7421875), np.float64(0.7421875)], new_spacing: [1.5, 0.7421875, 0.7421875], fn_data: functools.partial(<function resample_data_or_seg_to_shape at 0x793587ba0220>, is_seg=False, order=3, order_z=0, force_separate_z=None)
None
old shape: (69, 254, 463), new_shape: [ 69 223 406], old_spacing: [np.float64(1.5), np.float64(0.650390625), np.float64(0.650390625)], new_spacing: [1.5, 0.7421875, 0.7421875], fn_data: functools.partial(<function resample_data_or_seg_to_shape at 0x793587ba0220>, is_seg=False, order=3, order_z=0, force_separate_z=None)
None
old shape: (76, 212, 411), new_shape: [ 76 218 422], old_spacing: [np.float64(1.5), np.float64(0.76171875), np.float64(0.76171875)], new_spacing: [1.5, 0.7421875, 0.7421875], fn_data: functools.partial(<function resample_data_or_seg_to_shape at 0x793587ba0220>, is_seg=False, order=3, order_z=0, force_separate_z=None)
None
old shape: (75, 255, 454), new_shape: [ 75 216 385], old_spacing: [np.float64(1.5), np.float64(0.62890625), np.float64(0.62890625)], new_spacing: [1.5, 0.7421875, 0.7421875], fn_data: functools.partial(<function resample_data_or_seg_to_shape at 0x793587ba0220>, is_seg=False, order=3, order_z=0, force_separate_z=None)
None
old shape: (61, 238, 463), new_shape: [ 61 200 390], old_spacing: [np.float64(1.5), np.float64(0.625), np.float64(0.625)], new_spacing: [1.5, 0.7421875, 0.7421875], fn_data: functools.partial(<function resample_data_or_seg_to_shape at 0x793587ba0220>, is_seg=False, order=3, order_z=0, force_separate_z=None)
None
old shape: (75, 294, 440), new_shape: [ 75 262 391], old_spacing: [np.float64(1.5), np.float64(0.66015625), np.float64(0.66015625)], new_spacing: [1.5, 0.7421875, 0.7421875], fn_data: functools.partial(<function resample_data_or_seg_to_shape at 0x793587ba0220>, is_seg=False, order=3, order_z=0, force_separate_z=None)
None
old shape: (73, 262, 467), new_shape: [ 73 224 399], old_spacing: [np.float64(1.5), np.float64(0.634765625), np.float64(0.634765625)], new_spacing: [1.5, 0.7421875, 0.7421875], fn_data: functools.partial(<function resample_data_or_seg_to_shape at 0x793587ba0220>, is_seg=False, order=3, order_z=0, force_separate_z=None)
None
old shape: (158, 241, 413), new_shape: [ 74 249 426], old_spacing: [np.float64(0.699999988079071), np.float64(0.765625), np.float64(0.765625)], new_spacing: [1.5, 0.7421875, 0.7421875], fn_data: functools.partial(<function resample_data_or_seg_to_shape at 0x793587ba0220>, is_seg=False, order=3, order_z=0, force_separate_z=None)
None
old shape: (75, 188, 394), new_shape: [ 75 210 441], old_spacing: [np.float64(1.5), np.float64(0.830078125), np.float64(0.830078125)], new_spacing: [1.5, 0.7421875, 0.7421875], fn_data: functools.partial(<function resample_data_or_seg_to_shape at 0x793587ba0220>, is_seg=False, order=3, order_z=0, force_separate_z=None)
None
old shape: (170, 193, 413), new_shape: [ 79 217 465], old_spacing: [np.float64(0.699999988079071), np.float64(0.8359375), np.float64(0.8359375)], new_spacing: [1.5, 0.7421875, 0.7421875], fn_data: functools.partial(<function resample_data_or_seg_to_shape at 0x793587ba0220>, is_seg=False, order=3, order_z=0, force_separate_z=None)
None
old shape: (28, 214, 407), new_shape: [ 56 214 407], old_spacing: [np.float64(3.0), np.float64(0.7421875), np.float64(0.7421875)], new_spacing: [1.5, 0.7421875, 0.7421875], fn_data: functools.partial(<function resample_data_or_seg_to_shape at 0x793587ba0220>, is_seg=False, order=3, order_z=0, force_separate_z=None)
None
old shape: (61, 233, 408), new_shape: [ 61 216 378], old_spacing: [np.float64(1.5), np.float64(0.6875), np.float64(0.6875)], new_spacing: [1.5, 0.7421875, 0.7421875], fn_data: functools.partial(<function resample_data_or_seg_to_shape at 0x793587ba0220>, is_seg=False, order=3, order_z=0, force_separate_z=None)
None
old shape: (70, 278, 450), new_shape: [ 70 238 385], old_spacing: [np.float64(1.5), np.float64(0.634765625), np.float64(0.634765625)], new_spacing: [1.5, 0.7421875, 0.7421875], fn_data: functools.partial(<function resample_data_or_seg_to_shape at 0x793587ba0220>, is_seg=False, order=3, order_z=0, force_separate_z=None)
None
old shape: (53, 283, 432), new_shape: [ 53 251 383], old_spacing: [np.float64(1.5), np.float64(0.658203125), np.float64(0.658203125)], new_spacing: [1.5, 0.7421875, 0.7421875], fn_data: functools.partial(<function resample_data_or_seg_to_shape at 0x793587ba0220>, is_seg=False, order=3, order_z=0, force_separate_z=None)
None
old shape: (65, 215, 467), new_shape: [ 87 226 492], old_spacing: [np.float64(2.0), np.float64(0.78125), np.float64(0.78125)], new_spacing: [1.5, 0.7421875, 0.7421875], fn_data: functools.partial(<function resample_data_or_seg_to_shape at 0x793587ba0220>, is_seg=False, order=3, order_z=0, force_separate_z=None)
None
old shape: (67, 233, 452), new_shape: [ 67 242 470], old_spacing: [np.float64(1.5), np.float64(0.771484375), np.float64(0.771484375)], new_spacing: [1.5, 0.7421875, 0.7421875], fn_data: functools.partial(<function resample_data_or_seg_to_shape at 0x793587ba0220>, is_seg=False, order=3, order_z=0, force_separate_z=None)
None
old shape: (35, 217, 395), new_shape: [ 70 228 416], old_spacing: [np.float64(3.0), np.float64(0.78125), np.float64(0.78125)], new_spacing: [1.5, 0.7421875, 0.7421875], fn_data: functools.partial(<function resample_data_or_seg_to_shape at 0x793587ba0220>, is_seg=False, order=3, order_z=0, force_separate_z=None)
None
old shape: (37, 200, 379), new_shape: [ 74 210 399], old_spacing: [np.float64(3.0), np.float64(0.781000018119812), np.float64(0.781000018119812)], new_spacing: [1.5, 0.7421875, 0.7421875], fn_data: functools.partial(<function resample_data_or_seg_to_shape at 0x793587ba0220>, is_seg=False, order=3, order_z=0, force_separate_z=None)
None
old shape: (55, 248, 429), new_shape: [ 88 248 429], old_spacing: [np.float64(2.4000000953674316), np.float64(0.7429999709129333), np.float64(0.7429999709129333)], new_spacing: [1.5, 0.7421875, 0.7421875], fn_data: functools.partial(<function resample_data_or_seg_to_shape at 0x793587ba0220>, is_seg=False, order=3, order_z=0, force_separate_z=None)
None
old shape: (77, 208, 381), new_shape: [ 77 219 401], old_spacing: [np.float64(1.5), np.float64(0.7820000052452087), np.float64(0.7820000052452087)], new_spacing: [1.5, 0.7421875, 0.7421875], fn_data: functools.partial(<function resample_data_or_seg_to_shape at 0x793587ba0220>, is_seg=False, order=3, order_z=0, force_separate_z=None)
None
old shape: (57, 299, 455), new_shape: [ 91 252 383], old_spacing: [np.float64(2.4000000953674316), np.float64(0.625), np.float64(0.625)], new_spacing: [1.5, 0.7421875, 0.7421875], fn_data: functools.partial(<function resample_data_or_seg_to_shape at 0x793587ba0220>, is_seg=False, order=3, order_z=0, force_separate_z=None)
None
old shape: (41, 493, 914), new_shape: [ 66 226 418], old_spacing: [np.float64(2.4000003337860107), np.float64(0.3395079970359802), np.float64(0.3395079970359802)], new_spacing: [1.5, 0.7421875, 0.7421875], fn_data: functools.partial(<function resample_data_or_seg_to_shape at 0x793587ba0220>, is_seg=False, order=3, order_z=0, force_separate_z=None)
None
old shape: (45, 303, 471), new_shape: [ 72 255 397], old_spacing: [np.float64(2.4000000953674316), np.float64(0.625), np.float64(0.625)], new_spacing: [1.5, 0.7421875, 0.7421875], fn_data: functools.partial(<function resample_data_or_seg_to_shape at 0x793587ba0220>, is_seg=False, order=3, order_z=0, force_separate_z=None)
None
old shape: (117, 253, 477), new_shape: [ 62 234 441], old_spacing: [np.float64(0.800000011920929), np.float64(0.6859999895095825), np.float64(0.6859999895095825)], new_spacing: [1.5, 0.7421875, 0.7421875], fn_data: functools.partial(<function resample_data_or_seg_to_shape at 0x793587ba0220>, is_seg=False, order=3, order_z=0, force_separate_z=None)
None
old shape: (49, 202, 423), new_shape: [ 78 213 446], old_spacing: [np.float64(2.4000000953674316), np.float64(0.7820129990577698), np.float64(0.7820129990577698)], new_spacing: [1.5, 0.7421875, 0.7421875], fn_data: functools.partial(<function resample_data_or_seg_to_shape at 0x793587ba0220>, is_seg=False, order=3, order_z=0, force_separate_z=None)
None
old shape: (54, 225, 440), new_shape: [ 86 237 464], old_spacing: [np.float64(2.4000000953674316), np.float64(0.7820129990577698), np.float64(0.7820129990577698)], new_spacing: [1.5, 0.7421875, 0.7421875], fn_data: functools.partial(<function resample_data_or_seg_to_shape at 0x793587ba0220>, is_seg=False, order=3, order_z=0, force_separate_z=None)
None
old shape: (50, 279, 471), new_shape: [ 80 253 428], old_spacing: [np.float64(2.4000000953674316), np.float64(0.6740000247955322), np.float64(0.6740000247955322)], new_spacing: [1.5, 0.7421875, 0.7421875], fn_data: functools.partial(<function resample_data_or_seg_to_shape at 0x793587ba0220>, is_seg=False, order=3, order_z=0, force_separate_z=None)
None
old shape: (28, 200, 341), new_shape: [ 75 263 448], old_spacing: [np.float64(4.0), np.float64(0.9760000109672546), np.float64(0.9760000109672546)], new_spacing: [1.5, 0.7421875, 0.7421875], fn_data: functools.partial(<function resample_data_or_seg_to_shape at 0x793587ba0220>, is_seg=False, order=3, order_z=0, force_separate_z=None)
None
old shape: (51, 230, 440), new_shape: [ 82 247 472], old_spacing: [np.float64(2.4000000953674316), np.float64(0.796999990940094), np.float64(0.796999990940094)], new_spacing: [1.5, 0.7421875, 0.7421875], fn_data: functools.partial(<function resample_data_or_seg_to_shape at 0x793587ba0220>, is_seg=False, order=3, order_z=0, force_separate_z=None)
None
old shape: (41, 282, 492), new_shape: [ 66 233 406], old_spacing: [np.float64(2.4000000953674316), np.float64(0.6129999756813049), np.float64(0.6129999756813049)], new_spacing: [1.5, 0.7421875, 0.7421875], fn_data: functools.partial(<function resample_data_or_seg_to_shape at 0x793587ba0220>, is_seg=False, order=3, order_z=0, force_separate_z=None)
None
old shape: (45, 273, 468), new_shape: [ 72 260 445], old_spacing: [np.float64(2.4000000953674316), np.float64(0.705718994140625), np.float64(0.705718994140625)], new_spacing: [1.5, 0.7421875, 0.7421875], fn_data: functools.partial(<function resample_data_or_seg_to_shape at 0x793587ba0220>, is_seg=False, order=3, order_z=0, force_separate_z=None)
None
old shape: (149, 246, 423), new_shape: [ 79 259 446], old_spacing: [np.float64(0.800000011920929), np.float64(0.7820000052452087), np.float64(0.7820000052452087)], new_spacing: [1.5, 0.7421875, 0.7421875], fn_data: functools.partial(<function resample_data_or_seg_to_shape at 0x793587ba0220>, is_seg=False, order=3, order_z=0, force_separate_z=None)
None
old shape: (40, 247, 400), new_shape: [ 80 260 421], old_spacing: [np.float64(3.0), np.float64(0.7820000052452087), np.float64(0.7820000052452087)], new_spacing: [1.5, 0.7421875, 0.7421875], fn_data: functools.partial(<function resample_data_or_seg_to_shape at 0x793587ba0220>, is_seg=False, order=3, order_z=0, force_separate_z=None)
None
old shape: (43, 264, 445), new_shape: [ 69 248 419], old_spacing: [np.float64(2.4000000953674316), np.float64(0.6980000138282776), np.float64(0.6980000138282776)], new_spacing: [1.5, 0.7421875, 0.7421875], fn_data: functools.partial(<function resample_data_or_seg_to_shape at 0x793587ba0220>, is_seg=False, order=3, order_z=0, force_separate_z=None)
None
old shape: (53, 260, 455), new_shape: [ 85 240 421], old_spacing: [np.float64(2.4000000953674316), np.float64(0.6859999895095825), np.float64(0.6859999895095825)], new_spacing: [1.5, 0.7421875, 0.7421875], fn_data: functools.partial(<function resample_data_or_seg_to_shape at 0x793587ba0220>, is_seg=False, order=3, order_z=0, force_separate_z=None)
None
old shape: (48, 251, 466), new_shape: [ 77 234 434], old_spacing: [np.float64(2.4000000953674316), np.float64(0.6919999718666077), np.float64(0.6919999718666077)], new_spacing: [1.5, 0.7421875, 0.7421875], fn_data: functools.partial(<function resample_data_or_seg_to_shape at 0x793587ba0220>, is_seg=False, order=3, order_z=0, force_separate_z=None)
None
old shape: (49, 248, 441), new_shape: [ 78 261 465], old_spacing: [np.float64(2.4000000953674316), np.float64(0.7820000052452087), np.float64(0.7820000052452087)], new_spacing: [1.5, 0.7421875, 0.7421875], fn_data: functools.partial(<function resample_data_or_seg_to_shape at 0x793587ba0220>, is_seg=False, order=3, order_z=0, force_separate_z=None)
None
old shape: (50, 192, 401), new_shape: [ 80 222 464], old_spacing: [np.float64(2.4000000953674316), np.float64(0.8579999804496765), np.float64(0.8579999804496765)], new_spacing: [1.5, 0.7421875, 0.7421875], fn_data: functools.partial(<function resample_data_or_seg_to_shape at 0x793587ba0220>, is_seg=False, order=3, order_z=0, force_separate_z=None)
None
old shape: (119, 211, 434), new_shape: [ 79 229 471], old_spacing: [np.float64(1.0), np.float64(0.8050000071525574), np.float64(0.8050000071525574)], new_spacing: [1.5, 0.7421875, 0.7421875], fn_data: functools.partial(<function resample_data_or_seg_to_shape at 0x793587ba0220>, is_seg=False, order=3, order_z=0, force_separate_z=None)
None
old shape: (44, 225, 476), new_shape: [ 70 214 452], old_spacing: [np.float64(2.4000000953674316), np.float64(0.7049999833106995), np.float64(0.7049999833106995)], new_spacing: [1.5, 0.7421875, 0.7421875], fn_data: functools.partial(<function resample_data_or_seg_to_shape at 0x793587ba0220>, is_seg=False, order=3, order_z=0, force_separate_z=None)
None
old shape: (124, 238, 425), new_shape: [ 66 226 404], old_spacing: [np.float64(0.801025390625), np.float64(0.7049999833106995), np.float64(0.7049999833106995)], new_spacing: [1.5, 0.7421875, 0.7421875], fn_data: functools.partial(<function resample_data_or_seg_to_shape at 0x793587ba0220>, is_seg=False, order=3, order_z=0, force_separate_z=None)
None
old shape: (49, 484, 794), new_shape: [ 78 255 418], old_spacing: [np.float64(2.4000000953674316), np.float64(0.3910059928894043), np.float64(0.3910059928894043)], new_spacing: [1.5, 0.7421875, 0.7421875], fn_data: functools.partial(<function resample_data_or_seg_to_shape at 0x793587ba0220>, is_seg=False, order=3, order_z=0, force_separate_z=None)
None
old shape: (79, 177, 357), new_shape: [ 79 216 436], old_spacing: [np.float64(1.5), np.float64(0.9070000052452087), np.float64(0.9070000052452087)], new_spacing: [1.5, 0.7421875, 0.7421875], fn_data: functools.partial(<function resample_data_or_seg_to_shape at 0x793587ba0220>, is_seg=False, order=3, order_z=0, force_separate_z=None)
None
old shape: (48, 208, 409), new_shape: [ 77 219 430], old_spacing: [np.float64(2.4000000953674316), np.float64(0.781000018119812), np.float64(0.781000018119812)], new_spacing: [1.5, 0.7421875, 0.7421875], fn_data: functools.partial(<function resample_data_or_seg_to_shape at 0x793587ba0220>, is_seg=False, order=3, order_z=0, force_separate_z=None)
None
old shape: (48, 208, 451), new_shape: [ 77 216 468], old_spacing: [np.float64(2.4000000953674316), np.float64(0.7699999809265137), np.float64(0.7699999809265137)], new_spacing: [1.5, 0.7421875, 0.7421875], fn_data: functools.partial(<function resample_data_or_seg_to_shape at 0x793587ba0220>, is_seg=False, order=3, order_z=0, force_separate_z=None)
None
old shape: (63, 472, 864), new_shape: [ 84 249 455], old_spacing: [np.float64(2.0), np.float64(0.3910059928894043), np.float64(0.3910059928894043)], new_spacing: [1.5, 0.7421875, 0.7421875], fn_data: functools.partial(<function resample_data_or_seg_to_shape at 0x793587ba0220>, is_seg=False, order=3, order_z=0, force_separate_z=None)
None
old shape: (121, 189, 367), new_shape: [ 81 225 438], old_spacing: [np.float64(1.0), np.float64(0.8849999904632568), np.float64(0.8849999904632568)], new_spacing: [1.5, 0.7421875, 0.7421875], fn_data: functools.partial(<function resample_data_or_seg_to_shape at 0x793587ba0220>, is_seg=False, order=3, order_z=0, force_separate_z=None)
None
old shape: (49, 195, 400), new_shape: [ 78 205 421], old_spacing: [np.float64(2.4000000953674316), np.float64(0.7820129990577698), np.float64(0.7820129990577698)], new_spacing: [1.5, 0.7421875, 0.7421875], fn_data: functools.partial(<function resample_data_or_seg_to_shape at 0x793587ba0220>, is_seg=False, order=3, order_z=0, force_separate_z=None)
None
old shape: (161, 267, 442), new_shape: [ 86 255 422], old_spacing: [np.float64(0.800000011920929), np.float64(0.7089999914169312), np.float64(0.7089999914169312)], new_spacing: [1.5, 0.7421875, 0.7421875], fn_data: functools.partial(<function resample_data_or_seg_to_shape at 0x793587ba0220>, is_seg=False, order=3, order_z=0, force_separate_z=None)
None
old shape: (49, 216, 414), new_shape: [ 78 228 436], old_spacing: [np.float64(2.4000000953674316), np.float64(0.7820000052452087), np.float64(0.7820000052452087)], new_spacing: [1.5, 0.7421875, 0.7421875], fn_data: functools.partial(<function resample_data_or_seg_to_shape at 0x793587ba0220>, is_seg=False, order=3, order_z=0, force_separate_z=None)
None
old shape: (36, 589, 851), new_shape: [ 72 310 448], old_spacing: [np.float64(3.0), np.float64(0.3910059928894043), np.float64(0.3910059928894043)], new_spacing: [1.5, 0.7421875, 0.7421875], fn_data: functools.partial(<function resample_data_or_seg_to_shape at 0x793587ba0220>, is_seg=False, order=3, order_z=0, force_separate_z=None)
None
old shape: (51, 209, 423), new_shape: [ 82 220 446], old_spacing: [np.float64(2.4000000953674316), np.float64(0.7820129990577698), np.float64(0.7820129990577698)], new_spacing: [1.5, 0.7421875, 0.7421875], fn_data: functools.partial(<function resample_data_or_seg_to_shape at 0x793587ba0220>, is_seg=False, order=3, order_z=0, force_separate_z=None)
None
old shape: (128, 183, 394), new_shape: [ 68 193 415], old_spacing: [np.float64(0.800000011920929), np.float64(0.7820000052452087), np.float64(0.7820000052452087)], new_spacing: [1.5, 0.7421875, 0.7421875], fn_data: functools.partial(<function resample_data_or_seg_to_shape at 0x793587ba0220>, is_seg=False, order=3, order_z=0, force_separate_z=None)
None
old shape: (58, 240, 491), new_shape: [ 58 234 478], old_spacing: [np.float64(1.5), np.float64(0.7229999899864197), np.float64(0.7229999899864197)], new_spacing: [1.5, 0.7421875, 0.7421875], fn_data: functools.partial(<function resample_data_or_seg_to_shape at 0x793587ba0220>, is_seg=False, order=3, order_z=0, force_separate_z=None)
None
old shape: (51, 259, 447), new_shape: [ 82 248 428], old_spacing: [np.float64(2.4000000953674316), np.float64(0.7110000252723694), np.float64(0.7110000252723694)], new_spacing: [1.5, 0.7421875, 0.7421875], fn_data: functools.partial(<function resample_data_or_seg_to_shape at 0x793587ba0220>, is_seg=False, order=3, order_z=0, force_separate_z=None)
None
old shape: (50, 265, 462), new_shape: [ 80 247 431], old_spacing: [np.float64(2.4000000953674316), np.float64(0.6919999718666077), np.float64(0.6919999718666077)], new_spacing: [1.5, 0.7421875, 0.7421875], fn_data: functools.partial(<function resample_data_or_seg_to_shape at 0x793587ba0220>, is_seg=False, order=3, order_z=0, force_separate_z=None)
None
old shape: (48, 231, 428), new_shape: [ 77 231 427], old_spacing: [np.float64(2.4000000953674316), np.float64(0.7409999966621399), np.float64(0.7409999966621399)], new_spacing: [1.5, 0.7421875, 0.7421875], fn_data: functools.partial(<function resample_data_or_seg_to_shape at 0x793587ba0220>, is_seg=False, order=3, order_z=0, force_separate_z=None)
None
old shape: (59, 246, 436), new_shape: [ 94 238 421], old_spacing: [np.float64(2.4000000953674316), np.float64(0.7171630263328552), np.float64(0.7171630263328552)], new_spacing: [1.5, 0.7421875, 0.7421875], fn_data: functools.partial(<function resample_data_or_seg_to_shape at 0x793587ba0220>, is_seg=False, order=3, order_z=0, force_separate_z=None)
None
old shape: (74, 249, 453), new_shape: [ 74 242 439], old_spacing: [np.float64(1.5), np.float64(0.7200000286102295), np.float64(0.7200000286102295)], new_spacing: [1.5, 0.7421875, 0.7421875], fn_data: functools.partial(<function resample_data_or_seg_to_shape at 0x793587ba0220>, is_seg=False, order=3, order_z=0, force_separate_z=None)
None
old shape: (74, 234, 440), new_shape: [ 74 236 443], old_spacing: [np.float64(1.5), np.float64(0.746999979019165), np.float64(0.746999979019165)], new_spacing: [1.5, 0.7421875, 0.7421875], fn_data: functools.partial(<function resample_data_or_seg_to_shape at 0x793587ba0220>, is_seg=False, order=3, order_z=0, force_separate_z=None)
None
old shape: (52, 235, 419), new_shape: [ 83 251 448], old_spacing: [np.float64(2.4000000953674316), np.float64(0.7929999828338623), np.float64(0.7929999828338623)], new_spacing: [1.5, 0.7421875, 0.7421875], fn_data: functools.partial(<function resample_data_or_seg_to_shape at 0x793587ba0220>, is_seg=False, order=3, order_z=0, force_separate_z=None)
None
old shape: (158, 242, 475), new_shape: [ 84 255 500], old_spacing: [np.float64(0.800000011920929), np.float64(0.7820000052452087), np.float64(0.7820000052452087)], new_spacing: [1.5, 0.7421875, 0.7421875], fn_data: functools.partial(<function resample_data_or_seg_to_shape at 0x793587ba0220>, is_seg=False, order=3, order_z=0, force_separate_z=None)
None
old shape: (60, 287, 465), new_shape: [ 96 242 392], old_spacing: [np.float64(2.4000000953674316), np.float64(0.625), np.float64(0.625)], new_spacing: [1.5, 0.7421875, 0.7421875], fn_data: functools.partial(<function resample_data_or_seg_to_shape at 0x793587ba0220>, is_seg=False, order=3, order_z=0, force_separate_z=None)
None
old shape: (74, 227, 431), new_shape: [ 74 239 454], old_spacing: [np.float64(1.5), np.float64(0.781000018119812), np.float64(0.781000018119812)], new_spacing: [1.5, 0.7421875, 0.7421875], fn_data: functools.partial(<function resample_data_or_seg_to_shape at 0x793587ba0220>, is_seg=False, order=3, order_z=0, force_separate_z=None)
None
old shape: (42, 236, 445), new_shape: [ 67 211 398], old_spacing: [np.float64(2.4000000953674316), np.float64(0.6637570261955261), np.float64(0.6637570261955261)], new_spacing: [1.5, 0.7421875, 0.7421875], fn_data: functools.partial(<function resample_data_or_seg_to_shape at 0x793587ba0220>, is_seg=False, order=3, order_z=0, force_separate_z=None)
None
old shape: (102, 190, 372), new_shape: [ 75 230 451], old_spacing: [np.float64(1.10003662109375), np.float64(0.8999999761581421), np.float64(0.8999999761581421)], new_spacing: [1.5, 0.7421875, 0.7421875], fn_data: functools.partial(<function resample_data_or_seg_to_shape at 0x793587ba0220>, is_seg=False, order=3, order_z=0, force_separate_z=None)
None
old shape: (47, 229, 409), new_shape: [ 75 241 431], old_spacing: [np.float64(2.3999996185302734), np.float64(0.7820000052452087), np.float64(0.7820000052452087)], new_spacing: [1.5, 0.7421875, 0.7421875], fn_data: functools.partial(<function resample_data_or_seg_to_shape at 0x793587ba0220>, is_seg=False, order=3, order_z=0, force_separate_z=None)
  feat 300/750
None
old shape: (91, 213, 435), new_shape: [ 91 208 426], old_spacing: [np.float64(1.5), np.float64(0.7260000109672546), np.float64(0.7260000109672546)], new_spacing: [1.5, 0.7421875, 0.7421875], fn_data: functools.partial(<function resample_data_or_seg_to_shape at 0x793587ba0220>, is_seg=False, order=3, order_z=0, force_separate_z=None)
None
old shape: (145, 248, 449), new_shape: [ 77 207 374], old_spacing: [np.float64(0.800000011920929), np.float64(0.6179999709129333), np.float64(0.6179999709129333)], new_spacing: [1.5, 0.7421875, 0.7421875], fn_data: functools.partial(<function resample_data_or_seg_to_shape at 0x793587ba0220>, is_seg=False, order=3, order_z=0, force_separate_z=None)
None
old shape: (48, 262, 475), new_shape: [ 77 226 410], old_spacing: [np.float64(2.4000000953674316), np.float64(0.6399999856948853), np.float64(0.6399999856948853)], new_spacing: [1.5, 0.7421875, 0.7421875], fn_data: functools.partial(<function resample_data_or_seg_to_shape at 0x793587ba0220>, is_seg=False, order=3, order_z=0, force_separate_z=None)
None
old shape: (51, 255, 420), new_shape: [ 82 253 417], old_spacing: [np.float64(2.4000000953674316), np.float64(0.7362369894981384), np.float64(0.7362369894981384)], new_spacing: [1.5, 0.7421875, 0.7421875], fn_data: functools.partial(<function resample_data_or_seg_to_shape at 0x793587ba0220>, is_seg=False, order=3, order_z=0, force_separate_z=None)
None
old shape: (47, 488, 927), new_shape: [ 63 207 393], old_spacing: [np.float64(2.0), np.float64(0.3147130012512207), np.float64(0.3147130012512207)], new_spacing: [1.5, 0.7421875, 0.7421875], fn_data: functools.partial(<function resample_data_or_seg_to_shape at 0x793587ba0220>, is_seg=False, order=3, order_z=0, force_separate_z=None)
None
old shape: (62, 283, 455), new_shape: [ 99 238 383], old_spacing: [np.float64(2.4000000953674316), np.float64(0.625), np.float64(0.625)], new_spacing: [1.5, 0.7421875, 0.7421875], fn_data: functools.partial(<function resample_data_or_seg_to_shape at 0x793587ba0220>, is_seg=False, order=3, order_z=0, force_separate_z=None)
None
old shape: (46, 284, 469), new_shape: [ 74 239 395], old_spacing: [np.float64(2.4000000953674316), np.float64(0.625), np.float64(0.625)], new_spacing: [1.5, 0.7421875, 0.7421875], fn_data: functools.partial(<function resample_data_or_seg_to_shape at 0x793587ba0220>, is_seg=False, order=3, order_z=0, force_separate_z=None)
None
old shape: (48, 501, 830), new_shape: [ 77 264 437], old_spacing: [np.float64(2.3999998569488525), np.float64(0.3910059928894043), np.float64(0.3910059928894043)], new_spacing: [1.5, 0.7421875, 0.7421875], fn_data: functools.partial(<function resample_data_or_seg_to_shape at 0x793587ba0220>, is_seg=False, order=3, order_z=0, force_separate_z=None)
None
old shape: (41, 261, 448), new_shape: [ 66 244 419], old_spacing: [np.float64(2.4000000953674316), np.float64(0.6942750215530396), np.float64(0.6942750215530396)], new_spacing: [1.5, 0.7421875, 0.7421875], fn_data: functools.partial(<function resample_data_or_seg_to_shape at 0x793587ba0220>, is_seg=False, order=3, order_z=0, force_separate_z=None)
None
old shape: (37, 237, 476), new_shape: [ 59 200 401], old_spacing: [np.float64(2.4000000953674316), np.float64(0.625), np.float64(0.625)], new_spacing: [1.5, 0.7421875, 0.7421875], fn_data: functools.partial(<function resample_data_or_seg_to_shape at 0x793587ba0220>, is_seg=False, order=3, order_z=0, force_separate_z=None)
None
old shape: (43, 246, 443), new_shape: [ 69 228 411], old_spacing: [np.float64(2.4000000953674316), np.float64(0.6890000104904175), np.float64(0.6890000104904175)], new_spacing: [1.5, 0.7421875, 0.7421875], fn_data: functools.partial(<function resample_data_or_seg_to_shape at 0x793587ba0220>, is_seg=False, order=3, order_z=0, force_separate_z=None)
None
old shape: (136, 258, 475), new_shape: [ 73 218 402], old_spacing: [np.float64(0.800000011920929), np.float64(0.628000020980835), np.float64(0.628000020980835)], new_spacing: [1.5, 0.7421875, 0.7421875], fn_data: functools.partial(<function resample_data_or_seg_to_shape at 0x793587ba0220>, is_seg=False, order=3, order_z=0, force_separate_z=None)
None
old shape: (51, 267, 479), new_shape: [ 82 219 394], old_spacing: [np.float64(2.4000000953674316), np.float64(0.6100000143051147), np.float64(0.6100000143051147)], new_spacing: [1.5, 0.7421875, 0.7421875], fn_data: functools.partial(<function resample_data_or_seg_to_shape at 0x793587ba0220>, is_seg=False, order=3, order_z=0, force_separate_z=None)
None
old shape: (43, 423, 776), new_shape: [ 69 223 409], old_spacing: [np.float64(2.3999996185302734), np.float64(0.3910059928894043), np.float64(0.3910059928894043)], new_spacing: [1.5, 0.7421875, 0.7421875], fn_data: functools.partial(<function resample_data_or_seg_to_shape at 0x793587ba0220>, is_seg=False, order=3, order_z=0, force_separate_z=None)
None
old shape: (158, 212, 452), new_shape: [ 84 223 476], old_spacing: [np.float64(0.800000011920929), np.float64(0.781000018119812), np.float64(0.781000018119812)], new_spacing: [1.5, 0.7421875, 0.7421875], fn_data: functools.partial(<function resample_data_or_seg_to_shape at 0x793587ba0220>, is_seg=False, order=3, order_z=0, force_separate_z=None)
None
old shape: (50, 289, 484), new_shape: [ 80 232 388], old_spacing: [np.float64(2.4000000953674316), np.float64(0.5950000286102295), np.float64(0.5950000286102295)], new_spacing: [1.5, 0.7421875, 0.7421875], fn_data: functools.partial(<function resample_data_or_seg_to_shape at 0x793587ba0220>, is_seg=False, order=3, order_z=0, force_separate_z=None)
None
old shape: (51, 219, 435), new_shape: [ 82 231 458], old_spacing: [np.float64(2.4000000953674316), np.float64(0.7820000052452087), np.float64(0.7820000052452087)], new_spacing: [1.5, 0.7421875, 0.7421875], fn_data: functools.partial(<function resample_data_or_seg_to_shape at 0x793587ba0220>, is_seg=False, order=3, order_z=0, force_separate_z=None)
None
old shape: (39, 300, 475), new_shape: [ 62 244 386], old_spacing: [np.float64(2.4000000953674316), np.float64(0.6027219891548157), np.float64(0.6027219891548157)], new_spacing: [1.5, 0.7421875, 0.7421875], fn_data: functools.partial(<function resample_data_or_seg_to_shape at 0x793587ba0220>, is_seg=False, order=3, order_z=0, force_separate_z=None)
None
old shape: (54, 189, 400), new_shape: [ 86 213 450], old_spacing: [np.float64(2.4000000953674316), np.float64(0.8354189991950989), np.float64(0.8354189991950989)], new_spacing: [1.5, 0.7421875, 0.7421875], fn_data: functools.partial(<function resample_data_or_seg_to_shape at 0x793587ba0220>, is_seg=False, order=3, order_z=0, force_separate_z=None)
None
old shape: (69, 250, 463), new_shape: [ 69 222 411], old_spacing: [np.float64(1.5), np.float64(0.6589999794960022), np.float64(0.6589999794960022)], new_spacing: [1.5, 0.7421875, 0.7421875], fn_data: functools.partial(<function resample_data_or_seg_to_shape at 0x793587ba0220>, is_seg=False, order=3, order_z=0, force_separate_z=None)
None
old shape: (58, 256, 446), new_shape: [ 93 250 435], old_spacing: [np.float64(2.4000000953674316), np.float64(0.7239999771118164), np.float64(0.7239999771118164)], new_spacing: [1.5, 0.7421875, 0.7421875], fn_data: functools.partial(<function resample_data_or_seg_to_shape at 0x793587ba0220>, is_seg=False, order=3, order_z=0, force_separate_z=None)
None
old shape: (38, 160, 398), new_shape: [ 61 198 493], old_spacing: [np.float64(2.4000000953674316), np.float64(0.9190000295639038), np.float64(0.9190000295639038)], new_spacing: [1.5, 0.7421875, 0.7421875], fn_data: functools.partial(<function resample_data_or_seg_to_shape at 0x793587ba0220>, is_seg=False, order=3, order_z=0, force_separate_z=None)
None
old shape: (30, 245, 440), new_shape: [ 80 247 443], old_spacing: [np.float64(4.0), np.float64(0.746999979019165), np.float64(0.746999979019165)], new_spacing: [1.5, 0.7421875, 0.7421875], fn_data: functools.partial(<function resample_data_or_seg_to_shape at 0x793587ba0220>, is_seg=False, order=3, order_z=0, force_separate_z=None)
None
old shape: (46, 213, 429), new_shape: [ 74 216 434], old_spacing: [np.float64(2.4000000953674316), np.float64(0.7509999871253967), np.float64(0.7509999871253967)], new_spacing: [1.5, 0.7421875, 0.7421875], fn_data: functools.partial(<function resample_data_or_seg_to_shape at 0x793587ba0220>, is_seg=False, order=3, order_z=0, force_separate_z=None)
None
old shape: (110, 246, 446), new_shape: [ 73 265 481], old_spacing: [np.float64(1.0), np.float64(0.8009999990463257), np.float64(0.8009999990463257)], new_spacing: [1.5, 0.7421875, 0.7421875], fn_data: functools.partial(<function resample_data_or_seg_to_shape at 0x793587ba0220>, is_seg=False, order=3, order_z=0, force_separate_z=None)
None
old shape: (129, 236, 410), new_shape: [ 69 249 432], old_spacing: [np.float64(0.800000011920929), np.float64(0.7820000052452087), np.float64(0.7820000052452087)], new_spacing: [1.5, 0.7421875, 0.7421875], fn_data: functools.partial(<function resample_data_or_seg_to_shape at 0x793587ba0220>, is_seg=False, order=3, order_z=0, force_separate_z=None)
None
old shape: (45, 210, 385), new_shape: [ 72 221 406], old_spacing: [np.float64(2.4000000953674316), np.float64(0.7820000052452087), np.float64(0.7820000052452087)], new_spacing: [1.5, 0.7421875, 0.7421875], fn_data: functools.partial(<function resample_data_or_seg_to_shape at 0x793587ba0220>, is_seg=False, order=3, order_z=0, force_separate_z=None)
None
old shape: (76, 238, 445), new_shape: [ 76 218 408], old_spacing: [np.float64(1.5), np.float64(0.6800000071525574), np.float64(0.6800000071525574)], new_spacing: [1.5, 0.7421875, 0.7421875], fn_data: functools.partial(<function resample_data_or_seg_to_shape at 0x793587ba0220>, is_seg=False, order=3, order_z=0, force_separate_z=None)
None
old shape: (131, 188, 423), new_shape: [ 70 198 446], old_spacing: [np.float64(0.800000011920929), np.float64(0.7820000052452087), np.float64(0.7820000052452087)], new_spacing: [1.5, 0.7421875, 0.7421875], fn_data: functools.partial(<function resample_data_or_seg_to_shape at 0x793587ba0220>, is_seg=False, order=3, order_z=0, force_separate_z=None)
None
old shape: (48, 199, 410), new_shape: [ 77 210 432], old_spacing: [np.float64(2.4000000953674316), np.float64(0.7820000052452087), np.float64(0.7820000052452087)], new_spacing: [1.5, 0.7421875, 0.7421875], fn_data: functools.partial(<function resample_data_or_seg_to_shape at 0x793587ba0220>, is_seg=False, order=3, order_z=0, force_separate_z=None)
None
old shape: (51, 207, 441), new_shape: [ 82 220 469], old_spacing: [np.float64(2.4000000953674316), np.float64(0.7889999747276306), np.float64(0.7889999747276306)], new_spacing: [1.5, 0.7421875, 0.7421875], fn_data: functools.partial(<function resample_data_or_seg_to_shape at 0x793587ba0220>, is_seg=False, order=3, order_z=0, force_separate_z=None)
None
old shape: (151, 246, 436), new_shape: [ 81 259 459], old_spacing: [np.float64(0.800000011920929), np.float64(0.7820000052452087), np.float64(0.7820000052452087)], new_spacing: [1.5, 0.7421875, 0.7421875], fn_data: functools.partial(<function resample_data_or_seg_to_shape at 0x793587ba0220>, is_seg=False, order=3, order_z=0, force_separate_z=None)
None
old shape: (28, 325, 659), new_shape: [ 45 171 347], old_spacing: [np.float64(2.4000000953674316), np.float64(0.3910059928894043), np.float64(0.3910059928894043)], new_spacing: [1.5, 0.7421875, 0.7421875], fn_data: functools.partial(<function resample_data_or_seg_to_shape at 0x793587ba0220>, is_seg=False, order=3, order_z=0, force_separate_z=None)
None
old shape: (41, 297, 448), new_shape: [ 66 250 377], old_spacing: [np.float64(2.4000000953674316), np.float64(0.625), np.float64(0.625)], new_spacing: [1.5, 0.7421875, 0.7421875], fn_data: functools.partial(<function resample_data_or_seg_to_shape at 0x793587ba0220>, is_seg=False, order=3, order_z=0, force_separate_z=None)
None
old shape: (71, 222, 413), new_shape: [ 71 218 405], old_spacing: [np.float64(1.5), np.float64(0.7279999852180481), np.float64(0.7279999852180481)], new_spacing: [1.5, 0.7421875, 0.7421875], fn_data: functools.partial(<function resample_data_or_seg_to_shape at 0x793587ba0220>, is_seg=False, order=3, order_z=0, force_separate_z=None)
None
old shape: (44, 234, 463), new_shape: [ 70 218 432], old_spacing: [np.float64(2.4000000953674316), np.float64(0.6919999718666077), np.float64(0.6919999718666077)], new_spacing: [1.5, 0.7421875, 0.7421875], fn_data: functools.partial(<function resample_data_or_seg_to_shape at 0x793587ba0220>, is_seg=False, order=3, order_z=0, force_separate_z=None)
None
old shape: (52, 237, 435), new_shape: [ 83 250 458], old_spacing: [np.float64(2.4000000953674316), np.float64(0.7820000052452087), np.float64(0.7820000052452087)], new_spacing: [1.5, 0.7421875, 0.7421875], fn_data: functools.partial(<function resample_data_or_seg_to_shape at 0x793587ba0220>, is_seg=False, order=3, order_z=0, force_separate_z=None)
None
old shape: (73, 202, 433), new_shape: [ 73 213 456], old_spacing: [np.float64(1.5), np.float64(0.7820000052452087), np.float64(0.7820000052452087)], new_spacing: [1.5, 0.7421875, 0.7421875], fn_data: functools.partial(<function resample_data_or_seg_to_shape at 0x793587ba0220>, is_seg=False, order=3, order_z=0, force_separate_z=None)
None
old shape: (153, 256, 470), new_shape: [ 82 236 433], old_spacing: [np.float64(0.800000011920929), np.float64(0.6830000281333923), np.float64(0.6830000281333923)], new_spacing: [1.5, 0.7421875, 0.7421875], fn_data: functools.partial(<function resample_data_or_seg_to_shape at 0x793587ba0220>, is_seg=False, order=3, order_z=0, force_separate_z=None)
None
old shape: (37, 190, 451), new_shape: [ 59 200 475], old_spacing: [np.float64(2.4000000953674316), np.float64(0.7820129990577698), np.float64(0.7820129990577698)], new_spacing: [1.5, 0.7421875, 0.7421875], fn_data: functools.partial(<function resample_data_or_seg_to_shape at 0x793587ba0220>, is_seg=False, order=3, order_z=0, force_separate_z=None)
None
old shape: (78, 200, 406), new_shape: [ 78 211 428], old_spacing: [np.float64(1.5), np.float64(0.7820000052452087), np.float64(0.7820000052452087)], new_spacing: [1.5, 0.7421875, 0.7421875], fn_data: functools.partial(<function resample_data_or_seg_to_shape at 0x793587ba0220>, is_seg=False, order=3, order_z=0, force_separate_z=None)
None
old shape: (54, 456, 902), new_shape: [ 86 240 475], old_spacing: [np.float64(2.4000000953674316), np.float64(0.3910059928894043), np.float64(0.3910059928894043)], new_spacing: [1.5, 0.7421875, 0.7421875], fn_data: functools.partial(<function resample_data_or_seg_to_shape at 0x793587ba0220>, is_seg=False, order=3, order_z=0, force_separate_z=None)
None
old shape: (141, 244, 449), new_shape: [ 75 236 434], old_spacing: [np.float64(0.800000011920929), np.float64(0.7170000076293945), np.float64(0.7170000076293945)], new_spacing: [1.5, 0.7421875, 0.7421875], fn_data: functools.partial(<function resample_data_or_seg_to_shape at 0x793587ba0220>, is_seg=False, order=3, order_z=0, force_separate_z=None)
None
old shape: (79, 212, 394), new_shape: [ 79 197 366], old_spacing: [np.float64(1.5), np.float64(0.6890000104904175), np.float64(0.6890000104904175)], new_spacing: [1.5, 0.7421875, 0.7421875], fn_data: functools.partial(<function resample_data_or_seg_to_shape at 0x793587ba0220>, is_seg=False, order=3, order_z=0, force_separate_z=None)
None
old shape: (55, 489, 803), new_shape: [ 88 257 422], old_spacing: [np.float64(2.4000000953674316), np.float64(0.39005300402641296), np.float64(0.39005300402641296)], new_spacing: [1.5, 0.7421875, 0.7421875], fn_data: functools.partial(<function resample_data_or_seg_to_shape at 0x793587ba0220>, is_seg=False, order=3, order_z=0, force_separate_z=None)
None
old shape: (31, 245, 446), new_shape: [ 83 258 470], old_spacing: [np.float64(4.0), np.float64(0.7820000052452087), np.float64(0.7820000052452087)], new_spacing: [1.5, 0.7421875, 0.7421875], fn_data: functools.partial(<function resample_data_or_seg_to_shape at 0x793587ba0220>, is_seg=False, order=3, order_z=0, force_separate_z=None)
None
old shape: (165, 233, 432), new_shape: [ 88 245 455], old_spacing: [np.float64(0.800000011920929), np.float64(0.781000018119812), np.float64(0.781000018119812)], new_spacing: [1.5, 0.7421875, 0.7421875], fn_data: functools.partial(<function resample_data_or_seg_to_shape at 0x793587ba0220>, is_seg=False, order=3, order_z=0, force_separate_z=None)
None
old shape: (78, 226, 399), new_shape: [ 78 238 420], old_spacing: [np.float64(1.5), np.float64(0.781000018119812), np.float64(0.781000018119812)], new_spacing: [1.5, 0.7421875, 0.7421875], fn_data: functools.partial(<function resample_data_or_seg_to_shape at 0x793587ba0220>, is_seg=False, order=3, order_z=0, force_separate_z=None)
None
old shape: (95, 197, 386), new_shape: [ 51 208 407], old_spacing: [np.float64(0.800001859664917), np.float64(0.7820000052452087), np.float64(0.7820000052452087)], new_spacing: [1.5, 0.7421875, 0.7421875], fn_data: functools.partial(<function resample_data_or_seg_to_shape at 0x793587ba0220>, is_seg=False, order=3, order_z=0, force_separate_z=None)
None
old shape: (57, 219, 426), new_shape: [ 91 231 449], old_spacing: [np.float64(2.4000000953674316), np.float64(0.7820000052452087), np.float64(0.7820000052452087)], new_spacing: [1.5, 0.7421875, 0.7421875], fn_data: functools.partial(<function resample_data_or_seg_to_shape at 0x793587ba0220>, is_seg=False, order=3, order_z=0, force_separate_z=None)
None
old shape: (46, 477, 784), new_shape: [ 74 251 413], old_spacing: [np.float64(2.4000003337860107), np.float64(0.3910059928894043), np.float64(0.3910059928894043)], new_spacing: [1.5, 0.7421875, 0.7421875], fn_data: functools.partial(<function resample_data_or_seg_to_shape at 0x793587ba0220>, is_seg=False, order=3, order_z=0, force_separate_z=None)
None
old shape: (71, 222, 388), new_shape: [ 71 269 471], old_spacing: [np.float64(1.5), np.float64(0.8999999761581421), np.float64(0.8999999761581421)], new_spacing: [1.5, 0.7421875, 0.7421875], fn_data: functools.partial(<function resample_data_or_seg_to_shape at 0x793587ba0220>, is_seg=False, order=3, order_z=0, force_separate_z=None)
None
old shape: (56, 240, 426), new_shape: [ 90 253 449], old_spacing: [np.float64(2.4000000953674316), np.float64(0.7820129990577698), np.float64(0.7820129990577698)], new_spacing: [1.5, 0.7421875, 0.7421875], fn_data: functools.partial(<function resample_data_or_seg_to_shape at 0x793587ba0220>, is_seg=False, order=3, order_z=0, force_separate_z=None)
None
old shape: (153, 235, 411), new_shape: [ 82 247 432], old_spacing: [np.float64(0.800000011920929), np.float64(0.781000018119812), np.float64(0.781000018119812)], new_spacing: [1.5, 0.7421875, 0.7421875], fn_data: functools.partial(<function resample_data_or_seg_to_shape at 0x793587ba0220>, is_seg=False, order=3, order_z=0, force_separate_z=None)
None
old shape: (156, 198, 383), new_shape: [ 83 208 403], old_spacing: [np.float64(0.800000011920929), np.float64(0.781000018119812), np.float64(0.781000018119812)], new_spacing: [1.5, 0.7421875, 0.7421875], fn_data: functools.partial(<function resample_data_or_seg_to_shape at 0x793587ba0220>, is_seg=False, order=3, order_z=0, force_separate_z=None)
None
old shape: (62, 218, 478), new_shape: [ 62 219 481], old_spacing: [np.float64(1.5), np.float64(0.746999979019165), np.float64(0.746999979019165)], new_spacing: [1.5, 0.7421875, 0.7421875], fn_data: functools.partial(<function resample_data_or_seg_to_shape at 0x793587ba0220>, is_seg=False, order=3, order_z=0, force_separate_z=None)
None
old shape: (120, 254, 484), new_shape: [ 64 225 428], old_spacing: [np.float64(0.800000011920929), np.float64(0.656000018119812), np.float64(0.656000018119812)], new_spacing: [1.5, 0.7421875, 0.7421875], fn_data: functools.partial(<function resample_data_or_seg_to_shape at 0x793587ba0220>, is_seg=False, order=3, order_z=0, force_separate_z=None)
None
old shape: (45, 236, 442), new_shape: [ 72 249 466], old_spacing: [np.float64(2.4000000953674316), np.float64(0.7820000052452087), np.float64(0.7820000052452087)], new_spacing: [1.5, 0.7421875, 0.7421875], fn_data: functools.partial(<function resample_data_or_seg_to_shape at 0x793587ba0220>, is_seg=False, order=3, order_z=0, force_separate_z=None)
None
old shape: (121, 219, 397), new_shape: [ 65 230 418], old_spacing: [np.float64(0.801025390625), np.float64(0.781000018119812), np.float64(0.781000018119812)], new_spacing: [1.5, 0.7421875, 0.7421875], fn_data: functools.partial(<function resample_data_or_seg_to_shape at 0x793587ba0220>, is_seg=False, order=3, order_z=0, force_separate_z=None)
None
old shape: (58, 510, 952), new_shape: [ 77 215 401], old_spacing: [np.float64(2.0), np.float64(0.3125), np.float64(0.3125)], new_spacing: [1.5, 0.7421875, 0.7421875], fn_data: functools.partial(<function resample_data_or_seg_to_shape at 0x793587ba0220>, is_seg=False, order=3, order_z=0, force_separate_z=None)
None
old shape: (38, 216, 400), new_shape: [ 61 216 399], old_spacing: [np.float64(2.4000000953674316), np.float64(0.7409999966621399), np.float64(0.7409999966621399)], new_spacing: [1.5, 0.7421875, 0.7421875], fn_data: functools.partial(<function resample_data_or_seg_to_shape at 0x793587ba0220>, is_seg=False, order=3, order_z=0, force_separate_z=None)
None
old shape: (134, 204, 414), new_shape: [ 71 215 436], old_spacing: [np.float64(0.800000011920929), np.float64(0.781000018119812), np.float64(0.781000018119812)], new_spacing: [1.5, 0.7421875, 0.7421875], fn_data: functools.partial(<function resample_data_or_seg_to_shape at 0x793587ba0220>, is_seg=False, order=3, order_z=0, force_separate_z=None)
None
old shape: (45, 247, 460), new_shape: [ 72 208 387], old_spacing: [np.float64(2.4000000953674316), np.float64(0.625), np.float64(0.625)], new_spacing: [1.5, 0.7421875, 0.7421875], fn_data: functools.partial(<function resample_data_or_seg_to_shape at 0x793587ba0220>, is_seg=False, order=3, order_z=0, force_separate_z=None)
None
old shape: (79, 270, 455), new_shape: [ 79 227 383], old_spacing: [np.float64(1.5), np.float64(0.625), np.float64(0.625)], new_spacing: [1.5, 0.7421875, 0.7421875], fn_data: functools.partial(<function resample_data_or_seg_to_shape at 0x793587ba0220>, is_seg=False, order=3, order_z=0, force_separate_z=None)
None
old shape: (32, 428, 837), new_shape: [ 64 225 441], old_spacing: [np.float64(3.0), np.float64(0.3910059928894043), np.float64(0.3910059928894043)], new_spacing: [1.5, 0.7421875, 0.7421875], fn_data: functools.partial(<function resample_data_or_seg_to_shape at 0x793587ba0220>, is_seg=False, order=3, order_z=0, force_separate_z=None)
None
old shape: (119, 232, 439), new_shape: [ 79 244 463], old_spacing: [np.float64(1.0), np.float64(0.7820000052452087), np.float64(0.7820000052452087)], new_spacing: [1.5, 0.7421875, 0.7421875], fn_data: functools.partial(<function resample_data_or_seg_to_shape at 0x793587ba0220>, is_seg=False, order=3, order_z=0, force_separate_z=None)
None
old shape: (51, 203, 447), new_shape: [ 82 202 446], old_spacing: [np.float64(2.4000000953674316), np.float64(0.7400000095367432), np.float64(0.7400000095367432)], new_spacing: [1.5, 0.7421875, 0.7421875], fn_data: functools.partial(<function resample_data_or_seg_to_shape at 0x793587ba0220>, is_seg=False, order=3, order_z=0, force_separate_z=None)
None
old shape: (147, 174, 403), new_shape: [ 78 198 458], old_spacing: [np.float64(0.800000011920929), np.float64(0.8429999947547913), np.float64(0.8429999947547913)], new_spacing: [1.5, 0.7421875, 0.7421875], fn_data: functools.partial(<function resample_data_or_seg_to_shape at 0x793587ba0220>, is_seg=False, order=3, order_z=0, force_separate_z=None)
None
old shape: (52, 225, 481), new_shape: [ 83 211 450], old_spacing: [np.float64(2.3999998569488525), np.float64(0.6949999928474426), np.float64(0.6949999928474426)], new_spacing: [1.5, 0.7421875, 0.7421875], fn_data: functools.partial(<function resample_data_or_seg_to_shape at 0x793587ba0220>, is_seg=False, order=3, order_z=0, force_separate_z=None)
None
old shape: (46, 258, 459), new_shape: [ 74 237 422], old_spacing: [np.float64(2.4000000953674316), np.float64(0.6830000281333923), np.float64(0.6830000281333923)], new_spacing: [1.5, 0.7421875, 0.7421875], fn_data: functools.partial(<function resample_data_or_seg_to_shape at 0x793587ba0220>, is_seg=False, order=3, order_z=0, force_separate_z=None)
None
old shape: (44, 287, 469), new_shape: [ 70 242 395], old_spacing: [np.float64(2.4000000953674316), np.float64(0.625), np.float64(0.625)], new_spacing: [1.5, 0.7421875, 0.7421875], fn_data: functools.partial(<function resample_data_or_seg_to_shape at 0x793587ba0220>, is_seg=False, order=3, order_z=0, force_separate_z=None)
None
old shape: (39, 228, 440), new_shape: [ 62 223 430], old_spacing: [np.float64(2.4000000953674316), np.float64(0.7260000109672546), np.float64(0.7260000109672546)], new_spacing: [1.5, 0.7421875, 0.7421875], fn_data: functools.partial(<function resample_data_or_seg_to_shape at 0x793587ba0220>, is_seg=False, order=3, order_z=0, force_separate_z=None)
None
old shape: (44, 261, 512), new_shape: [ 70 220 431], old_spacing: [np.float64(2.4000000953674316), np.float64(0.625), np.float64(0.625)], new_spacing: [1.5, 0.7421875, 0.7421875], fn_data: functools.partial(<function resample_data_or_seg_to_shape at 0x793587ba0220>, is_seg=False, order=3, order_z=0, force_separate_z=None)
None
old shape: (76, 204, 396), new_shape: [ 76 225 438], old_spacing: [np.float64(1.5), np.float64(0.8199999928474426), np.float64(0.8199999928474426)], new_spacing: [1.5, 0.7421875, 0.7421875], fn_data: functools.partial(<function resample_data_or_seg_to_shape at 0x793587ba0220>, is_seg=False, order=3, order_z=0, force_separate_z=None)
None
old shape: (55, 240, 431), new_shape: [ 88 253 454], old_spacing: [np.float64(2.4000000953674316), np.float64(0.7820129990577698), np.float64(0.7820129990577698)], new_spacing: [1.5, 0.7421875, 0.7421875], fn_data: functools.partial(<function resample_data_or_seg_to_shape at 0x793587ba0220>, is_seg=False, order=3, order_z=0, force_separate_z=None)
None
old shape: (42, 257, 425), new_shape: [ 67 248 411], old_spacing: [np.float64(2.4000000953674316), np.float64(0.7170000076293945), np.float64(0.7170000076293945)], new_spacing: [1.5, 0.7421875, 0.7421875], fn_data: functools.partial(<function resample_data_or_seg_to_shape at 0x793587ba0220>, is_seg=False, order=3, order_z=0, force_separate_z=None)
None
old shape: (144, 255, 426), new_shape: [ 77 268 448], old_spacing: [np.float64(0.800000011920929), np.float64(0.781000018119812), np.float64(0.781000018119812)], new_spacing: [1.5, 0.7421875, 0.7421875], fn_data: functools.partial(<function resample_data_or_seg_to_shape at 0x793587ba0220>, is_seg=False, order=3, order_z=0, force_separate_z=None)
None
old shape: (59, 222, 399), new_shape: [ 94 252 453], old_spacing: [np.float64(2.4000000953674316), np.float64(0.8429999947547913), np.float64(0.8429999947547913)], new_spacing: [1.5, 0.7421875, 0.7421875], fn_data: functools.partial(<function resample_data_or_seg_to_shape at 0x793587ba0220>, is_seg=False, order=3, order_z=0, force_separate_z=None)
None
old shape: (142, 218, 436), new_shape: [ 76 230 459], old_spacing: [np.float64(0.800000011920929), np.float64(0.7820000052452087), np.float64(0.7820000052452087)], new_spacing: [1.5, 0.7421875, 0.7421875], fn_data: functools.partial(<function resample_data_or_seg_to_shape at 0x793587ba0220>, is_seg=False, order=3, order_z=0, force_separate_z=None)
None
old shape: (61, 288, 441), new_shape: [ 98 251 385], old_spacing: [np.float64(2.4000000953674316), np.float64(0.6480000019073486), np.float64(0.6480000019073486)], new_spacing: [1.5, 0.7421875, 0.7421875], fn_data: functools.partial(<function resample_data_or_seg_to_shape at 0x793587ba0220>, is_seg=False, order=3, order_z=0, force_separate_z=None)
None
old shape: (51, 205, 429), new_shape: [ 82 208 434], old_spacing: [np.float64(2.4000000953674316), np.float64(0.7514950037002563), np.float64(0.7514950037002563)], new_spacing: [1.5, 0.7421875, 0.7421875], fn_data: functools.partial(<function resample_data_or_seg_to_shape at 0x793587ba0220>, is_seg=False, order=3, order_z=0, force_separate_z=None)
None
old shape: (50, 184, 333), new_shape: [ 80 226 409], old_spacing: [np.float64(2.4000000953674316), np.float64(0.9117130041122437), np.float64(0.9117130041122437)], new_spacing: [1.5, 0.7421875, 0.7421875], fn_data: functools.partial(<function resample_data_or_seg_to_shape at 0x793587ba0220>, is_seg=False, order=3, order_z=0, force_separate_z=None)
None
old shape: (74, 188, 428), new_shape: [ 74 210 479], old_spacing: [np.float64(1.5), np.float64(0.8309999704360962), np.float64(0.8309999704360962)], new_spacing: [1.5, 0.7421875, 0.7421875], fn_data: functools.partial(<function resample_data_or_seg_to_shape at 0x793587ba0220>, is_seg=False, order=3, order_z=0, force_separate_z=None)
None
old shape: (63, 246, 397), new_shape: [101 259 418], old_spacing: [np.float64(2.4000000953674316), np.float64(0.7820129990577698), np.float64(0.7820129990577698)], new_spacing: [1.5, 0.7421875, 0.7421875], fn_data: functools.partial(<function resample_data_or_seg_to_shape at 0x793587ba0220>, is_seg=False, order=3, order_z=0, force_separate_z=None)
None
old shape: (144, 239, 487), new_shape: [ 77 206 420], old_spacing: [np.float64(0.800000011920929), np.float64(0.6399999856948853), np.float64(0.6399999856948853)], new_spacing: [1.5, 0.7421875, 0.7421875], fn_data: functools.partial(<function resample_data_or_seg_to_shape at 0x793587ba0220>, is_seg=False, order=3, order_z=0, force_separate_z=None)
None
old shape: (70, 259, 428), new_shape: [ 70 286 473], old_spacing: [np.float64(1.5), np.float64(0.8199999928474426), np.float64(0.8199999928474426)], new_spacing: [1.5, 0.7421875, 0.7421875], fn_data: functools.partial(<function resample_data_or_seg_to_shape at 0x793587ba0220>, is_seg=False, order=3, order_z=0, force_separate_z=None)
None
old shape: (42, 203, 406), new_shape: [ 67 198 396], old_spacing: [np.float64(2.4000000953674316), np.float64(0.7239999771118164), np.float64(0.7239999771118164)], new_spacing: [1.5, 0.7421875, 0.7421875], fn_data: functools.partial(<function resample_data_or_seg_to_shape at 0x793587ba0220>, is_seg=False, order=3, order_z=0, force_separate_z=None)
None
old shape: (56, 250, 453), new_shape: [ 56 231 419], old_spacing: [np.float64(1.5), np.float64(0.6859999895095825), np.float64(0.6859999895095825)], new_spacing: [1.5, 0.7421875, 0.7421875], fn_data: functools.partial(<function resample_data_or_seg_to_shape at 0x793587ba0220>, is_seg=False, order=3, order_z=0, force_separate_z=None)
None
old shape: (172, 230, 367), new_shape: [ 92 269 430], old_spacing: [np.float64(0.800000011920929), np.float64(0.8690000176429749), np.float64(0.8690000176429749)], new_spacing: [1.5, 0.7421875, 0.7421875], fn_data: functools.partial(<function resample_data_or_seg_to_shape at 0x793587ba0220>, is_seg=False, order=3, order_z=0, force_separate_z=None)
None
old shape: (30, 242, 458), new_shape: [ 80 226 428], old_spacing: [np.float64(4.0), np.float64(0.6940000057220459), np.float64(0.6940000057220459)], new_spacing: [1.5, 0.7421875, 0.7421875], fn_data: functools.partial(<function resample_data_or_seg_to_shape at 0x793587ba0220>, is_seg=False, order=3, order_z=0, force_separate_z=None)
None
old shape: (24, 221, 394), new_shape: [ 64 252 449], old_spacing: [np.float64(4.0), np.float64(0.8460000157356262), np.float64(0.8460000157356262)], new_spacing: [1.5, 0.7421875, 0.7421875], fn_data: functools.partial(<function resample_data_or_seg_to_shape at 0x793587ba0220>, is_seg=False, order=3, order_z=0, force_separate_z=None)
None
old shape: (127, 212, 439), new_shape: [ 68 208 431], old_spacing: [np.float64(0.800000011920929), np.float64(0.7289999723434448), np.float64(0.7289999723434448)], new_spacing: [1.5, 0.7421875, 0.7421875], fn_data: functools.partial(<function resample_data_or_seg_to_shape at 0x793587ba0220>, is_seg=False, order=3, order_z=0, force_separate_z=None)
None
old shape: (48, 253, 487), new_shape: [ 77 221 425], old_spacing: [np.float64(2.4000000953674316), np.float64(0.6470000147819519), np.float64(0.6470000147819519)], new_spacing: [1.5, 0.7421875, 0.7421875], fn_data: functools.partial(<function resample_data_or_seg_to_shape at 0x793587ba0220>, is_seg=False, order=3, order_z=0, force_separate_z=None)
None
old shape: (48, 221, 401), new_shape: [ 64 246 447], old_spacing: [np.float64(2.0), np.float64(0.8270000219345093), np.float64(0.8270000219345093)], new_spacing: [1.5, 0.7421875, 0.7421875], fn_data: functools.partial(<function resample_data_or_seg_to_shape at 0x793587ba0220>, is_seg=False, order=3, order_z=0, force_separate_z=None)
None
old shape: (32, 222, 408), new_shape: [ 64 226 415], old_spacing: [np.float64(3.0), np.float64(0.7549999952316284), np.float64(0.7549999952316284)], new_spacing: [1.5, 0.7421875, 0.7421875], fn_data: functools.partial(<function resample_data_or_seg_to_shape at 0x793587ba0220>, is_seg=False, order=3, order_z=0, force_separate_z=None)
None
old shape: (80, 220, 439), new_shape: [ 80 232 462], old_spacing: [np.float64(1.5), np.float64(0.781000018119812), np.float64(0.781000018119812)], new_spacing: [1.5, 0.7421875, 0.7421875], fn_data: functools.partial(<function resample_data_or_seg_to_shape at 0x793587ba0220>, is_seg=False, order=3, order_z=0, force_separate_z=None)
None
old shape: (51, 189, 353), new_shape: [ 82 224 419], old_spacing: [np.float64(2.4000000953674316), np.float64(0.8811950087547302), np.float64(0.8811950087547302)], new_spacing: [1.5, 0.7421875, 0.7421875], fn_data: functools.partial(<function resample_data_or_seg_to_shape at 0x793587ba0220>, is_seg=False, order=3, order_z=0, force_separate_z=None)
None
old shape: (76, 240, 444), new_shape: [ 76 253 468], old_spacing: [np.float64(1.5), np.float64(0.7820000052452087), np.float64(0.7820000052452087)], new_spacing: [1.5, 0.7421875, 0.7421875], fn_data: functools.partial(<function resample_data_or_seg_to_shape at 0x793587ba0220>, is_seg=False, order=3, order_z=0, force_separate_z=None)
None
old shape: (78, 243, 430), new_shape: [ 78 256 452], old_spacing: [np.float64(1.5), np.float64(0.781000018119812), np.float64(0.781000018119812)], new_spacing: [1.5, 0.7421875, 0.7421875], fn_data: functools.partial(<function resample_data_or_seg_to_shape at 0x793587ba0220>, is_seg=False, order=3, order_z=0, force_separate_z=None)
None
old shape: (84, 251, 419), new_shape: [ 84 264 441], old_spacing: [np.float64(1.5), np.float64(0.7820000052452087), np.float64(0.7820000052452087)], new_spacing: [1.5, 0.7421875, 0.7421875], fn_data: functools.partial(<function resample_data_or_seg_to_shape at 0x793587ba0220>, is_seg=False, order=3, order_z=0, force_separate_z=None)
None
old shape: (65, 194, 436), new_shape: [ 65 204 459], old_spacing: [np.float64(1.5), np.float64(0.7820000052452087), np.float64(0.7820000052452087)], new_spacing: [1.5, 0.7421875, 0.7421875], fn_data: functools.partial(<function resample_data_or_seg_to_shape at 0x793587ba0220>, is_seg=False, order=3, order_z=0, force_separate_z=None)
None
old shape: (64, 235, 436), new_shape: [ 64 247 459], old_spacing: [np.float64(1.5), np.float64(0.781000018119812), np.float64(0.781000018119812)], new_spacing: [1.5, 0.7421875, 0.7421875], fn_data: functools.partial(<function resample_data_or_seg_to_shape at 0x793587ba0220>, is_seg=False, order=3, order_z=0, force_separate_z=None)
None
old shape: (77, 246, 488), new_shape: [ 77 216 429], old_spacing: [np.float64(1.5), np.float64(0.652999997138977), np.float64(0.652999997138977)], new_spacing: [1.5, 0.7421875, 0.7421875], fn_data: functools.partial(<function resample_data_or_seg_to_shape at 0x793587ba0220>, is_seg=False, order=3, order_z=0, force_separate_z=None)
None
old shape: (53, 283, 481), new_shape: [ 85 238 405], old_spacing: [np.float64(2.4000000953674316), np.float64(0.625), np.float64(0.625)], new_spacing: [1.5, 0.7421875, 0.7421875], fn_data: functools.partial(<function resample_data_or_seg_to_shape at 0x793587ba0220>, is_seg=False, order=3, order_z=0, force_separate_z=None)
None
old shape: (47, 311, 441), new_shape: [ 75 298 422], old_spacing: [np.float64(2.4000000953674316), np.float64(0.7110000252723694), np.float64(0.7110000252723694)], new_spacing: [1.5, 0.7421875, 0.7421875], fn_data: functools.partial(<function resample_data_or_seg_to_shape at 0x793587ba0220>, is_seg=False, order=3, order_z=0, force_separate_z=None)
None
old shape: (51, 239, 410), new_shape: [ 82 252 432], old_spacing: [np.float64(2.4000000953674316), np.float64(0.7820129990577698), np.float64(0.7820129990577698)], new_spacing: [1.5, 0.7421875, 0.7421875], fn_data: functools.partial(<function resample_data_or_seg_to_shape at 0x793587ba0220>, is_seg=False, order=3, order_z=0, force_separate_z=None)
None
old shape: (138, 265, 447), new_shape: [ 74 246 416], old_spacing: [np.float64(0.800000011920929), np.float64(0.6899999976158142), np.float64(0.6899999976158142)], new_spacing: [1.5, 0.7421875, 0.7421875], fn_data: functools.partial(<function resample_data_or_seg_to_shape at 0x793587ba0220>, is_seg=False, order=3, order_z=0, force_separate_z=None)
None
old shape: (145, 269, 414), new_shape: [ 77 283 436], old_spacing: [np.float64(0.800000011920929), np.float64(0.7820000052452087), np.float64(0.7820000052452087)], new_spacing: [1.5, 0.7421875, 0.7421875], fn_data: functools.partial(<function resample_data_or_seg_to_shape at 0x793587ba0220>, is_seg=False, order=3, order_z=0, force_separate_z=None)
None
old shape: (61, 284, 451), new_shape: [ 98 279 443], old_spacing: [np.float64(2.4000000953674316), np.float64(0.7289999723434448), np.float64(0.7289999723434448)], new_spacing: [1.5, 0.7421875, 0.7421875], fn_data: functools.partial(<function resample_data_or_seg_to_shape at 0x793587ba0220>, is_seg=False, order=3, order_z=0, force_separate_z=None)
None
old shape: (127, 208, 404), new_shape: [ 85 242 469], old_spacing: [np.float64(1.0), np.float64(0.8619999885559082), np.float64(0.8619999885559082)], new_spacing: [1.5, 0.7421875, 0.7421875], fn_data: functools.partial(<function resample_data_or_seg_to_shape at 0x793587ba0220>, is_seg=False, order=3, order_z=0, force_separate_z=None)
None
old shape: (144, 291, 451), new_shape: [ 96 299 464], old_spacing: [np.float64(1.0), np.float64(0.7630000114440918), np.float64(0.7630000114440918)], new_spacing: [1.5, 0.7421875, 0.7421875], fn_data: functools.partial(<function resample_data_or_seg_to_shape at 0x793587ba0220>, is_seg=False, order=3, order_z=0, force_separate_z=None)
None
old shape: (154, 259, 449), new_shape: [ 82 246 427], old_spacing: [np.float64(0.800000011920929), np.float64(0.7049999833106995), np.float64(0.7049999833106995)], new_spacing: [1.5, 0.7421875, 0.7421875], fn_data: functools.partial(<function resample_data_or_seg_to_shape at 0x793587ba0220>, is_seg=False, order=3, order_z=0, force_separate_z=None)
None
old shape: (47, 256, 449), new_shape: [ 75 226 397], old_spacing: [np.float64(2.4000000953674316), np.float64(0.656000018119812), np.float64(0.656000018119812)], new_spacing: [1.5, 0.7421875, 0.7421875], fn_data: functools.partial(<function resample_data_or_seg_to_shape at 0x793587ba0220>, is_seg=False, order=3, order_z=0, force_separate_z=None)
None
old shape: (48, 240, 406), new_shape: [ 96 253 428], old_spacing: [np.float64(3.0), np.float64(0.7820000052452087), np.float64(0.7820000052452087)], new_spacing: [1.5, 0.7421875, 0.7421875], fn_data: functools.partial(<function resample_data_or_seg_to_shape at 0x793587ba0220>, is_seg=False, order=3, order_z=0, force_separate_z=None)
None
old shape: (38, 247, 504), new_shape: [ 61 260 531], old_spacing: [np.float64(2.4000000953674316), np.float64(0.7820129990577698), np.float64(0.7820129990577698)], new_spacing: [1.5, 0.7421875, 0.7421875], fn_data: functools.partial(<function resample_data_or_seg_to_shape at 0x793587ba0220>, is_seg=False, order=3, order_z=0, force_separate_z=None)
None
old shape: (41, 266, 446), new_shape: [ 66 243 407], old_spacing: [np.float64(2.4000000953674316), np.float64(0.6769999861717224), np.float64(0.6769999861717224)], new_spacing: [1.5, 0.7421875, 0.7421875], fn_data: functools.partial(<function resample_data_or_seg_to_shape at 0x793587ba0220>, is_seg=False, order=3, order_z=0, force_separate_z=None)
None
old shape: (192, 391, 722), new_shape: [ 64 235 434], old_spacing: [np.float64(0.5), np.float64(0.4463199973106384), np.float64(0.4463199973106384)], new_spacing: [1.5, 0.7421875, 0.7421875], fn_data: functools.partial(<function resample_data_or_seg_to_shape at 0x793587ba0220>, is_seg=False, order=3, order_z=0, force_separate_z=None)
None
old shape: (68, 221, 385), new_shape: [ 68 233 405], old_spacing: [np.float64(1.5), np.float64(0.781000018119812), np.float64(0.781000018119812)], new_spacing: [1.5, 0.7421875, 0.7421875], fn_data: functools.partial(<function resample_data_or_seg_to_shape at 0x793587ba0220>, is_seg=False, order=3, order_z=0, force_separate_z=None)
None
old shape: (51, 287, 458), new_shape: [ 82 254 405], old_spacing: [np.float64(2.4000000953674316), np.float64(0.6561279892921448), np.float64(0.6561279892921448)], new_spacing: [1.5, 0.7421875, 0.7421875], fn_data: functools.partial(<function resample_data_or_seg_to_shape at 0x793587ba0220>, is_seg=False, order=3, order_z=0, force_separate_z=None)
None
old shape: (74, 257, 420), new_shape: [ 74 271 443], old_spacing: [np.float64(1.5), np.float64(0.7820000052452087), np.float64(0.7820000052452087)], new_spacing: [1.5, 0.7421875, 0.7421875], fn_data: functools.partial(<function resample_data_or_seg_to_shape at 0x793587ba0220>, is_seg=False, order=3, order_z=0, force_separate_z=None)
None
old shape: (64, 261, 447), new_shape: [102 228 390], old_spacing: [np.float64(2.4000000953674316), np.float64(0.6480000019073486), np.float64(0.6480000019073486)], new_spacing: [1.5, 0.7421875, 0.7421875], fn_data: functools.partial(<function resample_data_or_seg_to_shape at 0x793587ba0220>, is_seg=False, order=3, order_z=0, force_separate_z=None)
None
old shape: (44, 157, 367), new_shape: [ 70 212 496], old_spacing: [np.float64(2.4000000953674316), np.float64(1.003000020980835), np.float64(1.003000020980835)], new_spacing: [1.5, 0.7421875, 0.7421875], fn_data: functools.partial(<function resample_data_or_seg_to_shape at 0x793587ba0220>, is_seg=False, order=3, order_z=0, force_separate_z=None)
None
old shape: (47, 215, 407), new_shape: [ 75 227 429], old_spacing: [np.float64(2.3999998569488525), np.float64(0.7820129990577698), np.float64(0.7820129990577698)], new_spacing: [1.5, 0.7421875, 0.7421875], fn_data: functools.partial(<function resample_data_or_seg_to_shape at 0x793587ba0220>, is_seg=False, order=3, order_z=0, force_separate_z=None)
None
old shape: (93, 223, 383), new_shape: [ 93 258 443], old_spacing: [np.float64(1.5), np.float64(0.8579999804496765), np.float64(0.8579999804496765)], new_spacing: [1.5, 0.7421875, 0.7421875], fn_data: functools.partial(<function resample_data_or_seg_to_shape at 0x793587ba0220>, is_seg=False, order=3, order_z=0, force_separate_z=None)
None
old shape: (165, 261, 498), new_shape: [ 88 242 462], old_spacing: [np.float64(0.800000011920929), np.float64(0.6890000104904175), np.float64(0.6890000104904175)], new_spacing: [1.5, 0.7421875, 0.7421875], fn_data: functools.partial(<function resample_data_or_seg_to_shape at 0x793587ba0220>, is_seg=False, order=3, order_z=0, force_separate_z=None)
None
old shape: (47, 210, 399), new_shape: [ 75 221 420], old_spacing: [np.float64(2.4000000953674316), np.float64(0.7820000052452087), np.float64(0.7820000052452087)], new_spacing: [1.5, 0.7421875, 0.7421875], fn_data: functools.partial(<function resample_data_or_seg_to_shape at 0x793587ba0220>, is_seg=False, order=3, order_z=0, force_separate_z=None)
None
old shape: (89, 238, 419), new_shape: [ 89 250 441], old_spacing: [np.float64(1.5), np.float64(0.781000018119812), np.float64(0.781000018119812)], new_spacing: [1.5, 0.7421875, 0.7421875], fn_data: functools.partial(<function resample_data_or_seg_to_shape at 0x793587ba0220>, is_seg=False, order=3, order_z=0, force_separate_z=None)
None
old shape: (133, 185, 366), new_shape: [ 71 219 432], old_spacing: [np.float64(0.800000011920929), np.float64(0.8769999742507935), np.float64(0.8769999742507935)], new_spacing: [1.5, 0.7421875, 0.7421875], fn_data: functools.partial(<function resample_data_or_seg_to_shape at 0x793587ba0220>, is_seg=False, order=3, order_z=0, force_separate_z=None)
None
old shape: (49, 171, 334), new_shape: [ 78 206 401], old_spacing: [np.float64(2.4000000953674316), np.float64(0.8920000195503235), np.float64(0.8920000195503235)], new_spacing: [1.5, 0.7421875, 0.7421875], fn_data: functools.partial(<function resample_data_or_seg_to_shape at 0x793587ba0220>, is_seg=False, order=3, order_z=0, force_separate_z=None)
None
old shape: (48, 250, 512), new_shape: [ 77 211 431], old_spacing: [np.float64(2.4000000953674316), np.float64(0.625), np.float64(0.625)], new_spacing: [1.5, 0.7421875, 0.7421875], fn_data: functools.partial(<function resample_data_or_seg_to_shape at 0x793587ba0220>, is_seg=False, order=3, order_z=0, force_separate_z=None)
None
old shape: (128, 291, 473), new_shape: [ 68 243 394], old_spacing: [np.float64(0.800000011920929), np.float64(0.6190000176429749), np.float64(0.6190000176429749)], new_spacing: [1.5, 0.7421875, 0.7421875], fn_data: functools.partial(<function resample_data_or_seg_to_shape at 0x793587ba0220>, is_seg=False, order=3, order_z=0, force_separate_z=None)
None
old shape: (41, 230, 416), new_shape: [ 66 242 438], old_spacing: [np.float64(2.4000000953674316), np.float64(0.7820000052452087), np.float64(0.7820000052452087)], new_spacing: [1.5, 0.7421875, 0.7421875], fn_data: functools.partial(<function resample_data_or_seg_to_shape at 0x793587ba0220>, is_seg=False, order=3, order_z=0, force_separate_z=None)
None
old shape: (52, 216, 401), new_shape: [ 83 249 462], old_spacing: [np.float64(2.4000000953674316), np.float64(0.8544920086860657), np.float64(0.8544920086860657)], new_spacing: [1.5, 0.7421875, 0.7421875], fn_data: functools.partial(<function resample_data_or_seg_to_shape at 0x793587ba0220>, is_seg=False, order=3, order_z=0, force_separate_z=None)
None
old shape: (36, 212, 387), new_shape: [ 72 223 408], old_spacing: [np.float64(3.0), np.float64(0.7820000052452087), np.float64(0.7820000052452087)], new_spacing: [1.5, 0.7421875, 0.7421875], fn_data: functools.partial(<function resample_data_or_seg_to_shape at 0x793587ba0220>, is_seg=False, order=3, order_z=0, force_separate_z=None)
None
old shape: (93, 220, 398), new_shape: [ 93 232 419], old_spacing: [np.float64(1.5), np.float64(0.7820000052452087), np.float64(0.7820000052452087)], new_spacing: [1.5, 0.7421875, 0.7421875], fn_data: functools.partial(<function resample_data_or_seg_to_shape at 0x793587ba0220>, is_seg=False, order=3, order_z=0, force_separate_z=None)
None
old shape: (120, 241, 445), new_shape: [ 64 254 469], old_spacing: [np.float64(0.800000011920929), np.float64(0.7820000052452087), np.float64(0.7820000052452087)], new_spacing: [1.5, 0.7421875, 0.7421875], fn_data: functools.partial(<function resample_data_or_seg_to_shape at 0x793587ba0220>, is_seg=False, order=3, order_z=0, force_separate_z=None)
None
old shape: (50, 260, 437), new_shape: [ 80 232 390], old_spacing: [np.float64(2.4000000953674316), np.float64(0.6620000004768372), np.float64(0.6620000004768372)], new_spacing: [1.5, 0.7421875, 0.7421875], fn_data: functools.partial(<function resample_data_or_seg_to_shape at 0x793587ba0220>, is_seg=False, order=3, order_z=0, force_separate_z=None)
None
old shape: (68, 206, 425), new_shape: [ 68 217 448], old_spacing: [np.float64(1.5), np.float64(0.7820000052452087), np.float64(0.7820000052452087)], new_spacing: [1.5, 0.7421875, 0.7421875], fn_data: functools.partial(<function resample_data_or_seg_to_shape at 0x793587ba0220>, is_seg=False, order=3, order_z=0, force_separate_z=None)
None
old shape: (58, 443, 820), new_shape: [ 93 233 432], old_spacing: [np.float64(2.4000000953674316), np.float64(0.3910059928894043), np.float64(0.3910059928894043)], new_spacing: [1.5, 0.7421875, 0.7421875], fn_data: functools.partial(<function resample_data_or_seg_to_shape at 0x793587ba0220>, is_seg=False, order=3, order_z=0, force_separate_z=None)
None
old shape: (163, 217, 440), new_shape: [ 87 229 464], old_spacing: [np.float64(0.800000011920929), np.float64(0.7820000052452087), np.float64(0.7820000052452087)], new_spacing: [1.5, 0.7421875, 0.7421875], fn_data: functools.partial(<function resample_data_or_seg_to_shape at 0x793587ba0220>, is_seg=False, order=3, order_z=0, force_separate_z=None)
None
old shape: (49, 241, 412), new_shape: [ 78 254 434], old_spacing: [np.float64(2.4000000953674316), np.float64(0.7820129990577698), np.float64(0.7820129990577698)], new_spacing: [1.5, 0.7421875, 0.7421875], fn_data: functools.partial(<function resample_data_or_seg_to_shape at 0x793587ba0220>, is_seg=False, order=3, order_z=0, force_separate_z=None)
None
old shape: (36, 280, 469), new_shape: [ 58 224 376], old_spacing: [np.float64(2.4000000953674316), np.float64(0.5950000286102295), np.float64(0.5950000286102295)], new_spacing: [1.5, 0.7421875, 0.7421875], fn_data: functools.partial(<function resample_data_or_seg_to_shape at 0x793587ba0220>, is_seg=False, order=3, order_z=0, force_separate_z=None)
None
old shape: (58, 300, 462), new_shape: [ 93 253 389], old_spacing: [np.float64(2.4000000953674316), np.float64(0.625), np.float64(0.625)], new_spacing: [1.5, 0.7421875, 0.7421875], fn_data: functools.partial(<function resample_data_or_seg_to_shape at 0x793587ba0220>, is_seg=False, order=3, order_z=0, force_separate_z=None)
None
old shape: (168, 270, 461), new_shape: [ 90 256 438], old_spacing: [np.float64(0.800000011920929), np.float64(0.7049999833106995), np.float64(0.7049999833106995)], new_spacing: [1.5, 0.7421875, 0.7421875], fn_data: functools.partial(<function resample_data_or_seg_to_shape at 0x793587ba0220>, is_seg=False, order=3, order_z=0, force_separate_z=None)
None
old shape: (45, 278, 448), new_shape: [ 72 250 403], old_spacing: [np.float64(2.4000000953674316), np.float64(0.6679999828338623), np.float64(0.6679999828338623)], new_spacing: [1.5, 0.7421875, 0.7421875], fn_data: functools.partial(<function resample_data_or_seg_to_shape at 0x793587ba0220>, is_seg=False, order=3, order_z=0, force_separate_z=None)
None
old shape: (49, 208, 472), new_shape: [ 78 214 485], old_spacing: [np.float64(2.4000000953674316), np.float64(0.7630000114440918), np.float64(0.7630000114440918)], new_spacing: [1.5, 0.7421875, 0.7421875], fn_data: functools.partial(<function resample_data_or_seg_to_shape at 0x793587ba0220>, is_seg=False, order=3, order_z=0, force_separate_z=None)
None
old shape: (74, 176, 340), new_shape: [ 74 231 447], old_spacing: [np.float64(1.5), np.float64(0.9760000109672546), np.float64(0.9760000109672546)], new_spacing: [1.5, 0.7421875, 0.7421875], fn_data: functools.partial(<function resample_data_or_seg_to_shape at 0x793587ba0220>, is_seg=False, order=3, order_z=0, force_separate_z=None)
None
old shape: (50, 273, 499), new_shape: [ 80 230 420], old_spacing: [np.float64(2.4000000953674316), np.float64(0.625), np.float64(0.625)], new_spacing: [1.5, 0.7421875, 0.7421875], fn_data: functools.partial(<function resample_data_or_seg_to_shape at 0x793587ba0220>, is_seg=False, order=3, order_z=0, force_separate_z=None)
None
old shape: (51, 200, 424), new_shape: [ 82 206 438], old_spacing: [np.float64(2.4000000953674316), np.float64(0.765999972820282), np.float64(0.765999972820282)], new_spacing: [1.5, 0.7421875, 0.7421875], fn_data: functools.partial(<function resample_data_or_seg_to_shape at 0x793587ba0220>, is_seg=False, order=3, order_z=0, force_separate_z=None)
None
old shape: (40, 205, 423), new_shape: [ 64 216 446], old_spacing: [np.float64(2.3999998569488525), np.float64(0.7820129990577698), np.float64(0.7820129990577698)], new_spacing: [1.5, 0.7421875, 0.7421875], fn_data: functools.partial(<function resample_data_or_seg_to_shape at 0x793587ba0220>, is_seg=False, order=3, order_z=0, force_separate_z=None)
  feat 450/750
None
old shape: (48, 224, 391), new_shape: [ 77 229 400], old_spacing: [np.float64(2.4000000953674316), np.float64(0.7590000033378601), np.float64(0.7590000033378601)], new_spacing: [1.5, 0.7421875, 0.7421875], fn_data: functools.partial(<function resample_data_or_seg_to_shape at 0x793587ba0220>, is_seg=False, order=3, order_z=0, force_separate_z=None)
None
old shape: (114, 201, 389), new_shape: [ 76 215 416], old_spacing: [np.float64(1.0), np.float64(0.7929999828338623), np.float64(0.7929999828338623)], new_spacing: [1.5, 0.7421875, 0.7421875], fn_data: functools.partial(<function resample_data_or_seg_to_shape at 0x793587ba0220>, is_seg=False, order=3, order_z=0, force_separate_z=None)
None
old shape: (75, 261, 442), new_shape: [ 75 235 398], old_spacing: [np.float64(1.5), np.float64(0.6679999828338623), np.float64(0.6679999828338623)], new_spacing: [1.5, 0.7421875, 0.7421875], fn_data: functools.partial(<function resample_data_or_seg_to_shape at 0x793587ba0220>, is_seg=False, order=3, order_z=0, force_separate_z=None)
None
old shape: (31, 197, 407), new_shape: [ 62 207 428], old_spacing: [np.float64(3.0), np.float64(0.781000018119812), np.float64(0.781000018119812)], new_spacing: [1.5, 0.7421875, 0.7421875], fn_data: functools.partial(<function resample_data_or_seg_to_shape at 0x793587ba0220>, is_seg=False, order=3, order_z=0, force_separate_z=None)
None
old shape: (40, 258, 422), new_shape: [ 80 272 445], old_spacing: [np.float64(3.0), np.float64(0.7820000052452087), np.float64(0.7820000052452087)], new_spacing: [1.5, 0.7421875, 0.7421875], fn_data: functools.partial(<function resample_data_or_seg_to_shape at 0x793587ba0220>, is_seg=False, order=3, order_z=0, force_separate_z=None)
None
old shape: (107, 188, 359), new_shape: [ 71 216 413], old_spacing: [np.float64(1.0), np.float64(0.8539999723434448), np.float64(0.8539999723434448)], new_spacing: [1.5, 0.7421875, 0.7421875], fn_data: functools.partial(<function resample_data_or_seg_to_shape at 0x793587ba0220>, is_seg=False, order=3, order_z=0, force_separate_z=None)
None
old shape: (42, 274, 472), new_shape: [ 67 231 397], old_spacing: [np.float64(2.4000000953674316), np.float64(0.625), np.float64(0.625)], new_spacing: [1.5, 0.7421875, 0.7421875], fn_data: functools.partial(<function resample_data_or_seg_to_shape at 0x793587ba0220>, is_seg=False, order=3, order_z=0, force_separate_z=None)
None
old shape: (102, 229, 398), new_shape: [ 68 232 404], old_spacing: [np.float64(1.0), np.float64(0.753000020980835), np.float64(0.753000020980835)], new_spacing: [1.5, 0.7421875, 0.7421875], fn_data: functools.partial(<function resample_data_or_seg_to_shape at 0x793587ba0220>, is_seg=False, order=3, order_z=0, force_separate_z=None)
None
old shape: (46, 198, 408), new_shape: [ 74 209 430], old_spacing: [np.float64(2.4000000953674316), np.float64(0.7820129990577698), np.float64(0.7820129990577698)], new_spacing: [1.5, 0.7421875, 0.7421875], fn_data: functools.partial(<function resample_data_or_seg_to_shape at 0x793587ba0220>, is_seg=False, order=3, order_z=0, force_separate_z=None)
None
old shape: (110, 263, 398), new_shape: [ 73 265 401], old_spacing: [np.float64(1.0), np.float64(0.746999979019165), np.float64(0.746999979019165)], new_spacing: [1.5, 0.7421875, 0.7421875], fn_data: functools.partial(<function resample_data_or_seg_to_shape at 0x793587ba0220>, is_seg=False, order=3, order_z=0, force_separate_z=None)
None
old shape: (39, 474, 811), new_shape: [ 78 217 372], old_spacing: [np.float64(3.0), np.float64(0.34046199917793274), np.float64(0.34046199917793274)], new_spacing: [1.5, 0.7421875, 0.7421875], fn_data: functools.partial(<function resample_data_or_seg_to_shape at 0x793587ba0220>, is_seg=False, order=3, order_z=0, force_separate_z=None)
None
old shape: (57, 236, 391), new_shape: [ 91 273 452], old_spacing: [np.float64(2.4000000953674316), np.float64(0.8579999804496765), np.float64(0.8579999804496765)], new_spacing: [1.5, 0.7421875, 0.7421875], fn_data: functools.partial(<function resample_data_or_seg_to_shape at 0x793587ba0220>, is_seg=False, order=3, order_z=0, force_separate_z=None)
None
old shape: (43, 183, 422), new_shape: [ 69 193 444], old_spacing: [np.float64(2.4000000953674316), np.float64(0.781000018119812), np.float64(0.781000018119812)], new_spacing: [1.5, 0.7421875, 0.7421875], fn_data: functools.partial(<function resample_data_or_seg_to_shape at 0x793587ba0220>, is_seg=False, order=3, order_z=0, force_separate_z=None)
None
old shape: (42, 301, 440), new_shape: [ 84 273 400], old_spacing: [np.float64(3.0), np.float64(0.6740000247955322), np.float64(0.6740000247955322)], new_spacing: [1.5, 0.7421875, 0.7421875], fn_data: functools.partial(<function resample_data_or_seg_to_shape at 0x793587ba0220>, is_seg=False, order=3, order_z=0, force_separate_z=None)
None
old shape: (44, 235, 415), new_shape: [ 70 235 414], old_spacing: [np.float64(2.4000000953674316), np.float64(0.7409999966621399), np.float64(0.7409999966621399)], new_spacing: [1.5, 0.7421875, 0.7421875], fn_data: functools.partial(<function resample_data_or_seg_to_shape at 0x793587ba0220>, is_seg=False, order=3, order_z=0, force_separate_z=None)
None
old shape: (50, 255, 424), new_shape: [ 80 275 458], old_spacing: [np.float64(2.4000000953674316), np.float64(0.8009999990463257), np.float64(0.8009999990463257)], new_spacing: [1.5, 0.7421875, 0.7421875], fn_data: functools.partial(<function resample_data_or_seg_to_shape at 0x793587ba0220>, is_seg=False, order=3, order_z=0, force_separate_z=None)
None
old shape: (68, 211, 400), new_shape: [ 68 222 421], old_spacing: [np.float64(1.5), np.float64(0.781000018119812), np.float64(0.781000018119812)], new_spacing: [1.5, 0.7421875, 0.7421875], fn_data: functools.partial(<function resample_data_or_seg_to_shape at 0x793587ba0220>, is_seg=False, order=3, order_z=0, force_separate_z=None)
None
old shape: (50, 272, 446), new_shape: [ 80 287 470], old_spacing: [np.float64(2.4000000953674316), np.float64(0.7820129990577698), np.float64(0.7820129990577698)], new_spacing: [1.5, 0.7421875, 0.7421875], fn_data: functools.partial(<function resample_data_or_seg_to_shape at 0x793587ba0220>, is_seg=False, order=3, order_z=0, force_separate_z=None)
None
old shape: (154, 240, 497), new_shape: [ 82 217 449], old_spacing: [np.float64(0.800000011920929), np.float64(0.6710000038146973), np.float64(0.6710000038146973)], new_spacing: [1.5, 0.7421875, 0.7421875], fn_data: functools.partial(<function resample_data_or_seg_to_shape at 0x793587ba0220>, is_seg=False, order=3, order_z=0, force_separate_z=None)
None
old shape: (51, 167, 355), new_shape: [ 82 215 458], old_spacing: [np.float64(2.4000000953674316), np.float64(0.9570000171661377), np.float64(0.9570000171661377)], new_spacing: [1.5, 0.7421875, 0.7421875], fn_data: functools.partial(<function resample_data_or_seg_to_shape at 0x793587ba0220>, is_seg=False, order=3, order_z=0, force_separate_z=None)
None
old shape: (45, 248, 451), new_shape: [ 72 209 380], old_spacing: [np.float64(2.4000000953674316), np.float64(0.625), np.float64(0.625)], new_spacing: [1.5, 0.7421875, 0.7421875], fn_data: functools.partial(<function resample_data_or_seg_to_shape at 0x793587ba0220>, is_seg=False, order=3, order_z=0, force_separate_z=None)
None
old shape: (22, 193, 358), new_shape: [ 35 157 291], old_spacing: [np.float64(2.3999993801116943), np.float64(0.6027219891548157), np.float64(0.6027219891548157)], new_spacing: [1.5, 0.7421875, 0.7421875], fn_data: functools.partial(<function resample_data_or_seg_to_shape at 0x793587ba0220>, is_seg=False, order=3, order_z=0, force_separate_z=None)
None
old shape: (55, 299, 499), new_shape: [ 88 238 398], old_spacing: [np.float64(2.4000000953674316), np.float64(0.5920000076293945), np.float64(0.5920000076293945)], new_spacing: [1.5, 0.7421875, 0.7421875], fn_data: functools.partial(<function resample_data_or_seg_to_shape at 0x793587ba0220>, is_seg=False, order=3, order_z=0, force_separate_z=None)
None
old shape: (116, 168, 319), new_shape: [ 77 218 413], old_spacing: [np.float64(1.0), np.float64(0.9610000252723694), np.float64(0.9610000252723694)], new_spacing: [1.5, 0.7421875, 0.7421875], fn_data: functools.partial(<function resample_data_or_seg_to_shape at 0x793587ba0220>, is_seg=False, order=3, order_z=0, force_separate_z=None)
None
old shape: (49, 215, 380), new_shape: [ 78 255 451], old_spacing: [np.float64(2.4000000953674316), np.float64(0.8809999823570251), np.float64(0.8809999823570251)], new_spacing: [1.5, 0.7421875, 0.7421875], fn_data: functools.partial(<function resample_data_or_seg_to_shape at 0x793587ba0220>, is_seg=False, order=3, order_z=0, force_separate_z=None)
None
old shape: (186, 208, 378), new_shape: [ 99 246 447], old_spacing: [np.float64(0.800000011920929), np.float64(0.8769999742507935), np.float64(0.8769999742507935)], new_spacing: [1.5, 0.7421875, 0.7421875], fn_data: functools.partial(<function resample_data_or_seg_to_shape at 0x793587ba0220>, is_seg=False, order=3, order_z=0, force_separate_z=None)
None
old shape: (126, 214, 460), new_shape: [ 67 189 407], old_spacing: [np.float64(0.800000011920929), np.float64(0.656000018119812), np.float64(0.656000018119812)], new_spacing: [1.5, 0.7421875, 0.7421875], fn_data: functools.partial(<function resample_data_or_seg_to_shape at 0x793587ba0220>, is_seg=False, order=3, order_z=0, force_separate_z=None)
None
old shape: (140, 207, 416), new_shape: [ 75 201 404], old_spacing: [np.float64(0.800000011920929), np.float64(0.7210000157356262), np.float64(0.7210000157356262)], new_spacing: [1.5, 0.7421875, 0.7421875], fn_data: functools.partial(<function resample_data_or_seg_to_shape at 0x793587ba0220>, is_seg=False, order=3, order_z=0, force_separate_z=None)
None
old shape: (49, 227, 451), new_shape: [ 78 217 432], old_spacing: [np.float64(2.4000000953674316), np.float64(0.7110000252723694), np.float64(0.7110000252723694)], new_spacing: [1.5, 0.7421875, 0.7421875], fn_data: functools.partial(<function resample_data_or_seg_to_shape at 0x793587ba0220>, is_seg=False, order=3, order_z=0, force_separate_z=None)
None
old shape: (57, 271, 430), new_shape: [ 91 237 377], old_spacing: [np.float64(2.4000000953674316), np.float64(0.6499999761581421), np.float64(0.6499999761581421)], new_spacing: [1.5, 0.7421875, 0.7421875], fn_data: functools.partial(<function resample_data_or_seg_to_shape at 0x793587ba0220>, is_seg=False, order=3, order_z=0, force_separate_z=None)
None
old shape: (50, 258, 467), new_shape: [ 80 244 442], old_spacing: [np.float64(2.4000000953674316), np.float64(0.7020000219345093), np.float64(0.7020000219345093)], new_spacing: [1.5, 0.7421875, 0.7421875], fn_data: functools.partial(<function resample_data_or_seg_to_shape at 0x793587ba0220>, is_seg=False, order=3, order_z=0, force_separate_z=None)
None
old shape: (76, 224, 420), new_shape: [ 76 236 443], old_spacing: [np.float64(1.5), np.float64(0.7820000052452087), np.float64(0.7820000052452087)], new_spacing: [1.5, 0.7421875, 0.7421875], fn_data: functools.partial(<function resample_data_or_seg_to_shape at 0x793587ba0220>, is_seg=False, order=3, order_z=0, force_separate_z=None)
None
old shape: (48, 220, 467), new_shape: [ 77 209 444], old_spacing: [np.float64(2.4000000953674316), np.float64(0.705718994140625), np.float64(0.705718994140625)], new_spacing: [1.5, 0.7421875, 0.7421875], fn_data: functools.partial(<function resample_data_or_seg_to_shape at 0x793587ba0220>, is_seg=False, order=3, order_z=0, force_separate_z=None)
None
old shape: (48, 253, 472), new_shape: [ 77 237 441], old_spacing: [np.float64(2.4000000953674316), np.float64(0.6940000057220459), np.float64(0.6940000057220459)], new_spacing: [1.5, 0.7421875, 0.7421875], fn_data: functools.partial(<function resample_data_or_seg_to_shape at 0x793587ba0220>, is_seg=False, order=3, order_z=0, force_separate_z=None)
None
old shape: (50, 268, 472), new_shape: [ 80 226 397], old_spacing: [np.float64(2.4000000953674316), np.float64(0.625), np.float64(0.625)], new_spacing: [1.5, 0.7421875, 0.7421875], fn_data: functools.partial(<function resample_data_or_seg_to_shape at 0x793587ba0220>, is_seg=False, order=3, order_z=0, force_separate_z=None)
None
old shape: (131, 217, 398), new_shape: [ 87 223 409], old_spacing: [np.float64(1.0), np.float64(0.7630000114440918), np.float64(0.7630000114440918)], new_spacing: [1.5, 0.7421875, 0.7421875], fn_data: functools.partial(<function resample_data_or_seg_to_shape at 0x793587ba0220>, is_seg=False, order=3, order_z=0, force_separate_z=None)
None
old shape: (114, 226, 418), new_shape: [ 76 264 488], old_spacing: [np.float64(1.0), np.float64(0.8659999966621399), np.float64(0.8659999966621399)], new_spacing: [1.5, 0.7421875, 0.7421875], fn_data: functools.partial(<function resample_data_or_seg_to_shape at 0x793587ba0220>, is_seg=False, order=3, order_z=0, force_separate_z=None)
None
old shape: (35, 248, 436), new_shape: [ 70 261 459], old_spacing: [np.float64(3.0), np.float64(0.7820000052452087), np.float64(0.7820000052452087)], new_spacing: [1.5, 0.7421875, 0.7421875], fn_data: functools.partial(<function resample_data_or_seg_to_shape at 0x793587ba0220>, is_seg=False, order=3, order_z=0, force_separate_z=None)
None
old shape: (30, 214, 393), new_shape: [ 80 225 414], old_spacing: [np.float64(4.0), np.float64(0.7820000052452087), np.float64(0.7820000052452087)], new_spacing: [1.5, 0.7421875, 0.7421875], fn_data: functools.partial(<function resample_data_or_seg_to_shape at 0x793587ba0220>, is_seg=False, order=3, order_z=0, force_separate_z=None)
None
old shape: (46, 185, 400), new_shape: [ 74 195 421], old_spacing: [np.float64(2.4000000953674316), np.float64(0.7820000052452087), np.float64(0.7820000052452087)], new_spacing: [1.5, 0.7421875, 0.7421875], fn_data: functools.partial(<function resample_data_or_seg_to_shape at 0x793587ba0220>, is_seg=False, order=3, order_z=0, force_separate_z=None)
None
old shape: (101, 221, 402), new_shape: [ 67 223 406], old_spacing: [np.float64(1.0), np.float64(0.75), np.float64(0.75)], new_spacing: [1.5, 0.7421875, 0.7421875], fn_data: functools.partial(<function resample_data_or_seg_to_shape at 0x793587ba0220>, is_seg=False, order=3, order_z=0, force_separate_z=None)
None
old shape: (48, 256, 440), new_shape: [ 77 241 414], old_spacing: [np.float64(2.4000000953674316), np.float64(0.6980000138282776), np.float64(0.6980000138282776)], new_spacing: [1.5, 0.7421875, 0.7421875], fn_data: functools.partial(<function resample_data_or_seg_to_shape at 0x793587ba0220>, is_seg=False, order=3, order_z=0, force_separate_z=None)
None
old shape: (74, 254, 455), new_shape: [ 74 235 421], old_spacing: [np.float64(1.5), np.float64(0.6859999895095825), np.float64(0.6859999895095825)], new_spacing: [1.5, 0.7421875, 0.7421875], fn_data: functools.partial(<function resample_data_or_seg_to_shape at 0x793587ba0220>, is_seg=False, order=3, order_z=0, force_separate_z=None)
None
old shape: (65, 200, 400), new_shape: [ 65 211 421], old_spacing: [np.float64(1.5), np.float64(0.7820000052452087), np.float64(0.7820000052452087)], new_spacing: [1.5, 0.7421875, 0.7421875], fn_data: functools.partial(<function resample_data_or_seg_to_shape at 0x793587ba0220>, is_seg=False, order=3, order_z=0, force_separate_z=None)
None
old shape: (168, 293, 484), new_shape: [ 90 225 372], old_spacing: [np.float64(0.800000011920929), np.float64(0.5699999928474426), np.float64(0.5699999928474426)], new_spacing: [1.5, 0.7421875, 0.7421875], fn_data: functools.partial(<function resample_data_or_seg_to_shape at 0x793587ba0220>, is_seg=False, order=3, order_z=0, force_separate_z=None)
None
old shape: (51, 259, 454), new_shape: [ 82 218 382], old_spacing: [np.float64(2.4000000953674316), np.float64(0.625), np.float64(0.625)], new_spacing: [1.5, 0.7421875, 0.7421875], fn_data: functools.partial(<function resample_data_or_seg_to_shape at 0x793587ba0220>, is_seg=False, order=3, order_z=0, force_separate_z=None)
None
old shape: (48, 318, 462), new_shape: [ 77 268 389], old_spacing: [np.float64(2.4000000953674316), np.float64(0.625), np.float64(0.625)], new_spacing: [1.5, 0.7421875, 0.7421875], fn_data: functools.partial(<function resample_data_or_seg_to_shape at 0x793587ba0220>, is_seg=False, order=3, order_z=0, force_separate_z=None)
None
old shape: (55, 249, 468), new_shape: [ 88 210 394], old_spacing: [np.float64(2.4000000953674316), np.float64(0.625), np.float64(0.625)], new_spacing: [1.5, 0.7421875, 0.7421875], fn_data: functools.partial(<function resample_data_or_seg_to_shape at 0x793587ba0220>, is_seg=False, order=3, order_z=0, force_separate_z=None)
None
old shape: (40, 205, 435), new_shape: [ 64 216 458], old_spacing: [np.float64(2.4000000953674316), np.float64(0.781000018119812), np.float64(0.781000018119812)], new_spacing: [1.5, 0.7421875, 0.7421875], fn_data: functools.partial(<function resample_data_or_seg_to_shape at 0x793587ba0220>, is_seg=False, order=3, order_z=0, force_separate_z=None)
None
old shape: (44, 285, 452), new_shape: [ 70 289 459], old_spacing: [np.float64(2.4000000953674316), np.float64(0.753000020980835), np.float64(0.753000020980835)], new_spacing: [1.5, 0.7421875, 0.7421875], fn_data: functools.partial(<function resample_data_or_seg_to_shape at 0x793587ba0220>, is_seg=False, order=3, order_z=0, force_separate_z=None)
None
old shape: (117, 245, 479), new_shape: [ 78 224 437], old_spacing: [np.float64(1.0), np.float64(0.677734375), np.float64(0.677734375)], new_spacing: [1.5, 0.7421875, 0.7421875], fn_data: functools.partial(<function resample_data_or_seg_to_shape at 0x793587ba0220>, is_seg=False, order=3, order_z=0, force_separate_z=None)
None
old shape: (54, 242, 446), new_shape: [ 72 222 410], old_spacing: [np.float64(2.0), np.float64(0.681640625), np.float64(0.681640625)], new_spacing: [1.5, 0.7421875, 0.7421875], fn_data: functools.partial(<function resample_data_or_seg_to_shape at 0x793587ba0220>, is_seg=False, order=3, order_z=0, force_separate_z=None)
None
old shape: (43, 233, 429), new_shape: [ 86 215 395], old_spacing: [np.float64(3.0), np.float64(0.68359375), np.float64(0.68359375)], new_spacing: [1.5, 0.7421875, 0.7421875], fn_data: functools.partial(<function resample_data_or_seg_to_shape at 0x793587ba0220>, is_seg=False, order=3, order_z=0, force_separate_z=None)
None
old shape: (20, 183, 411), new_shape: [ 67 193 433], old_spacing: [np.float64(5.0), np.float64(0.78125), np.float64(0.78125)], new_spacing: [1.5, 0.7421875, 0.7421875], fn_data: functools.partial(<function resample_data_or_seg_to_shape at 0x793587ba0220>, is_seg=False, order=3, order_z=0, force_separate_z=None)
None
old shape: (112, 321, 442), new_shape: [ 75 267 368], old_spacing: [np.float64(1.0), np.float64(0.6171875), np.float64(0.6171875)], new_spacing: [1.5, 0.7421875, 0.7421875], fn_data: functools.partial(<function resample_data_or_seg_to_shape at 0x793587ba0220>, is_seg=False, order=3, order_z=0, force_separate_z=None)
None
old shape: (126, 232, 420), new_shape: [ 76 239 433], old_spacing: [np.float64(0.8999999761581421), np.float64(0.765625), np.float64(0.765625)], new_spacing: [1.5, 0.7421875, 0.7421875], fn_data: functools.partial(<function resample_data_or_seg_to_shape at 0x793587ba0220>, is_seg=False, order=3, order_z=0, force_separate_z=None)
None
old shape: (38, 220, 432), new_shape: [ 76 203 398], old_spacing: [np.float64(3.0), np.float64(0.68359375), np.float64(0.68359375)], new_spacing: [1.5, 0.7421875, 0.7421875], fn_data: functools.partial(<function resample_data_or_seg_to_shape at 0x793587ba0220>, is_seg=False, order=3, order_z=0, force_separate_z=None)
None
old shape: (45, 224, 424), new_shape: [ 90 239 453], old_spacing: [np.float64(3.0), np.float64(0.79296875), np.float64(0.79296875)], new_spacing: [1.5, 0.7421875, 0.7421875], fn_data: functools.partial(<function resample_data_or_seg_to_shape at 0x793587ba0220>, is_seg=False, order=3, order_z=0, force_separate_z=None)
None
old shape: (95, 267, 448), new_shape: [ 63 246 413], old_spacing: [np.float64(1.0), np.float64(0.68359375), np.float64(0.68359375)], new_spacing: [1.5, 0.7421875, 0.7421875], fn_data: functools.partial(<function resample_data_or_seg_to_shape at 0x793587ba0220>, is_seg=False, order=3, order_z=0, force_separate_z=None)
None
old shape: (257, 265, 430), new_shape: [ 77 264 429], old_spacing: [np.float64(0.44999998807907104), np.float64(0.740234375), np.float64(0.740234375)], new_spacing: [1.5, 0.7421875, 0.7421875], fn_data: functools.partial(<function resample_data_or_seg_to_shape at 0x793587ba0220>, is_seg=False, order=3, order_z=0, force_separate_z=None)
None
old shape: (258, 257, 474), new_shape: [ 77 236 435], old_spacing: [np.float64(0.44999998807907104), np.float64(0.681640625), np.float64(0.681640625)], new_spacing: [1.5, 0.7421875, 0.7421875], fn_data: functools.partial(<function resample_data_or_seg_to_shape at 0x793587ba0220>, is_seg=False, order=3, order_z=0, force_separate_z=None)
None
old shape: (39, 242, 437), new_shape: [ 78 223 402], old_spacing: [np.float64(3.0), np.float64(0.68359375), np.float64(0.68359375)], new_spacing: [1.5, 0.7421875, 0.7421875], fn_data: functools.partial(<function resample_data_or_seg_to_shape at 0x793587ba0220>, is_seg=False, order=3, order_z=0, force_separate_z=None)
None
old shape: (67, 259, 455), new_shape: [ 89 243 427], old_spacing: [np.float64(2.0), np.float64(0.697265625), np.float64(0.697265625)], new_spacing: [1.5, 0.7421875, 0.7421875], fn_data: functools.partial(<function resample_data_or_seg_to_shape at 0x793587ba0220>, is_seg=False, order=3, order_z=0, force_separate_z=None)
None
old shape: (51, 186, 360), new_shape: [ 68 215 417], old_spacing: [np.float64(2.0), np.float64(0.859375), np.float64(0.859375)], new_spacing: [1.5, 0.7421875, 0.7421875], fn_data: functools.partial(<function resample_data_or_seg_to_shape at 0x793587ba0220>, is_seg=False, order=3, order_z=0, force_separate_z=None)
None
old shape: (65, 185, 367), new_shape: [ 87 217 431], old_spacing: [np.float64(2.0), np.float64(0.87109375), np.float64(0.87109375)], new_spacing: [1.5, 0.7421875, 0.7421875], fn_data: functools.partial(<function resample_data_or_seg_to_shape at 0x793587ba0220>, is_seg=False, order=3, order_z=0, force_separate_z=None)
None
old shape: (107, 265, 439), new_shape: [ 71 243 402], old_spacing: [np.float64(1.0000237226486206), np.float64(0.6796875), np.float64(0.6796875)], new_spacing: [1.5, 0.7421875, 0.7421875], fn_data: functools.partial(<function resample_data_or_seg_to_shape at 0x793587ba0220>, is_seg=False, order=3, order_z=0, force_separate_z=None)
None
old shape: (90, 264, 426), new_shape: [ 60 230 371], old_spacing: [np.float64(1.0), np.float64(0.646484375), np.float64(0.646484375)], new_spacing: [1.5, 0.7421875, 0.7421875], fn_data: functools.partial(<function resample_data_or_seg_to_shape at 0x793587ba0220>, is_seg=False, order=3, order_z=0, force_separate_z=None)
None
old shape: (154, 257, 427), new_shape: [103 237 393], old_spacing: [np.float64(1.0), np.float64(0.68359375), np.float64(0.68359375)], new_spacing: [1.5, 0.7421875, 0.7421875], fn_data: functools.partial(<function resample_data_or_seg_to_shape at 0x793587ba0220>, is_seg=False, order=3, order_z=0, force_separate_z=None)
None
old shape: (35, 224, 487), new_shape: [ 70 223 486], old_spacing: [np.float64(3.0), np.float64(0.740234375), np.float64(0.740234375)], new_spacing: [1.5, 0.7421875, 0.7421875], fn_data: functools.partial(<function resample_data_or_seg_to_shape at 0x793587ba0220>, is_seg=False, order=3, order_z=0, force_separate_z=None)
None
old shape: (53, 274, 475), new_shape: [ 71 236 409], old_spacing: [np.float64(2.0), np.float64(0.638671875), np.float64(0.638671875)], new_spacing: [1.5, 0.7421875, 0.7421875], fn_data: functools.partial(<function resample_data_or_seg_to_shape at 0x793587ba0220>, is_seg=False, order=3, order_z=0, force_separate_z=None)
None
old shape: (89, 211, 363), new_shape: [ 59 224 386], old_spacing: [np.float64(1.0), np.float64(0.7890625), np.float64(0.7890625)], new_spacing: [1.5, 0.7421875, 0.7421875], fn_data: functools.partial(<function resample_data_or_seg_to_shape at 0x793587ba0220>, is_seg=False, order=3, order_z=0, force_separate_z=None)
None
old shape: (113, 240, 398), new_shape: [ 75 253 419], old_spacing: [np.float64(1.0), np.float64(0.78125), np.float64(0.78125)], new_spacing: [1.5, 0.7421875, 0.7421875], fn_data: functools.partial(<function resample_data_or_seg_to_shape at 0x793587ba0220>, is_seg=False, order=3, order_z=0, force_separate_z=None)
None
old shape: (114, 258, 426), new_shape: [ 76 272 450], old_spacing: [np.float64(1.0), np.float64(0.783203125), np.float64(0.783203125)], new_spacing: [1.5, 0.7421875, 0.7421875], fn_data: functools.partial(<function resample_data_or_seg_to_shape at 0x793587ba0220>, is_seg=False, order=3, order_z=0, force_separate_z=None)
None
old shape: (38, 211, 427), new_shape: [ 76 203 411], old_spacing: [np.float64(3.0), np.float64(0.71484375), np.float64(0.71484375)], new_spacing: [1.5, 0.7421875, 0.7421875], fn_data: functools.partial(<function resample_data_or_seg_to_shape at 0x793587ba0220>, is_seg=False, order=3, order_z=0, force_separate_z=None)
None
old shape: (53, 250, 475), new_shape: [ 71 215 409], old_spacing: [np.float64(2.0), np.float64(0.638671875), np.float64(0.638671875)], new_spacing: [1.5, 0.7421875, 0.7421875], fn_data: functools.partial(<function resample_data_or_seg_to_shape at 0x793587ba0220>, is_seg=False, order=3, order_z=0, force_separate_z=None)
None
old shape: (101, 216, 414), new_shape: [ 67 219 421], old_spacing: [np.float64(1.0), np.float64(0.75390625), np.float64(0.75390625)], new_spacing: [1.5, 0.7421875, 0.7421875], fn_data: functools.partial(<function resample_data_or_seg_to_shape at 0x793587ba0220>, is_seg=False, order=3, order_z=0, force_separate_z=None)
None
old shape: (101, 224, 454), new_shape: [ 67 205 416], old_spacing: [np.float64(1.0), np.float64(0.6796875), np.float64(0.6796875)], new_spacing: [1.5, 0.7421875, 0.7421875], fn_data: functools.partial(<function resample_data_or_seg_to_shape at 0x793587ba0220>, is_seg=False, order=3, order_z=0, force_separate_z=None)
None
old shape: (57, 238, 407), new_shape: [ 76 255 436], old_spacing: [np.float64(2.0), np.float64(0.794921875), np.float64(0.794921875)], new_spacing: [1.5, 0.7421875, 0.7421875], fn_data: functools.partial(<function resample_data_or_seg_to_shape at 0x793587ba0220>, is_seg=False, order=3, order_z=0, force_separate_z=None)
None
old shape: (125, 217, 411), new_shape: [ 83 200 379], old_spacing: [np.float64(1.0), np.float64(0.68359375), np.float64(0.68359375)], new_spacing: [1.5, 0.7421875, 0.7421875], fn_data: functools.partial(<function resample_data_or_seg_to_shape at 0x793587ba0220>, is_seg=False, order=3, order_z=0, force_separate_z=None)
None
old shape: (214, 254, 445), new_shape: [ 71 233 409], old_spacing: [np.float64(0.5), np.float64(0.681640625), np.float64(0.681640625)], new_spacing: [1.5, 0.7421875, 0.7421875], fn_data: functools.partial(<function resample_data_or_seg_to_shape at 0x793587ba0220>, is_seg=False, order=3, order_z=0, force_separate_z=None)
None
old shape: (130, 294, 483), new_shape: [ 87 248 408], old_spacing: [np.float64(1.0000001192092896), np.float64(0.626953125), np.float64(0.626953125)], new_spacing: [1.5, 0.7421875, 0.7421875], fn_data: functools.partial(<function resample_data_or_seg_to_shape at 0x793587ba0220>, is_seg=False, order=3, order_z=0, force_separate_z=None)
None
old shape: (38, 230, 413), new_shape: [ 76 222 399], old_spacing: [np.float64(3.0), np.float64(0.716796875), np.float64(0.716796875)], new_spacing: [1.5, 0.7421875, 0.7421875], fn_data: functools.partial(<function resample_data_or_seg_to_shape at 0x793587ba0220>, is_seg=False, order=3, order_z=0, force_separate_z=None)
None
old shape: (102, 225, 441), new_shape: [ 68 207 406], old_spacing: [np.float64(1.0), np.float64(0.68359375), np.float64(0.68359375)], new_spacing: [1.5, 0.7421875, 0.7421875], fn_data: functools.partial(<function resample_data_or_seg_to_shape at 0x793587ba0220>, is_seg=False, order=3, order_z=0, force_separate_z=None)
None
old shape: (15, 251, 417), new_shape: [ 50 231 384], old_spacing: [np.float64(5.0), np.float64(0.68359375), np.float64(0.68359375)], new_spacing: [1.5, 0.7421875, 0.7421875], fn_data: functools.partial(<function resample_data_or_seg_to_shape at 0x793587ba0220>, is_seg=False, order=3, order_z=0, force_separate_z=None)
None
old shape: (56, 217, 394), new_shape: [ 75 229 416], old_spacing: [np.float64(2.0), np.float64(0.783203125), np.float64(0.783203125)], new_spacing: [1.5, 0.7421875, 0.7421875], fn_data: functools.partial(<function resample_data_or_seg_to_shape at 0x793587ba0220>, is_seg=False, order=3, order_z=0, force_separate_z=None)
None
old shape: (83, 258, 401), new_shape: [111 221 344], old_spacing: [np.float64(2.0), np.float64(0.63671875), np.float64(0.63671875)], new_spacing: [1.5, 0.7421875, 0.7421875], fn_data: functools.partial(<function resample_data_or_seg_to_shape at 0x793587ba0220>, is_seg=False, order=3, order_z=0, force_separate_z=None)
None
old shape: (63, 247, 408), new_shape: [ 84 233 384], old_spacing: [np.float64(2.0), np.float64(0.69921875), np.float64(0.69921875)], new_spacing: [1.5, 0.7421875, 0.7421875], fn_data: functools.partial(<function resample_data_or_seg_to_shape at 0x793587ba0220>, is_seg=False, order=3, order_z=0, force_separate_z=None)
None
old shape: (100, 214, 460), new_shape: [ 67 191 410], old_spacing: [np.float64(1.0), np.float64(0.662109375), np.float64(0.662109375)], new_spacing: [1.5, 0.7421875, 0.7421875], fn_data: functools.partial(<function resample_data_or_seg_to_shape at 0x793587ba0220>, is_seg=False, order=3, order_z=0, force_separate_z=None)
None
old shape: (25, 277, 469), new_shape: [ 83 246 416], old_spacing: [np.float64(5.0), np.float64(0.658203125), np.float64(0.658203125)], new_spacing: [1.5, 0.7421875, 0.7421875], fn_data: functools.partial(<function resample_data_or_seg_to_shape at 0x793587ba0220>, is_seg=False, order=3, order_z=0, force_separate_z=None)
None
old shape: (20, 257, 420), new_shape: [ 67 271 442], old_spacing: [np.float64(5.0), np.float64(0.78125), np.float64(0.78125)], new_spacing: [1.5, 0.7421875, 0.7421875], fn_data: functools.partial(<function resample_data_or_seg_to_shape at 0x793587ba0220>, is_seg=False, order=3, order_z=0, force_separate_z=None)
None
old shape: (37, 261, 468), new_shape: [ 74 231 414], old_spacing: [np.float64(3.0), np.float64(0.65625), np.float64(0.65625)], new_spacing: [1.5, 0.7421875, 0.7421875], fn_data: functools.partial(<function resample_data_or_seg_to_shape at 0x793587ba0220>, is_seg=False, order=3, order_z=0, force_separate_z=None)
None
old shape: (22, 198, 390), new_shape: [ 73 208 411], old_spacing: [np.float64(5.0), np.float64(0.78125), np.float64(0.78125)], new_spacing: [1.5, 0.7421875, 0.7421875], fn_data: functools.partial(<function resample_data_or_seg_to_shape at 0x793587ba0220>, is_seg=False, order=3, order_z=0, force_separate_z=None)
None
old shape: (56, 258, 461), new_shape: [ 75 229 409], old_spacing: [np.float64(2.0), np.float64(0.658203125), np.float64(0.658203125)], new_spacing: [1.5, 0.7421875, 0.7421875], fn_data: functools.partial(<function resample_data_or_seg_to_shape at 0x793587ba0220>, is_seg=False, order=3, order_z=0, force_separate_z=None)
None
old shape: (110, 283, 471), new_shape: [ 73 228 379], old_spacing: [np.float64(1.0), np.float64(0.59765625), np.float64(0.59765625)], new_spacing: [1.5, 0.7421875, 0.7421875], fn_data: functools.partial(<function resample_data_or_seg_to_shape at 0x793587ba0220>, is_seg=False, order=3, order_z=0, force_separate_z=None)
None
old shape: (58, 297, 444), new_shape: [ 77 281 421], old_spacing: [np.float64(2.0), np.float64(0.703125), np.float64(0.703125)], new_spacing: [1.5, 0.7421875, 0.7421875], fn_data: functools.partial(<function resample_data_or_seg_to_shape at 0x793587ba0220>, is_seg=False, order=3, order_z=0, force_separate_z=None)
None
old shape: (50, 284, 470), new_shape: [100 287 475], old_spacing: [np.float64(3.0), np.float64(0.75), np.float64(0.75)], new_spacing: [1.5, 0.7421875, 0.7421875], fn_data: functools.partial(<function resample_data_or_seg_to_shape at 0x793587ba0220>, is_seg=False, order=3, order_z=0, force_separate_z=None)
None
old shape: (103, 209, 377), new_shape: [ 69 240 433], old_spacing: [np.float64(1.0), np.float64(0.8515625), np.float64(0.8515625)], new_spacing: [1.5, 0.7421875, 0.7421875], fn_data: functools.partial(<function resample_data_or_seg_to_shape at 0x793587ba0220>, is_seg=False, order=3, order_z=0, force_separate_z=None)
None
old shape: (30, 249, 466), new_shape: [ 60 214 401], old_spacing: [np.float64(3.0), np.float64(0.638671875), np.float64(0.638671875)], new_spacing: [1.5, 0.7421875, 0.7421875], fn_data: functools.partial(<function resample_data_or_seg_to_shape at 0x793587ba0220>, is_seg=False, order=3, order_z=0, force_separate_z=None)
None
old shape: (15, 281, 420), new_shape: [ 50 271 405], old_spacing: [np.float64(5.0), np.float64(0.71484375), np.float64(0.71484375)], new_spacing: [1.5, 0.7421875, 0.7421875], fn_data: functools.partial(<function resample_data_or_seg_to_shape at 0x793587ba0220>, is_seg=False, order=3, order_z=0, force_separate_z=None)
None
old shape: (121, 268, 422), new_shape: [ 81 281 442], old_spacing: [np.float64(1.0), np.float64(0.77734375), np.float64(0.77734375)], new_spacing: [1.5, 0.7421875, 0.7421875], fn_data: functools.partial(<function resample_data_or_seg_to_shape at 0x793587ba0220>, is_seg=False, order=3, order_z=0, force_separate_z=None)
None
old shape: (27, 203, 426), new_shape: [ 54 198 415], old_spacing: [np.float64(3.0), np.float64(0.72265625), np.float64(0.72265625)], new_spacing: [1.5, 0.7421875, 0.7421875], fn_data: functools.partial(<function resample_data_or_seg_to_shape at 0x793587ba0220>, is_seg=False, order=3, order_z=0, force_separate_z=None)
None
old shape: (41, 252, 419), new_shape: [ 82 252 419], old_spacing: [np.float64(3.0), np.float64(0.7421875), np.float64(0.7421875)], new_spacing: [1.5, 0.7421875, 0.7421875], fn_data: functools.partial(<function resample_data_or_seg_to_shape at 0x793587ba0220>, is_seg=False, order=3, order_z=0, force_separate_z=None)
None
old shape: (41, 228, 452), new_shape: [ 82 217 429], old_spacing: [np.float64(3.0), np.float64(0.705078125), np.float64(0.705078125)], new_spacing: [1.5, 0.7421875, 0.7421875], fn_data: functools.partial(<function resample_data_or_seg_to_shape at 0x793587ba0220>, is_seg=False, order=3, order_z=0, force_separate_z=None)
None
old shape: (41, 216, 457), new_shape: [ 82 215 455], old_spacing: [np.float64(3.0), np.float64(0.73828125), np.float64(0.73828125)], new_spacing: [1.5, 0.7421875, 0.7421875], fn_data: functools.partial(<function resample_data_or_seg_to_shape at 0x793587ba0220>, is_seg=False, order=3, order_z=0, force_separate_z=None)
None
old shape: (43, 256, 421), new_shape: [ 86 255 419], old_spacing: [np.float64(3.0), np.float64(0.73828125), np.float64(0.73828125)], new_spacing: [1.5, 0.7421875, 0.7421875], fn_data: functools.partial(<function resample_data_or_seg_to_shape at 0x793587ba0220>, is_seg=False, order=3, order_z=0, force_separate_z=None)
None
old shape: (56, 275, 455), new_shape: [ 75 227 375], old_spacing: [np.float64(2.0), np.float64(0.611328125), np.float64(0.611328125)], new_spacing: [1.5, 0.7421875, 0.7421875], fn_data: functools.partial(<function resample_data_or_seg_to_shape at 0x793587ba0220>, is_seg=False, order=3, order_z=0, force_separate_z=None)
None
old shape: (57, 204, 408), new_shape: [ 76 206 411], old_spacing: [np.float64(2.0), np.float64(0.748046875), np.float64(0.748046875)], new_spacing: [1.5, 0.7421875, 0.7421875], fn_data: functools.partial(<function resample_data_or_seg_to_shape at 0x793587ba0220>, is_seg=False, order=3, order_z=0, force_separate_z=None)
None
old shape: (45, 236, 461), new_shape: [ 90 240 469], old_spacing: [np.float64(3.0), np.float64(0.755859375), np.float64(0.755859375)], new_spacing: [1.5, 0.7421875, 0.7421875], fn_data: functools.partial(<function resample_data_or_seg_to_shape at 0x793587ba0220>, is_seg=False, order=3, order_z=0, force_separate_z=None)
None
old shape: (39, 290, 481), new_shape: [ 78 250 415], old_spacing: [np.float64(3.0), np.float64(0.640625), np.float64(0.640625)], new_spacing: [1.5, 0.7421875, 0.7421875], fn_data: functools.partial(<function resample_data_or_seg_to_shape at 0x793587ba0220>, is_seg=False, order=3, order_z=0, force_separate_z=None)
None
old shape: (128, 292, 473), new_shape: [ 85 269 436], old_spacing: [np.float64(1.0), np.float64(0.68359375), np.float64(0.68359375)], new_spacing: [1.5, 0.7421875, 0.7421875], fn_data: functools.partial(<function resample_data_or_seg_to_shape at 0x793587ba0220>, is_seg=False, order=3, order_z=0, force_separate_z=None)
None
old shape: (115, 244, 446), new_shape: [ 77 225 411], old_spacing: [np.float64(1.0), np.float64(0.68359375), np.float64(0.68359375)], new_spacing: [1.5, 0.7421875, 0.7421875], fn_data: functools.partial(<function resample_data_or_seg_to_shape at 0x793587ba0220>, is_seg=False, order=3, order_z=0, force_separate_z=None)
None
old shape: (58, 260, 453), new_shape: [ 77 261 454], old_spacing: [np.float64(2.0), np.float64(0.744140625), np.float64(0.744140625)], new_spacing: [1.5, 0.7421875, 0.7421875], fn_data: functools.partial(<function resample_data_or_seg_to_shape at 0x793587ba0220>, is_seg=False, order=3, order_z=0, force_separate_z=None)
None
old shape: (39, 241, 477), new_shape: [ 78 222 439], old_spacing: [np.float64(3.0), np.float64(0.68359375), np.float64(0.68359375)], new_spacing: [1.5, 0.7421875, 0.7421875], fn_data: functools.partial(<function resample_data_or_seg_to_shape at 0x793587ba0220>, is_seg=False, order=3, order_z=0, force_separate_z=None)
None
old shape: (38, 202, 418), new_shape: [ 76 208 430], old_spacing: [np.float64(3.0), np.float64(0.763671875), np.float64(0.763671875)], new_spacing: [1.5, 0.7421875, 0.7421875], fn_data: functools.partial(<function resample_data_or_seg_to_shape at 0x793587ba0220>, is_seg=False, order=3, order_z=0, force_separate_z=None)
None
old shape: (40, 248, 415), new_shape: [ 80 254 425], old_spacing: [np.float64(3.0), np.float64(0.759765625), np.float64(0.759765625)], new_spacing: [1.5, 0.7421875, 0.7421875], fn_data: functools.partial(<function resample_data_or_seg_to_shape at 0x793587ba0220>, is_seg=False, order=3, order_z=0, force_separate_z=None)
None
old shape: (113, 246, 466), new_shape: [ 75 227 429], old_spacing: [np.float64(1.0), np.float64(0.68359375), np.float64(0.68359375)], new_spacing: [1.5, 0.7421875, 0.7421875], fn_data: functools.partial(<function resample_data_or_seg_to_shape at 0x793587ba0220>, is_seg=False, order=3, order_z=0, force_separate_z=None)
None
old shape: (24, 200, 412), new_shape: [ 80 204 421], old_spacing: [np.float64(5.0), np.float64(0.7578125), np.float64(0.7578125)], new_spacing: [1.5, 0.7421875, 0.7421875], fn_data: functools.partial(<function resample_data_or_seg_to_shape at 0x793587ba0220>, is_seg=False, order=3, order_z=0, force_separate_z=None)
None
old shape: (19, 245, 442), new_shape: [ 63 230 414], old_spacing: [np.float64(5.0), np.float64(0.6953125), np.float64(0.6953125)], new_spacing: [1.5, 0.7421875, 0.7421875], fn_data: functools.partial(<function resample_data_or_seg_to_shape at 0x793587ba0220>, is_seg=False, order=3, order_z=0, force_separate_z=None)
None
old shape: (99, 240, 403), new_shape: [ 66 248 416], old_spacing: [np.float64(1.0), np.float64(0.765625), np.float64(0.765625)], new_spacing: [1.5, 0.7421875, 0.7421875], fn_data: functools.partial(<function resample_data_or_seg_to_shape at 0x793587ba0220>, is_seg=False, order=3, order_z=0, force_separate_z=None)
None
old shape: (279, 264, 467), new_shape: [ 84 226 401], old_spacing: [np.float64(0.45001220703125), np.float64(0.63671875), np.float64(0.63671875)], new_spacing: [1.5, 0.7421875, 0.7421875], fn_data: functools.partial(<function resample_data_or_seg_to_shape at 0x793587ba0220>, is_seg=False, order=3, order_z=0, force_separate_z=None)
None
old shape: (185, 200, 422), new_shape: [ 55 212 448], old_spacing: [np.float64(0.449981689453125), np.float64(0.787109375), np.float64(0.787109375)], new_spacing: [1.5, 0.7421875, 0.7421875], fn_data: functools.partial(<function resample_data_or_seg_to_shape at 0x793587ba0220>, is_seg=False, order=3, order_z=0, force_separate_z=None)
None
old shape: (265, 254, 466), new_shape: [ 88 233 428], old_spacing: [np.float64(0.5), np.float64(0.681640625), np.float64(0.681640625)], new_spacing: [1.5, 0.7421875, 0.7421875], fn_data: functools.partial(<function resample_data_or_seg_to_shape at 0x793587ba0220>, is_seg=False, order=3, order_z=0, force_separate_z=None)
None
old shape: (56, 256, 343), new_shape: [ 75 282 377], old_spacing: [np.float64(2.0), np.float64(0.81640625), np.float64(0.81640625)], new_spacing: [1.5, 0.7421875, 0.7421875], fn_data: functools.partial(<function resample_data_or_seg_to_shape at 0x793587ba0220>, is_seg=False, order=3, order_z=0, force_separate_z=None)
None
old shape: (51, 201, 394), new_shape: [ 68 205 402], old_spacing: [np.float64(2.0), np.float64(0.7563323974609375), np.float64(0.7563323974609375)], new_spacing: [1.5, 0.7421875, 0.7421875], fn_data: functools.partial(<function resample_data_or_seg_to_shape at 0x793587ba0220>, is_seg=False, order=3, order_z=0, force_separate_z=None)
None
old shape: (39, 257, 454), new_shape: [ 78 252 444], old_spacing: [np.float64(3.0), np.float64(0.7265625), np.float64(0.7265625)], new_spacing: [1.5, 0.7421875, 0.7421875], fn_data: functools.partial(<function resample_data_or_seg_to_shape at 0x793587ba0220>, is_seg=False, order=3, order_z=0, force_separate_z=None)
None
old shape: (113, 240, 445), new_shape: [ 75 220 408], old_spacing: [np.float64(1.0), np.float64(0.6796875), np.float64(0.6796875)], new_spacing: [1.5, 0.7421875, 0.7421875], fn_data: functools.partial(<function resample_data_or_seg_to_shape at 0x793587ba0220>, is_seg=False, order=3, order_z=0, force_separate_z=None)
None
old shape: (107, 233, 421), new_shape: [ 71 238 430], old_spacing: [np.float64(1.0), np.float64(0.7578125), np.float64(0.7578125)], new_spacing: [1.5, 0.7421875, 0.7421875], fn_data: functools.partial(<function resample_data_or_seg_to_shape at 0x793587ba0220>, is_seg=False, order=3, order_z=0, force_separate_z=None)
None
old shape: (271, 267, 447), new_shape: [ 81 260 435], old_spacing: [np.float64(0.45001220703125), np.float64(0.72265625), np.float64(0.72265625)], new_spacing: [1.5, 0.7421875, 0.7421875], fn_data: functools.partial(<function resample_data_or_seg_to_shape at 0x793587ba0220>, is_seg=False, order=3, order_z=0, force_separate_z=None)
None
old shape: (336, 267, 456), new_shape: [101 254 433], old_spacing: [np.float64(0.45001220703125), np.float64(0.705078125), np.float64(0.705078125)], new_spacing: [1.5, 0.7421875, 0.7421875], fn_data: functools.partial(<function resample_data_or_seg_to_shape at 0x793587ba0220>, is_seg=False, order=3, order_z=0, force_separate_z=None)
None
old shape: (35, 223, 429), new_shape: [ 70 205 395], old_spacing: [np.float64(3.0), np.float64(0.68359375), np.float64(0.68359375)], new_spacing: [1.5, 0.7421875, 0.7421875], fn_data: functools.partial(<function resample_data_or_seg_to_shape at 0x793587ba0220>, is_seg=False, order=3, order_z=0, force_separate_z=None)
None
old shape: (30, 223, 437), new_shape: [ 60 205 402], old_spacing: [np.float64(3.0), np.float64(0.68359375), np.float64(0.68359375)], new_spacing: [1.5, 0.7421875, 0.7421875], fn_data: functools.partial(<function resample_data_or_seg_to_shape at 0x793587ba0220>, is_seg=False, order=3, order_z=0, force_separate_z=None)
None
old shape: (53, 244, 470), new_shape: [ 71 224 432], old_spacing: [np.float64(2.0), np.float64(0.681640625), np.float64(0.681640625)], new_spacing: [1.5, 0.7421875, 0.7421875], fn_data: functools.partial(<function resample_data_or_seg_to_shape at 0x793587ba0220>, is_seg=False, order=3, order_z=0, force_separate_z=None)
None
old shape: (53, 280, 458), new_shape: [ 71 231 378], old_spacing: [np.float64(2.0), np.float64(0.61328125), np.float64(0.61328125)], new_spacing: [1.5, 0.7421875, 0.7421875], fn_data: functools.partial(<function resample_data_or_seg_to_shape at 0x793587ba0220>, is_seg=False, order=3, order_z=0, force_separate_z=None)
None
old shape: (43, 193, 396), new_shape: [ 86 215 441], old_spacing: [np.float64(3.0), np.float64(0.826171875), np.float64(0.826171875)], new_spacing: [1.5, 0.7421875, 0.7421875], fn_data: functools.partial(<function resample_data_or_seg_to_shape at 0x793587ba0220>, is_seg=False, order=3, order_z=0, force_separate_z=None)
None
old shape: (64, 257, 406), new_shape: [ 85 251 396], old_spacing: [np.float64(2.0), np.float64(0.724609375), np.float64(0.724609375)], new_spacing: [1.5, 0.7421875, 0.7421875], fn_data: functools.partial(<function resample_data_or_seg_to_shape at 0x793587ba0220>, is_seg=False, order=3, order_z=0, force_separate_z=None)
None
old shape: (92, 210, 394), new_shape: [ 61 214 402], old_spacing: [np.float64(1.0), np.float64(0.7578125), np.float64(0.7578125)], new_spacing: [1.5, 0.7421875, 0.7421875], fn_data: functools.partial(<function resample_data_or_seg_to_shape at 0x793587ba0220>, is_seg=False, order=3, order_z=0, force_separate_z=None)
None
old shape: (23, 220, 408), new_shape: [ 77 232 429], old_spacing: [np.float64(5.0), np.float64(0.78125), np.float64(0.78125)], new_spacing: [1.5, 0.7421875, 0.7421875], fn_data: functools.partial(<function resample_data_or_seg_to_shape at 0x793587ba0220>, is_seg=False, order=3, order_z=0, force_separate_z=None)
None
old shape: (56, 268, 423), new_shape: [ 75 284 447], old_spacing: [np.float64(2.0), np.float64(0.78515625), np.float64(0.78515625)], new_spacing: [1.5, 0.7421875, 0.7421875], fn_data: functools.partial(<function resample_data_or_seg_to_shape at 0x793587ba0220>, is_seg=False, order=3, order_z=0, force_separate_z=None)
None
old shape: (108, 219, 451), new_shape: [ 72 202 415], old_spacing: [np.float64(1.0), np.float64(0.68359375), np.float64(0.68359375)], new_spacing: [1.5, 0.7421875, 0.7421875], fn_data: functools.partial(<function resample_data_or_seg_to_shape at 0x793587ba0220>, is_seg=False, order=3, order_z=0, force_separate_z=None)
None
old shape: (36, 209, 407), new_shape: [ 72 197 383], old_spacing: [np.float64(3.0), np.float64(0.69921875), np.float64(0.69921875)], new_spacing: [1.5, 0.7421875, 0.7421875], fn_data: functools.partial(<function resample_data_or_seg_to_shape at 0x793587ba0220>, is_seg=False, order=3, order_z=0, force_separate_z=None)
None
old shape: (108, 234, 384), new_shape: [ 72 247 405], old_spacing: [np.float64(1.0), np.float64(0.783203125), np.float64(0.783203125)], new_spacing: [1.5, 0.7421875, 0.7421875], fn_data: functools.partial(<function resample_data_or_seg_to_shape at 0x793587ba0220>, is_seg=False, order=3, order_z=0, force_separate_z=None)
None
old shape: (31, 254, 412), new_shape: [ 83 264 428], old_spacing: [np.float64(4.000000476837158), np.float64(0.771484375), np.float64(0.771484375)], new_spacing: [1.5, 0.7421875, 0.7421875], fn_data: functools.partial(<function resample_data_or_seg_to_shape at 0x793587ba0220>, is_seg=False, order=3, order_z=0, force_separate_z=None)
None
old shape: (23, 190, 407), new_shape: [ 77 217 465], old_spacing: [np.float64(4.999999523162842), np.float64(0.84765625), np.float64(0.84765625)], new_spacing: [1.5, 0.7421875, 0.7421875], fn_data: functools.partial(<function resample_data_or_seg_to_shape at 0x793587ba0220>, is_seg=False, order=3, order_z=0, force_separate_z=None)
None
old shape: (137, 287, 443), new_shape: [ 82 278 429], old_spacing: [np.float64(0.8999999761581421), np.float64(0.71875), np.float64(0.71875)], new_spacing: [1.5, 0.7421875, 0.7421875], fn_data: functools.partial(<function resample_data_or_seg_to_shape at 0x793587ba0220>, is_seg=False, order=3, order_z=0, force_separate_z=None)
None
old shape: (106, 189, 371), new_shape: [ 71 214 421], old_spacing: [np.float64(1.0), np.float64(0.841796875), np.float64(0.841796875)], new_spacing: [1.5, 0.7421875, 0.7421875], fn_data: functools.partial(<function resample_data_or_seg_to_shape at 0x793587ba0220>, is_seg=False, order=3, order_z=0, force_separate_z=None)
None
old shape: (113, 208, 404), new_shape: [ 75 237 460], old_spacing: [np.float64(1.0), np.float64(0.845703125), np.float64(0.845703125)], new_spacing: [1.5, 0.7421875, 0.7421875], fn_data: functools.partial(<function resample_data_or_seg_to_shape at 0x793587ba0220>, is_seg=False, order=3, order_z=0, force_separate_z=None)
None
old shape: (54, 210, 392), new_shape: [ 72 207 387], old_spacing: [np.float64(2.0), np.float64(0.732421875), np.float64(0.732421875)], new_spacing: [1.5, 0.7421875, 0.7421875], fn_data: functools.partial(<function resample_data_or_seg_to_shape at 0x793587ba0220>, is_seg=False, order=3, order_z=0, force_separate_z=None)
None
old shape: (41, 236, 411), new_shape: [ 82 236 411], old_spacing: [np.float64(3.0), np.float64(0.7421875), np.float64(0.7421875)], new_spacing: [1.5, 0.7421875, 0.7421875], fn_data: functools.partial(<function resample_data_or_seg_to_shape at 0x793587ba0220>, is_seg=False, order=3, order_z=0, force_separate_z=None)
None
old shape: (99, 258, 425), new_shape: [ 66 221 365], old_spacing: [np.float64(1.0), np.float64(0.63671875), np.float64(0.63671875)], new_spacing: [1.5, 0.7421875, 0.7421875], fn_data: functools.partial(<function resample_data_or_seg_to_shape at 0x793587ba0220>, is_seg=False, order=3, order_z=0, force_separate_z=None)
None
old shape: (20, 236, 446), new_shape: [ 67 229 433], old_spacing: [np.float64(5.0), np.float64(0.720703125), np.float64(0.720703125)], new_spacing: [1.5, 0.7421875, 0.7421875], fn_data: functools.partial(<function resample_data_or_seg_to_shape at 0x793587ba0220>, is_seg=False, order=3, order_z=0, force_separate_z=None)
  feat 600/750
None
old shape: (25, 264, 453), new_shape: [ 67 243 417], old_spacing: [np.float64(4.0), np.float64(0.68359375), np.float64(0.68359375)], new_spacing: [1.5, 0.7421875, 0.7421875], fn_data: functools.partial(<function resample_data_or_seg_to_shape at 0x793587ba0220>, is_seg=False, order=3, order_z=0, force_separate_z=None)
None
old shape: (129, 225, 421), new_shape: [ 69 224 420], old_spacing: [np.float64(0.800000011920929), np.float64(0.740234375), np.float64(0.740234375)], new_spacing: [1.5, 0.7421875, 0.7421875], fn_data: functools.partial(<function resample_data_or_seg_to_shape at 0x793587ba0220>, is_seg=False, order=3, order_z=0, force_separate_z=None)
None
old shape: (110, 211, 441), new_shape: [ 73 210 439], old_spacing: [np.float64(1.0), np.float64(0.73828125), np.float64(0.73828125)], new_spacing: [1.5, 0.7421875, 0.7421875], fn_data: functools.partial(<function resample_data_or_seg_to_shape at 0x793587ba0220>, is_seg=False, order=3, order_z=0, force_separate_z=None)
None
old shape: (51, 223, 461), new_shape: [ 68 212 439], old_spacing: [np.float64(2.0), np.float64(0.70703125), np.float64(0.70703125)], new_spacing: [1.5, 0.7421875, 0.7421875], fn_data: functools.partial(<function resample_data_or_seg_to_shape at 0x793587ba0220>, is_seg=False, order=3, order_z=0, force_separate_z=None)
None
old shape: (39, 210, 463), new_shape: [ 78 219 482], old_spacing: [np.float64(3.0), np.float64(0.7734375), np.float64(0.7734375)], new_spacing: [1.5, 0.7421875, 0.7421875], fn_data: functools.partial(<function resample_data_or_seg_to_shape at 0x793587ba0220>, is_seg=False, order=3, order_z=0, force_separate_z=None)
None
old shape: (143, 240, 412), new_shape: [ 95 235 403], old_spacing: [np.float64(1.0), np.float64(0.7265625), np.float64(0.7265625)], new_spacing: [1.5, 0.7421875, 0.7421875], fn_data: functools.partial(<function resample_data_or_seg_to_shape at 0x793587ba0220>, is_seg=False, order=3, order_z=0, force_separate_z=None)
None
old shape: (116, 209, 480), new_shape: [ 77 241 555], old_spacing: [np.float64(1.0), np.float64(0.857421875), np.float64(0.857421875)], new_spacing: [1.5, 0.7421875, 0.7421875], fn_data: functools.partial(<function resample_data_or_seg_to_shape at 0x793587ba0220>, is_seg=False, order=3, order_z=0, force_separate_z=None)
None
old shape: (26, 238, 462), new_shape: [ 69 234 453], old_spacing: [np.float64(4.0), np.float64(0.728515625), np.float64(0.728515625)], new_spacing: [1.5, 0.7421875, 0.7421875], fn_data: functools.partial(<function resample_data_or_seg_to_shape at 0x793587ba0220>, is_seg=False, order=3, order_z=0, force_separate_z=None)
None
old shape: (41, 221, 438), new_shape: [ 82 204 403], old_spacing: [np.float64(3.0), np.float64(0.68359375), np.float64(0.68359375)], new_spacing: [1.5, 0.7421875, 0.7421875], fn_data: functools.partial(<function resample_data_or_seg_to_shape at 0x793587ba0220>, is_seg=False, order=3, order_z=0, force_separate_z=None)
None
old shape: (116, 262, 401), new_shape: [ 77 255 390], old_spacing: [np.float64(1.0), np.float64(0.72265625), np.float64(0.72265625)], new_spacing: [1.5, 0.7421875, 0.7421875], fn_data: functools.partial(<function resample_data_or_seg_to_shape at 0x793587ba0220>, is_seg=False, order=3, order_z=0, force_separate_z=None)
None
old shape: (23, 227, 428), new_shape: [ 77 239 451], old_spacing: [np.float64(5.0), np.float64(0.78125), np.float64(0.78125)], new_spacing: [1.5, 0.7421875, 0.7421875], fn_data: functools.partial(<function resample_data_or_seg_to_shape at 0x793587ba0220>, is_seg=False, order=3, order_z=0, force_separate_z=None)
None
old shape: (125, 271, 485), new_shape: [ 75 265 475], old_spacing: [np.float64(0.8999999761581421), np.float64(0.7265625), np.float64(0.7265625)], new_spacing: [1.5, 0.7421875, 0.7421875], fn_data: functools.partial(<function resample_data_or_seg_to_shape at 0x793587ba0220>, is_seg=False, order=3, order_z=0, force_separate_z=None)
None
old shape: (107, 246, 429), new_shape: [ 71 229 400], old_spacing: [np.float64(1.0), np.float64(0.69140625), np.float64(0.69140625)], new_spacing: [1.5, 0.7421875, 0.7421875], fn_data: functools.partial(<function resample_data_or_seg_to_shape at 0x793587ba0220>, is_seg=False, order=3, order_z=0, force_separate_z=None)
None
old shape: (71, 246, 426), new_shape: [ 71 218 377], old_spacing: [np.float64(1.5), np.float64(0.65625), np.float64(0.65625)], new_spacing: [1.5, 0.7421875, 0.7421875], fn_data: functools.partial(<function resample_data_or_seg_to_shape at 0x793587ba0220>, is_seg=False, order=3, order_z=0, force_separate_z=None)
None
old shape: (166, 253, 438), new_shape: [ 83 233 403], old_spacing: [np.float64(0.75), np.float64(0.68359375), np.float64(0.68359375)], new_spacing: [1.5, 0.7421875, 0.7421875], fn_data: functools.partial(<function resample_data_or_seg_to_shape at 0x793587ba0220>, is_seg=False, order=3, order_z=0, force_separate_z=None)
None
old shape: (102, 213, 388), new_shape: [ 68 228 416], old_spacing: [np.float64(1.0), np.float64(0.794921875), np.float64(0.794921875)], new_spacing: [1.5, 0.7421875, 0.7421875], fn_data: functools.partial(<function resample_data_or_seg_to_shape at 0x793587ba0220>, is_seg=False, order=3, order_z=0, force_separate_z=None)
None
old shape: (41, 244, 472), new_shape: [ 82 211 409], old_spacing: [np.float64(3.0), np.float64(0.642578125), np.float64(0.642578125)], new_spacing: [1.5, 0.7421875, 0.7421875], fn_data: functools.partial(<function resample_data_or_seg_to_shape at 0x793587ba0220>, is_seg=False, order=3, order_z=0, force_separate_z=None)
None
old shape: (35, 253, 447), new_shape: [ 70 250 441], old_spacing: [np.float64(2.999999761581421), np.float64(0.732421875), np.float64(0.732421875)], new_spacing: [1.5, 0.7421875, 0.7421875], fn_data: functools.partial(<function resample_data_or_seg_to_shape at 0x793587ba0220>, is_seg=False, order=3, order_z=0, force_separate_z=None)
None
old shape: (53, 171, 353), new_shape: [ 71 206 425], old_spacing: [np.float64(2.0), np.float64(0.892578125), np.float64(0.892578125)], new_spacing: [1.5, 0.7421875, 0.7421875], fn_data: functools.partial(<function resample_data_or_seg_to_shape at 0x793587ba0220>, is_seg=False, order=3, order_z=0, force_separate_z=None)
None
old shape: (100, 270, 454), new_shape: [ 67 226 380], old_spacing: [np.float64(1.0), np.float64(0.62109375), np.float64(0.62109375)], new_spacing: [1.5, 0.7421875, 0.7421875], fn_data: functools.partial(<function resample_data_or_seg_to_shape at 0x793587ba0220>, is_seg=False, order=3, order_z=0, force_separate_z=None)
None
old shape: (127, 281, 447), new_shape: [ 85 227 361], old_spacing: [np.float64(1.0), np.float64(0.599609375), np.float64(0.599609375)], new_spacing: [1.5, 0.7421875, 0.7421875], fn_data: functools.partial(<function resample_data_or_seg_to_shape at 0x793587ba0220>, is_seg=False, order=3, order_z=0, force_separate_z=None)
None
old shape: (47, 306, 420), new_shape: [ 63 297 408], old_spacing: [np.float64(2.0), np.float64(0.720703125), np.float64(0.720703125)], new_spacing: [1.5, 0.7421875, 0.7421875], fn_data: functools.partial(<function resample_data_or_seg_to_shape at 0x793587ba0220>, is_seg=False, order=3, order_z=0, force_separate_z=None)
None
old shape: (57, 210, 408), new_shape: [ 76 224 435], old_spacing: [np.float64(2.0), np.float64(0.791015625), np.float64(0.791015625)], new_spacing: [1.5, 0.7421875, 0.7421875], fn_data: functools.partial(<function resample_data_or_seg_to_shape at 0x793587ba0220>, is_seg=False, order=3, order_z=0, force_separate_z=None)
None
old shape: (78, 242, 411), new_shape: [104 231 393], old_spacing: [np.float64(2.0), np.float64(0.708984375), np.float64(0.708984375)], new_spacing: [1.5, 0.7421875, 0.7421875], fn_data: functools.partial(<function resample_data_or_seg_to_shape at 0x793587ba0220>, is_seg=False, order=3, order_z=0, force_separate_z=None)
None
old shape: (32, 230, 451), new_shape: [ 64 212 415], old_spacing: [np.float64(3.0), np.float64(0.68359375), np.float64(0.68359375)], new_spacing: [1.5, 0.7421875, 0.7421875], fn_data: functools.partial(<function resample_data_or_seg_to_shape at 0x793587ba0220>, is_seg=False, order=3, order_z=0, force_separate_z=None)
None
old shape: (36, 258, 462), new_shape: [ 72 230 412], old_spacing: [np.float64(3.0), np.float64(0.662109375), np.float64(0.662109375)], new_spacing: [1.5, 0.7421875, 0.7421875], fn_data: functools.partial(<function resample_data_or_seg_to_shape at 0x793587ba0220>, is_seg=False, order=3, order_z=0, force_separate_z=None)
None
old shape: (33, 172, 355), new_shape: [ 66 202 417], old_spacing: [np.float64(3.0), np.float64(0.87109375), np.float64(0.87109375)], new_spacing: [1.5, 0.7421875, 0.7421875], fn_data: functools.partial(<function resample_data_or_seg_to_shape at 0x793587ba0220>, is_seg=False, order=3, order_z=0, force_separate_z=None)
None
old shape: (55, 223, 454), new_shape: [ 73 215 437], old_spacing: [np.float64(2.0), np.float64(0.71484375), np.float64(0.71484375)], new_spacing: [1.5, 0.7421875, 0.7421875], fn_data: functools.partial(<function resample_data_or_seg_to_shape at 0x793587ba0220>, is_seg=False, order=3, order_z=0, force_separate_z=None)
None
old shape: (73, 263, 456), new_shape: [ 97 242 420], old_spacing: [np.float64(2.0), np.float64(0.68359375), np.float64(0.68359375)], new_spacing: [1.5, 0.7421875, 0.7421875], fn_data: functools.partial(<function resample_data_or_seg_to_shape at 0x793587ba0220>, is_seg=False, order=3, order_z=0, force_separate_z=None)
None
old shape: (124, 279, 481), new_shape: [ 83 263 453], old_spacing: [np.float64(1.0), np.float64(0.69921875), np.float64(0.69921875)], new_spacing: [1.5, 0.7421875, 0.7421875], fn_data: functools.partial(<function resample_data_or_seg_to_shape at 0x793587ba0220>, is_seg=False, order=3, order_z=0, force_separate_z=None)
None
old shape: (115, 285, 456), new_shape: [ 77 260 416], old_spacing: [np.float64(1.0), np.float64(0.677734375), np.float64(0.677734375)], new_spacing: [1.5, 0.7421875, 0.7421875], fn_data: functools.partial(<function resample_data_or_seg_to_shape at 0x793587ba0220>, is_seg=False, order=3, order_z=0, force_separate_z=None)
None
old shape: (126, 271, 445), new_shape: [ 84 250 410], old_spacing: [np.float64(1.0), np.float64(0.68359375), np.float64(0.68359375)], new_spacing: [1.5, 0.7421875, 0.7421875], fn_data: functools.partial(<function resample_data_or_seg_to_shape at 0x793587ba0220>, is_seg=False, order=3, order_z=0, force_separate_z=None)
None
old shape: (27, 238, 461), new_shape: [ 72 219 425], old_spacing: [np.float64(4.0), np.float64(0.68359375), np.float64(0.68359375)], new_spacing: [1.5, 0.7421875, 0.7421875], fn_data: functools.partial(<function resample_data_or_seg_to_shape at 0x793587ba0220>, is_seg=False, order=3, order_z=0, force_separate_z=None)
None
old shape: (112, 249, 457), new_shape: [ 75 244 447], old_spacing: [np.float64(1.0), np.float64(0.7265625), np.float64(0.7265625)], new_spacing: [1.5, 0.7421875, 0.7421875], fn_data: functools.partial(<function resample_data_or_seg_to_shape at 0x793587ba0220>, is_seg=False, order=3, order_z=0, force_separate_z=None)
None
old shape: (22, 207, 460), new_shape: [ 73 205 455], old_spacing: [np.float64(5.0), np.float64(0.734375), np.float64(0.734375)], new_spacing: [1.5, 0.7421875, 0.7421875], fn_data: functools.partial(<function resample_data_or_seg_to_shape at 0x793587ba0220>, is_seg=False, order=3, order_z=0, force_separate_z=None)
None
old shape: (55, 237, 432), new_shape: [ 73 200 365], old_spacing: [np.float64(2.0), np.float64(0.626953125), np.float64(0.626953125)], new_spacing: [1.5, 0.7421875, 0.7421875], fn_data: functools.partial(<function resample_data_or_seg_to_shape at 0x793587ba0220>, is_seg=False, order=3, order_z=0, force_separate_z=None)
None
old shape: (22, 209, 409), new_shape: [ 73 220 431], old_spacing: [np.float64(5.0), np.float64(0.78125), np.float64(0.78125)], new_spacing: [1.5, 0.7421875, 0.7421875], fn_data: functools.partial(<function resample_data_or_seg_to_shape at 0x793587ba0220>, is_seg=False, order=3, order_z=0, force_separate_z=None)
None
old shape: (24, 247, 408), new_shape: [ 80 259 428], old_spacing: [np.float64(5.0), np.float64(0.779296875), np.float64(0.779296875)], new_spacing: [1.5, 0.7421875, 0.7421875], fn_data: functools.partial(<function resample_data_or_seg_to_shape at 0x793587ba0220>, is_seg=False, order=3, order_z=0, force_separate_z=None)
None
old shape: (39, 285, 439), new_shape: [ 78 252 388], old_spacing: [np.float64(3.000000238418579), np.float64(0.65625), np.float64(0.65625)], new_spacing: [1.5, 0.7421875, 0.7421875], fn_data: functools.partial(<function resample_data_or_seg_to_shape at 0x793587ba0220>, is_seg=False, order=3, order_z=0, force_separate_z=None)
None
old shape: (142, 255, 424), new_shape: [ 95 231 384], old_spacing: [np.float64(1.0), np.float64(0.671875), np.float64(0.671875)], new_spacing: [1.5, 0.7421875, 0.7421875], fn_data: functools.partial(<function resample_data_or_seg_to_shape at 0x793587ba0220>, is_seg=False, order=3, order_z=0, force_separate_z=None)
None
old shape: (26, 190, 376), new_shape: [ 69 210 416], old_spacing: [np.float64(4.0), np.float64(0.8203125), np.float64(0.8203125)], new_spacing: [1.5, 0.7421875, 0.7421875], fn_data: functools.partial(<function resample_data_or_seg_to_shape at 0x793587ba0220>, is_seg=False, order=3, order_z=0, force_separate_z=None)
None
old shape: (59, 185, 370), new_shape: [ 79 217 434], old_spacing: [np.float64(2.0), np.float64(0.87109375), np.float64(0.87109375)], new_spacing: [1.5, 0.7421875, 0.7421875], fn_data: functools.partial(<function resample_data_or_seg_to_shape at 0x793587ba0220>, is_seg=False, order=3, order_z=0, force_separate_z=None)
None
old shape: (40, 226, 417), new_shape: [ 80 230 425], old_spacing: [np.float64(3.0), np.float64(0.755859375), np.float64(0.755859375)], new_spacing: [1.5, 0.7421875, 0.7421875], fn_data: functools.partial(<function resample_data_or_seg_to_shape at 0x793587ba0220>, is_seg=False, order=3, order_z=0, force_separate_z=None)
None
old shape: (113, 207, 403), new_shape: [ 75 215 418], old_spacing: [np.float64(1.0), np.float64(0.76953125), np.float64(0.76953125)], new_spacing: [1.5, 0.7421875, 0.7421875], fn_data: functools.partial(<function resample_data_or_seg_to_shape at 0x793587ba0220>, is_seg=False, order=3, order_z=0, force_separate_z=None)
None
old shape: (205, 219, 354), new_shape: [ 68 253 409], old_spacing: [np.float64(0.49940547347068787), np.float64(0.857421875), np.float64(0.857421875)], new_spacing: [1.5, 0.7421875, 0.7421875], fn_data: functools.partial(<function resample_data_or_seg_to_shape at 0x793587ba0220>, is_seg=False, order=3, order_z=0, force_separate_z=None)
None
old shape: (138, 236, 448), new_shape: [ 74 235 446], old_spacing: [np.float64(0.800000011920929), np.float64(0.73828125), np.float64(0.73828125)], new_spacing: [1.5, 0.7421875, 0.7421875], fn_data: functools.partial(<function resample_data_or_seg_to_shape at 0x793587ba0220>, is_seg=False, order=3, order_z=0, force_separate_z=None)
None
old shape: (34, 211, 392), new_shape: [ 68 200 371], old_spacing: [np.float64(3.0), np.float64(0.703125), np.float64(0.703125)], new_spacing: [1.5, 0.7421875, 0.7421875], fn_data: functools.partial(<function resample_data_or_seg_to_shape at 0x793587ba0220>, is_seg=False, order=3, order_z=0, force_separate_z=None)
None
old shape: (58, 234, 408), new_shape: [ 77 248 433], old_spacing: [np.float64(2.0), np.float64(0.787109375), np.float64(0.787109375)], new_spacing: [1.5, 0.7421875, 0.7421875], fn_data: functools.partial(<function resample_data_or_seg_to_shape at 0x793587ba0220>, is_seg=False, order=3, order_z=0, force_separate_z=None)
None
old shape: (108, 239, 424), new_shape: [ 72 235 417], old_spacing: [np.float64(1.0), np.float64(0.73046875), np.float64(0.73046875)], new_spacing: [1.5, 0.7421875, 0.7421875], fn_data: functools.partial(<function resample_data_or_seg_to_shape at 0x793587ba0220>, is_seg=False, order=3, order_z=0, force_separate_z=None)
None
old shape: (80, 199, 386), new_shape: [ 80 216 420], old_spacing: [np.float64(1.5), np.float64(0.806640625), np.float64(0.806640625)], new_spacing: [1.5, 0.7421875, 0.7421875], fn_data: functools.partial(<function resample_data_or_seg_to_shape at 0x793587ba0220>, is_seg=False, order=3, order_z=0, force_separate_z=None)
None
old shape: (99, 168, 365), new_shape: [ 66 199 431], old_spacing: [np.float64(1.0), np.float64(0.876953125), np.float64(0.876953125)], new_spacing: [1.5, 0.7421875, 0.7421875], fn_data: functools.partial(<function resample_data_or_seg_to_shape at 0x793587ba0220>, is_seg=False, order=3, order_z=0, force_separate_z=None)
None
old shape: (40, 256, 450), new_shape: [ 80 255 449], old_spacing: [np.float64(3.0), np.float64(0.740234375), np.float64(0.740234375)], new_spacing: [1.5, 0.7421875, 0.7421875], fn_data: functools.partial(<function resample_data_or_seg_to_shape at 0x793587ba0220>, is_seg=False, order=3, order_z=0, force_separate_z=None)
None
old shape: (119, 225, 392), new_shape: [ 79 252 438], old_spacing: [np.float64(1.0), np.float64(0.830078125), np.float64(0.830078125)], new_spacing: [1.5, 0.7421875, 0.7421875], fn_data: functools.partial(<function resample_data_or_seg_to_shape at 0x793587ba0220>, is_seg=False, order=3, order_z=0, force_separate_z=None)
None
old shape: (20, 254, 420), new_shape: [ 67 248 410], old_spacing: [np.float64(5.0), np.float64(0.724609375), np.float64(0.724609375)], new_spacing: [1.5, 0.7421875, 0.7421875], fn_data: functools.partial(<function resample_data_or_seg_to_shape at 0x793587ba0220>, is_seg=False, order=3, order_z=0, force_separate_z=None)
None
old shape: (111, 213, 415), new_shape: [ 74 221 430], old_spacing: [np.float64(1.0), np.float64(0.76953125), np.float64(0.76953125)], new_spacing: [1.5, 0.7421875, 0.7421875], fn_data: functools.partial(<function resample_data_or_seg_to_shape at 0x793587ba0220>, is_seg=False, order=3, order_z=0, force_separate_z=None)
None
old shape: (278, 215, 413), new_shape: [ 83 237 455], old_spacing: [np.float64(0.44999998807907104), np.float64(0.818359375), np.float64(0.818359375)], new_spacing: [1.5, 0.7421875, 0.7421875], fn_data: functools.partial(<function resample_data_or_seg_to_shape at 0x793587ba0220>, is_seg=False, order=3, order_z=0, force_separate_z=None)
None
old shape: (57, 317, 446), new_shape: [ 76 263 370], old_spacing: [np.float64(2.0), np.float64(0.615234375), np.float64(0.615234375)], new_spacing: [1.5, 0.7421875, 0.7421875], fn_data: functools.partial(<function resample_data_or_seg_to_shape at 0x793587ba0220>, is_seg=False, order=3, order_z=0, force_separate_z=None)
None
old shape: (21, 262, 424), new_shape: [ 70 245 397], old_spacing: [np.float64(5.0), np.float64(0.6953125), np.float64(0.6953125)], new_spacing: [1.5, 0.7421875, 0.7421875], fn_data: functools.partial(<function resample_data_or_seg_to_shape at 0x793587ba0220>, is_seg=False, order=3, order_z=0, force_separate_z=None)
None
old shape: (120, 218, 394), new_shape: [ 80 245 443], old_spacing: [np.float64(1.0), np.float64(0.833984375), np.float64(0.833984375)], new_spacing: [1.5, 0.7421875, 0.7421875], fn_data: functools.partial(<function resample_data_or_seg_to_shape at 0x793587ba0220>, is_seg=False, order=3, order_z=0, force_separate_z=None)
None
old shape: (121, 198, 369), new_shape: [ 81 224 418], old_spacing: [np.float64(1.0), np.float64(0.83984375), np.float64(0.83984375)], new_spacing: [1.5, 0.7421875, 0.7421875], fn_data: functools.partial(<function resample_data_or_seg_to_shape at 0x793587ba0220>, is_seg=False, order=3, order_z=0, force_separate_z=None)
None
old shape: (36, 248, 463), new_shape: [ 72 230 429], old_spacing: [np.float64(3.0), np.float64(0.6875), np.float64(0.6875)], new_spacing: [1.5, 0.7421875, 0.7421875], fn_data: functools.partial(<function resample_data_or_seg_to_shape at 0x793587ba0220>, is_seg=False, order=3, order_z=0, force_separate_z=None)
None
old shape: (120, 248, 447), new_shape: [ 80 232 418], old_spacing: [np.float64(1.0), np.float64(0.693359375), np.float64(0.693359375)], new_spacing: [1.5, 0.7421875, 0.7421875], fn_data: functools.partial(<function resample_data_or_seg_to_shape at 0x793587ba0220>, is_seg=False, order=3, order_z=0, force_separate_z=None)
None
old shape: (129, 226, 403), new_shape: [ 86 217 387], old_spacing: [np.float64(1.0), np.float64(0.712890625), np.float64(0.712890625)], new_spacing: [1.5, 0.7421875, 0.7421875], fn_data: functools.partial(<function resample_data_or_seg_to_shape at 0x793587ba0220>, is_seg=False, order=3, order_z=0, force_separate_z=None)
None
old shape: (56, 209, 346), new_shape: [ 75 255 422], old_spacing: [np.float64(2.0), np.float64(0.904296875), np.float64(0.904296875)], new_spacing: [1.5, 0.7421875, 0.7421875], fn_data: functools.partial(<function resample_data_or_seg_to_shape at 0x793587ba0220>, is_seg=False, order=3, order_z=0, force_separate_z=None)
None
old shape: (24, 264, 445), new_shape: [ 80 243 410], old_spacing: [np.float64(5.0), np.float64(0.68359375), np.float64(0.68359375)], new_spacing: [1.5, 0.7421875, 0.7421875], fn_data: functools.partial(<function resample_data_or_seg_to_shape at 0x793587ba0220>, is_seg=False, order=3, order_z=0, force_separate_z=None)
None
old shape: (57, 222, 413), new_shape: [ 76 237 440], old_spacing: [np.float64(2.0), np.float64(0.791015625), np.float64(0.791015625)], new_spacing: [1.5, 0.7421875, 0.7421875], fn_data: functools.partial(<function resample_data_or_seg_to_shape at 0x793587ba0220>, is_seg=False, order=3, order_z=0, force_separate_z=None)
None
old shape: (112, 320, 483), new_shape: [ 75 234 353], old_spacing: [np.float64(1.0), np.float64(0.54296875), np.float64(0.54296875)], new_spacing: [1.5, 0.7421875, 0.7421875], fn_data: functools.partial(<function resample_data_or_seg_to_shape at 0x793587ba0220>, is_seg=False, order=3, order_z=0, force_separate_z=None)
None
old shape: (49, 260, 472), new_shape: [ 65 231 419], old_spacing: [np.float64(2.0), np.float64(0.658203125), np.float64(0.658203125)], new_spacing: [1.5, 0.7421875, 0.7421875], fn_data: functools.partial(<function resample_data_or_seg_to_shape at 0x793587ba0220>, is_seg=False, order=3, order_z=0, force_separate_z=None)
None
old shape: (36, 232, 416), new_shape: [ 72 227 407], old_spacing: [np.float64(3.0), np.float64(0.7265625), np.float64(0.7265625)], new_spacing: [1.5, 0.7421875, 0.7421875], fn_data: functools.partial(<function resample_data_or_seg_to_shape at 0x793587ba0220>, is_seg=False, order=3, order_z=0, force_separate_z=None)
None
old shape: (103, 238, 446), new_shape: [ 69 233 437], old_spacing: [np.float64(1.0), np.float64(0.7265625), np.float64(0.7265625)], new_spacing: [1.5, 0.7421875, 0.7421875], fn_data: functools.partial(<function resample_data_or_seg_to_shape at 0x793587ba0220>, is_seg=False, order=3, order_z=0, force_separate_z=None)
None
old shape: (134, 229, 420), new_shape: [ 71 219 402], old_spacing: [np.float64(0.800000011920929), np.float64(0.7109375), np.float64(0.7109375)], new_spacing: [1.5, 0.7421875, 0.7421875], fn_data: functools.partial(<function resample_data_or_seg_to_shape at 0x793587ba0220>, is_seg=False, order=3, order_z=0, force_separate_z=None)
None
old shape: (32, 293, 385), new_shape: [ 81 281 369], old_spacing: [np.float64(3.7832517623901367), np.float64(0.7109375), np.float64(0.7109375)], new_spacing: [1.5, 0.7421875, 0.7421875], fn_data: functools.partial(<function resample_data_or_seg_to_shape at 0x793587ba0220>, is_seg=False, order=3, order_z=0, force_separate_z=None)
None
old shape: (44, 226, 466), new_shape: [ 88 216 445], old_spacing: [np.float64(3.0), np.float64(0.708984375), np.float64(0.708984375)], new_spacing: [1.5, 0.7421875, 0.7421875], fn_data: functools.partial(<function resample_data_or_seg_to_shape at 0x793587ba0220>, is_seg=False, order=3, order_z=0, force_separate_z=None)
None
old shape: (99, 281, 442), new_shape: [ 66 263 414], old_spacing: [np.float64(1.0), np.float64(0.6953125), np.float64(0.6953125)], new_spacing: [1.5, 0.7421875, 0.7421875], fn_data: functools.partial(<function resample_data_or_seg_to_shape at 0x793587ba0220>, is_seg=False, order=3, order_z=0, force_separate_z=None)
None
old shape: (35, 268, 439), new_shape: [ 70 251 411], old_spacing: [np.float64(3.0), np.float64(0.6953125), np.float64(0.6953125)], new_spacing: [1.5, 0.7421875, 0.7421875], fn_data: functools.partial(<function resample_data_or_seg_to_shape at 0x793587ba0220>, is_seg=False, order=3, order_z=0, force_separate_z=None)
None
old shape: (40, 295, 474), new_shape: [ 80 238 383], old_spacing: [np.float64(3.0), np.float64(0.599609375), np.float64(0.599609375)], new_spacing: [1.5, 0.7421875, 0.7421875], fn_data: functools.partial(<function resample_data_or_seg_to_shape at 0x793587ba0220>, is_seg=False, order=3, order_z=0, force_separate_z=None)
None
old shape: (36, 206, 392), new_shape: [ 72 190 361], old_spacing: [np.float64(3.0), np.float64(0.68359375), np.float64(0.68359375)], new_spacing: [1.5, 0.7421875, 0.7421875], fn_data: functools.partial(<function resample_data_or_seg_to_shape at 0x793587ba0220>, is_seg=False, order=3, order_z=0, force_separate_z=None)
None
old shape: (121, 208, 446), new_shape: [ 81 219 469], old_spacing: [np.float64(1.0), np.float64(0.78125), np.float64(0.78125)], new_spacing: [1.5, 0.7421875, 0.7421875], fn_data: functools.partial(<function resample_data_or_seg_to_shape at 0x793587ba0220>, is_seg=False, order=3, order_z=0, force_separate_z=None)
None
old shape: (33, 179, 345), new_shape: [ 66 227 437], old_spacing: [np.float64(3.0), np.float64(0.939453125), np.float64(0.939453125)], new_spacing: [1.5, 0.7421875, 0.7421875], fn_data: functools.partial(<function resample_data_or_seg_to_shape at 0x793587ba0220>, is_seg=False, order=3, order_z=0, force_separate_z=None)
None
old shape: (149, 203, 336), new_shape: [ 79 240 398], old_spacing: [np.float64(0.800000011920929), np.float64(0.87890625), np.float64(0.87890625)], new_spacing: [1.5, 0.7421875, 0.7421875], fn_data: functools.partial(<function resample_data_or_seg_to_shape at 0x793587ba0220>, is_seg=False, order=3, order_z=0, force_separate_z=None)
None
old shape: (96, 249, 447), new_shape: [ 64 229 412], old_spacing: [np.float64(1.0), np.float64(0.68359375), np.float64(0.68359375)], new_spacing: [1.5, 0.7421875, 0.7421875], fn_data: functools.partial(<function resample_data_or_seg_to_shape at 0x793587ba0220>, is_seg=False, order=3, order_z=0, force_separate_z=None)
None
old shape: (109, 240, 445), new_shape: [ 73 229 424], old_spacing: [np.float64(1.0), np.float64(0.70703125), np.float64(0.70703125)], new_spacing: [1.5, 0.7421875, 0.7421875], fn_data: functools.partial(<function resample_data_or_seg_to_shape at 0x793587ba0220>, is_seg=False, order=3, order_z=0, force_separate_z=None)
None
old shape: (35, 268, 486), new_shape: [ 70 242 439], old_spacing: [np.float64(3.0), np.float64(0.669921875), np.float64(0.669921875)], new_spacing: [1.5, 0.7421875, 0.7421875], fn_data: functools.partial(<function resample_data_or_seg_to_shape at 0x793587ba0220>, is_seg=False, order=3, order_z=0, force_separate_z=None)
None
old shape: (144, 319, 462), new_shape: [ 72 243 351], old_spacing: [np.float64(0.75), np.float64(0.564453125), np.float64(0.564453125)], new_spacing: [1.5, 0.7421875, 0.7421875], fn_data: functools.partial(<function resample_data_or_seg_to_shape at 0x793587ba0220>, is_seg=False, order=3, order_z=0, force_separate_z=None)
None
old shape: (21, 283, 434), new_shape: [ 70 263 403], old_spacing: [np.float64(5.0), np.float64(0.689453125), np.float64(0.689453125)], new_spacing: [1.5, 0.7421875, 0.7421875], fn_data: functools.partial(<function resample_data_or_seg_to_shape at 0x793587ba0220>, is_seg=False, order=3, order_z=0, force_separate_z=None)
None
old shape: (113, 212, 376), new_shape: [ 75 218 386], old_spacing: [np.float64(1.0), np.float64(0.76171875), np.float64(0.76171875)], new_spacing: [1.5, 0.7421875, 0.7421875], fn_data: functools.partial(<function resample_data_or_seg_to_shape at 0x793587ba0220>, is_seg=False, order=3, order_z=0, force_separate_z=None)
None
old shape: (152, 300, 498), new_shape: [ 76 242 402], old_spacing: [np.float64(0.75), np.float64(0.599609375), np.float64(0.599609375)], new_spacing: [1.5, 0.7421875, 0.7421875], fn_data: functools.partial(<function resample_data_or_seg_to_shape at 0x793587ba0220>, is_seg=False, order=3, order_z=0, force_separate_z=None)
None
old shape: (60, 216, 404), new_shape: [ 80 213 399], old_spacing: [np.float64(2.0), np.float64(0.732421875), np.float64(0.732421875)], new_spacing: [1.5, 0.7421875, 0.7421875], fn_data: functools.partial(<function resample_data_or_seg_to_shape at 0x793587ba0220>, is_seg=False, order=3, order_z=0, force_separate_z=None)
None
old shape: (23, 234, 433), new_shape: [ 77 233 431], old_spacing: [np.float64(5.0), np.float64(0.73828125), np.float64(0.73828125)], new_spacing: [1.5, 0.7421875, 0.7421875], fn_data: functools.partial(<function resample_data_or_seg_to_shape at 0x793587ba0220>, is_seg=False, order=3, order_z=0, force_separate_z=None)
None
old shape: (109, 223, 447), new_shape: [ 73 205 412], old_spacing: [np.float64(1.0), np.float64(0.68359375), np.float64(0.68359375)], new_spacing: [1.5, 0.7421875, 0.7421875], fn_data: functools.partial(<function resample_data_or_seg_to_shape at 0x793587ba0220>, is_seg=False, order=3, order_z=0, force_separate_z=None)
None
old shape: (30, 251, 441), new_shape: [ 80 231 406], old_spacing: [np.float64(4.0), np.float64(0.68359375), np.float64(0.68359375)], new_spacing: [1.5, 0.7421875, 0.7421875], fn_data: functools.partial(<function resample_data_or_seg_to_shape at 0x793587ba0220>, is_seg=False, order=3, order_z=0, force_separate_z=None)
None
old shape: (22, 201, 436), new_shape: [ 73 207 449], old_spacing: [np.float64(5.0), np.float64(0.763671875), np.float64(0.763671875)], new_spacing: [1.5, 0.7421875, 0.7421875], fn_data: functools.partial(<function resample_data_or_seg_to_shape at 0x793587ba0220>, is_seg=False, order=3, order_z=0, force_separate_z=None)
None
old shape: (108, 256, 446), new_shape: [ 72 251 438], old_spacing: [np.float64(1.0), np.float64(0.728515625), np.float64(0.728515625)], new_spacing: [1.5, 0.7421875, 0.7421875], fn_data: functools.partial(<function resample_data_or_seg_to_shape at 0x793587ba0220>, is_seg=False, order=3, order_z=0, force_separate_z=None)
None
old shape: (54, 195, 382), new_shape: [ 72 229 448], old_spacing: [np.float64(2.0), np.float64(0.87109375), np.float64(0.87109375)], new_spacing: [1.5, 0.7421875, 0.7421875], fn_data: functools.partial(<function resample_data_or_seg_to_shape at 0x793587ba0220>, is_seg=False, order=3, order_z=0, force_separate_z=None)
None
old shape: (21, 287, 461), new_shape: [ 70 244 392], old_spacing: [np.float64(5.0), np.float64(0.630859375), np.float64(0.630859375)], new_spacing: [1.5, 0.7421875, 0.7421875], fn_data: functools.partial(<function resample_data_or_seg_to_shape at 0x793587ba0220>, is_seg=False, order=3, order_z=0, force_separate_z=None)
None
old shape: (69, 235, 444), new_shape: [ 92 231 436], old_spacing: [np.float64(2.0), np.float64(0.728515625), np.float64(0.728515625)], new_spacing: [1.5, 0.7421875, 0.7421875], fn_data: functools.partial(<function resample_data_or_seg_to_shape at 0x793587ba0220>, is_seg=False, order=3, order_z=0, force_separate_z=None)
None
old shape: (28, 217, 419), new_shape: [ 93 212 409], old_spacing: [np.float64(5.0), np.float64(0.724609375), np.float64(0.724609375)], new_spacing: [1.5, 0.7421875, 0.7421875], fn_data: functools.partial(<function resample_data_or_seg_to_shape at 0x793587ba0220>, is_seg=False, order=3, order_z=0, force_separate_z=None)
None
old shape: (122, 239, 455), new_shape: [ 81 236 450], old_spacing: [np.float64(1.0), np.float64(0.734375), np.float64(0.734375)], new_spacing: [1.5, 0.7421875, 0.7421875], fn_data: functools.partial(<function resample_data_or_seg_to_shape at 0x793587ba0220>, is_seg=False, order=3, order_z=0, force_separate_z=None)
None
old shape: (131, 219, 423), new_shape: [ 87 225 434], old_spacing: [np.float64(1.0), np.float64(0.76171875), np.float64(0.76171875)], new_spacing: [1.5, 0.7421875, 0.7421875], fn_data: functools.partial(<function resample_data_or_seg_to_shape at 0x793587ba0220>, is_seg=False, order=3, order_z=0, force_separate_z=None)
None
old shape: (57, 225, 424), new_shape: [ 38 206 388], old_spacing: [np.float64(1.0), np.float64(0.6796875), np.float64(0.6796875)], new_spacing: [1.5, 0.7421875, 0.7421875], fn_data: functools.partial(<function resample_data_or_seg_to_shape at 0x793587ba0220>, is_seg=False, order=3, order_z=0, force_separate_z=None)
None
old shape: (91, 206, 418), new_shape: [ 61 203 411], old_spacing: [np.float64(1.0), np.float64(0.73046875), np.float64(0.73046875)], new_spacing: [1.5, 0.7421875, 0.7421875], fn_data: functools.partial(<function resample_data_or_seg_to_shape at 0x793587ba0220>, is_seg=False, order=3, order_z=0, force_separate_z=None)
None
old shape: (292, 272, 408), new_shape: [ 88 246 369], old_spacing: [np.float64(0.449951171875), np.float64(0.671875), np.float64(0.671875)], new_spacing: [1.5, 0.7421875, 0.7421875], fn_data: functools.partial(<function resample_data_or_seg_to_shape at 0x793587ba0220>, is_seg=False, order=3, order_z=0, force_separate_z=None)
None
old shape: (327, 221, 397), new_shape: [ 98 270 485], old_spacing: [np.float64(0.44999998807907104), np.float64(0.90625), np.float64(0.90625)], new_spacing: [1.5, 0.7421875, 0.7421875], fn_data: functools.partial(<function resample_data_or_seg_to_shape at 0x793587ba0220>, is_seg=False, order=3, order_z=0, force_separate_z=None)
None
old shape: (60, 222, 434), new_shape: [ 80 230 450], old_spacing: [np.float64(2.0), np.float64(0.76953125), np.float64(0.76953125)], new_spacing: [1.5, 0.7421875, 0.7421875], fn_data: functools.partial(<function resample_data_or_seg_to_shape at 0x793587ba0220>, is_seg=False, order=3, order_z=0, force_separate_z=None)
None
old shape: (133, 307, 413), new_shape: [ 89 272 366], old_spacing: [np.float64(1.0), np.float64(0.658203125), np.float64(0.658203125)], new_spacing: [1.5, 0.7421875, 0.7421875], fn_data: functools.partial(<function resample_data_or_seg_to_shape at 0x793587ba0220>, is_seg=False, order=3, order_z=0, force_separate_z=None)
None
old shape: (236, 245, 435), new_shape: [ 71 226 401], old_spacing: [np.float64(0.449981689453125), np.float64(0.68359375), np.float64(0.68359375)], new_spacing: [1.5, 0.7421875, 0.7421875], fn_data: functools.partial(<function resample_data_or_seg_to_shape at 0x793587ba0220>, is_seg=False, order=3, order_z=0, force_separate_z=None)
None
old shape: (40, 273, 433), new_shape: [ 80 266 422], old_spacing: [np.float64(2.999955654144287), np.float64(0.72265625), np.float64(0.72265625)], new_spacing: [1.5, 0.7421875, 0.7421875], fn_data: functools.partial(<function resample_data_or_seg_to_shape at 0x793587ba0220>, is_seg=False, order=3, order_z=0, force_separate_z=None)
None
old shape: (43, 258, 465), new_shape: [ 86 234 421], old_spacing: [np.float64(3.0), np.float64(0.671875), np.float64(0.671875)], new_spacing: [1.5, 0.7421875, 0.7421875], fn_data: functools.partial(<function resample_data_or_seg_to_shape at 0x793587ba0220>, is_seg=False, order=3, order_z=0, force_separate_z=None)
None
old shape: (38, 227, 457), new_shape: [ 76 223 450], old_spacing: [np.float64(3.0), np.float64(0.73046875), np.float64(0.73046875)], new_spacing: [1.5, 0.7421875, 0.7421875], fn_data: functools.partial(<function resample_data_or_seg_to_shape at 0x793587ba0220>, is_seg=False, order=3, order_z=0, force_separate_z=None)
None
old shape: (36, 306, 415), new_shape: [ 72 285 387], old_spacing: [np.float64(3.0), np.float64(0.69140625), np.float64(0.69140625)], new_spacing: [1.5, 0.7421875, 0.7421875], fn_data: functools.partial(<function resample_data_or_seg_to_shape at 0x793587ba0220>, is_seg=False, order=3, order_z=0, force_separate_z=None)
None
old shape: (131, 259, 367), new_shape: [ 87 272 385], old_spacing: [np.float64(1.0), np.float64(0.779296875), np.float64(0.779296875)], new_spacing: [1.5, 0.7421875, 0.7421875], fn_data: functools.partial(<function resample_data_or_seg_to_shape at 0x793587ba0220>, is_seg=False, order=3, order_z=0, force_separate_z=None)
None
old shape: (124, 212, 436), new_shape: [ 83 220 453], old_spacing: [np.float64(1.0), np.float64(0.771484375), np.float64(0.771484375)], new_spacing: [1.5, 0.7421875, 0.7421875], fn_data: functools.partial(<function resample_data_or_seg_to_shape at 0x793587ba0220>, is_seg=False, order=3, order_z=0, force_separate_z=None)
None
old shape: (24, 247, 465), new_shape: [ 80 228 428], old_spacing: [np.float64(5.0), np.float64(0.68359375), np.float64(0.68359375)], new_spacing: [1.5, 0.7421875, 0.7421875], fn_data: functools.partial(<function resample_data_or_seg_to_shape at 0x793587ba0220>, is_seg=False, order=3, order_z=0, force_separate_z=None)
None
old shape: (135, 235, 445), new_shape: [ 72 228 432], old_spacing: [np.float64(0.800000011920929), np.float64(0.720703125), np.float64(0.720703125)], new_spacing: [1.5, 0.7421875, 0.7421875], fn_data: functools.partial(<function resample_data_or_seg_to_shape at 0x793587ba0220>, is_seg=False, order=3, order_z=0, force_separate_z=None)
None
old shape: (52, 255, 448), new_shape: [ 69 227 400], old_spacing: [np.float64(2.0), np.float64(0.662109375), np.float64(0.662109375)], new_spacing: [1.5, 0.7421875, 0.7421875], fn_data: functools.partial(<function resample_data_or_seg_to_shape at 0x793587ba0220>, is_seg=False, order=3, order_z=0, force_separate_z=None)
None
old shape: (55, 240, 414), new_shape: [ 73 243 418], old_spacing: [np.float64(2.0), np.float64(0.75), np.float64(0.75)], new_spacing: [1.5, 0.7421875, 0.7421875], fn_data: functools.partial(<function resample_data_or_seg_to_shape at 0x793587ba0220>, is_seg=False, order=3, order_z=0, force_separate_z=None)
None
old shape: (93, 233, 420), new_shape: [ 62 215 387], old_spacing: [np.float64(1.0), np.float64(0.68359375), np.float64(0.68359375)], new_spacing: [1.5, 0.7421875, 0.7421875], fn_data: functools.partial(<function resample_data_or_seg_to_shape at 0x793587ba0220>, is_seg=False, order=3, order_z=0, force_separate_z=None)
None
old shape: (37, 205, 413), new_shape: [ 74 218 440], old_spacing: [np.float64(3.0), np.float64(0.791015625), np.float64(0.791015625)], new_spacing: [1.5, 0.7421875, 0.7421875], fn_data: functools.partial(<function resample_data_or_seg_to_shape at 0x793587ba0220>, is_seg=False, order=3, order_z=0, force_separate_z=None)
None
old shape: (108, 204, 443), new_shape: [ 72 200 434], old_spacing: [np.float64(1.0), np.float64(0.7265625), np.float64(0.7265625)], new_spacing: [1.5, 0.7421875, 0.7421875], fn_data: functools.partial(<function resample_data_or_seg_to_shape at 0x793587ba0220>, is_seg=False, order=3, order_z=0, force_separate_z=None)
None
old shape: (24, 219, 405), new_shape: [ 80 224 415], old_spacing: [np.float64(5.0), np.float64(0.759765625), np.float64(0.759765625)], new_spacing: [1.5, 0.7421875, 0.7421875], fn_data: functools.partial(<function resample_data_or_seg_to_shape at 0x793587ba0220>, is_seg=False, order=3, order_z=0, force_separate_z=None)
None
old shape: (142, 284, 443), new_shape: [ 85 262 408], old_spacing: [np.float64(0.899979293346405), np.float64(0.68359375), np.float64(0.68359375)], new_spacing: [1.5, 0.7421875, 0.7421875], fn_data: functools.partial(<function resample_data_or_seg_to_shape at 0x793587ba0220>, is_seg=False, order=3, order_z=0, force_separate_z=None)
None
old shape: (37, 201, 424), new_shape: [ 74 185 391], old_spacing: [np.float64(3.0), np.float64(0.68359375), np.float64(0.68359375)], new_spacing: [1.5, 0.7421875, 0.7421875], fn_data: functools.partial(<function resample_data_or_seg_to_shape at 0x793587ba0220>, is_seg=False, order=3, order_z=0, force_separate_z=None)
None
old shape: (40, 224, 453), new_shape: [ 80 222 449], old_spacing: [np.float64(3.0), np.float64(0.736328125), np.float64(0.736328125)], new_spacing: [1.5, 0.7421875, 0.7421875], fn_data: functools.partial(<function resample_data_or_seg_to_shape at 0x793587ba0220>, is_seg=False, order=3, order_z=0, force_separate_z=None)
None
old shape: (105, 228, 484), new_shape: [ 70 204 433], old_spacing: [np.float64(1.0), np.float64(0.6640625), np.float64(0.6640625)], new_spacing: [1.5, 0.7421875, 0.7421875], fn_data: functools.partial(<function resample_data_or_seg_to_shape at 0x793587ba0220>, is_seg=False, order=3, order_z=0, force_separate_z=None)
None
old shape: (20, 237, 442), new_shape: [ 67 201 376], old_spacing: [np.float64(5.000000476837158), np.float64(0.630859375), np.float64(0.630859375)], new_spacing: [1.5, 0.7421875, 0.7421875], fn_data: functools.partial(<function resample_data_or_seg_to_shape at 0x793587ba0220>, is_seg=False, order=3, order_z=0, force_separate_z=None)
None
old shape: (115, 231, 396), new_shape: [ 77 226 387], old_spacing: [np.float64(1.0), np.float64(0.724609375), np.float64(0.724609375)], new_spacing: [1.5, 0.7421875, 0.7421875], fn_data: functools.partial(<function resample_data_or_seg_to_shape at 0x793587ba0220>, is_seg=False, order=3, order_z=0, force_separate_z=None)
None
old shape: (116, 244, 407), new_shape: [ 77 250 418], old_spacing: [np.float64(1.0), np.float64(0.76171875), np.float64(0.76171875)], new_spacing: [1.5, 0.7421875, 0.7421875], fn_data: functools.partial(<function resample_data_or_seg_to_shape at 0x793587ba0220>, is_seg=False, order=3, order_z=0, force_separate_z=None)
None
old shape: (58, 231, 429), new_shape: [ 77 217 403], old_spacing: [np.float64(2.0), np.float64(0.697265625), np.float64(0.697265625)], new_spacing: [1.5, 0.7421875, 0.7421875], fn_data: functools.partial(<function resample_data_or_seg_to_shape at 0x793587ba0220>, is_seg=False, order=3, order_z=0, force_separate_z=None)
None
old shape: (38, 167, 348), new_shape: [ 76 195 406], old_spacing: [np.float64(3.0), np.float64(0.865234375), np.float64(0.865234375)], new_spacing: [1.5, 0.7421875, 0.7421875], fn_data: functools.partial(<function resample_data_or_seg_to_shape at 0x793587ba0220>, is_seg=False, order=3, order_z=0, force_separate_z=None)
None
old shape: (58, 242, 444), new_shape: [ 77 261 479], old_spacing: [np.float64(2.0), np.float64(0.80078125), np.float64(0.80078125)], new_spacing: [1.5, 0.7421875, 0.7421875], fn_data: functools.partial(<function resample_data_or_seg_to_shape at 0x793587ba0220>, is_seg=False, order=3, order_z=0, force_separate_z=None)
None
old shape: (33, 175, 387), new_shape: [ 66 186 411], old_spacing: [np.float64(3.0), np.float64(0.7890625), np.float64(0.7890625)], new_spacing: [1.5, 0.7421875, 0.7421875], fn_data: functools.partial(<function resample_data_or_seg_to_shape at 0x793587ba0220>, is_seg=False, order=3, order_z=0, force_separate_z=None)
None
old shape: (70, 290, 438), new_shape: [ 70 276 417], old_spacing: [np.float64(1.5), np.float64(0.70703125), np.float64(0.70703125)], new_spacing: [1.5, 0.7421875, 0.7421875], fn_data: functools.partial(<function resample_data_or_seg_to_shape at 0x793587ba0220>, is_seg=False, order=3, order_z=0, force_separate_z=None)
None
old shape: (282, 196, 386), new_shape: [ 85 223 439], old_spacing: [np.float64(0.449981689453125), np.float64(0.84375), np.float64(0.84375)], new_spacing: [1.5, 0.7421875, 0.7421875], fn_data: functools.partial(<function resample_data_or_seg_to_shape at 0x793587ba0220>, is_seg=False, order=3, order_z=0, force_separate_z=None)
None
old shape: (24, 264, 458), new_shape: [ 80 266 462], old_spacing: [np.float64(5.0), np.float64(0.748046875), np.float64(0.748046875)], new_spacing: [1.5, 0.7421875, 0.7421875], fn_data: functools.partial(<function resample_data_or_seg_to_shape at 0x793587ba0220>, is_seg=False, order=3, order_z=0, force_separate_z=None)
None
old shape: (31, 252, 477), new_shape: [ 62 205 388], old_spacing: [np.float64(3.0), np.float64(0.603515625), np.float64(0.603515625)], new_spacing: [1.5, 0.7421875, 0.7421875], fn_data: functools.partial(<function resample_data_or_seg_to_shape at 0x793587ba0220>, is_seg=False, order=3, order_z=0, force_separate_z=None)
None
old shape: (93, 330, 507), new_shape: [ 62 243 374], old_spacing: [np.float64(1.0), np.float64(0.546875), np.float64(0.546875)], new_spacing: [1.5, 0.7421875, 0.7421875], fn_data: functools.partial(<function resample_data_or_seg_to_shape at 0x793587ba0220>, is_seg=False, order=3, order_z=0, force_separate_z=None)
None
old shape: (20, 240, 425), new_shape: [ 67 246 436], old_spacing: [np.float64(4.999999523162842), np.float64(0.76171875), np.float64(0.76171875)], new_spacing: [1.5, 0.7421875, 0.7421875], fn_data: functools.partial(<function resample_data_or_seg_to_shape at 0x793587ba0220>, is_seg=False, order=3, order_z=0, force_separate_z=None)
None
old shape: (119, 291, 468), new_shape: [ 79 268 431], old_spacing: [np.float64(1.0), np.float64(0.68359375), np.float64(0.68359375)], new_spacing: [1.5, 0.7421875, 0.7421875], fn_data: functools.partial(<function resample_data_or_seg_to_shape at 0x793587ba0220>, is_seg=False, order=3, order_z=0, force_separate_z=None)
None
old shape: (20, 235, 427), new_shape: [ 67 239 434], old_spacing: [np.float64(5.000000476837158), np.float64(0.75390625), np.float64(0.75390625)], new_spacing: [1.5, 0.7421875, 0.7421875], fn_data: functools.partial(<function resample_data_or_seg_to_shape at 0x793587ba0220>, is_seg=False, order=3, order_z=0, force_separate_z=None)
None
old shape: (117, 237, 416), new_shape: [ 78 237 416], old_spacing: [np.float64(1.0), np.float64(0.7421875), np.float64(0.7421875)], new_spacing: [1.5, 0.7421875, 0.7421875], fn_data: functools.partial(<function resample_data_or_seg_to_shape at 0x793587ba0220>, is_seg=False, order=3, order_z=0, force_separate_z=None)
None
old shape: (50, 229, 446), new_shape: [ 67 230 448], old_spacing: [np.float64(2.0), np.float64(0.74609375), np.float64(0.74609375)], new_spacing: [1.5, 0.7421875, 0.7421875], fn_data: functools.partial(<function resample_data_or_seg_to_shape at 0x793587ba0220>, is_seg=False, order=3, order_z=0, force_separate_z=None)
None
old shape: (62, 230, 419), new_shape: [ 83 222 404], old_spacing: [np.float64(2.0), np.float64(0.71484375), np.float64(0.71484375)], new_spacing: [1.5, 0.7421875, 0.7421875], fn_data: functools.partial(<function resample_data_or_seg_to_shape at 0x793587ba0220>, is_seg=False, order=3, order_z=0, force_separate_z=None)
None
old shape: (25, 226, 375), new_shape: [ 67 208 345], old_spacing: [np.float64(4.0), np.float64(0.68359375), np.float64(0.68359375)], new_spacing: [1.5, 0.7421875, 0.7421875], fn_data: functools.partial(<function resample_data_or_seg_to_shape at 0x793587ba0220>, is_seg=False, order=3, order_z=0, force_separate_z=None)
None
old shape: (89, 251, 392), new_shape: [ 59 248 387], old_spacing: [np.float64(1.0000159740447998), np.float64(0.732421875), np.float64(0.732421875)], new_spacing: [1.5, 0.7421875, 0.7421875], fn_data: functools.partial(<function resample_data_or_seg_to_shape at 0x793587ba0220>, is_seg=False, order=3, order_z=0, force_separate_z=None)
None
old shape: (24, 176, 368), new_shape: [ 64 197 413], old_spacing: [np.float64(4.0), np.float64(0.83203125), np.float64(0.83203125)], new_spacing: [1.5, 0.7421875, 0.7421875], fn_data: functools.partial(<function resample_data_or_seg_to_shape at 0x793587ba0220>, is_seg=False, order=3, order_z=0, force_separate_z=None)
None
old shape: (35, 215, 418), new_shape: [ 70 231 449], old_spacing: [np.float64(3.000000238418579), np.float64(0.796875), np.float64(0.796875)], new_spacing: [1.5, 0.7421875, 0.7421875], fn_data: functools.partial(<function resample_data_or_seg_to_shape at 0x793587ba0220>, is_seg=False, order=3, order_z=0, force_separate_z=None)
None
old shape: (130, 269, 455), new_shape: [ 87 248 419], old_spacing: [np.float64(1.0), np.float64(0.68359375), np.float64(0.68359375)], new_spacing: [1.5, 0.7421875, 0.7421875], fn_data: functools.partial(<function resample_data_or_seg_to_shape at 0x793587ba0220>, is_seg=False, order=3, order_z=0, force_separate_z=None)
None
old shape: (61, 265, 415), new_shape: [ 81 243 381], old_spacing: [np.float64(2.0), np.float64(0.681640625), np.float64(0.681640625)], new_spacing: [1.5, 0.7421875, 0.7421875], fn_data: functools.partial(<function resample_data_or_seg_to_shape at 0x793587ba0220>, is_seg=False, order=3, order_z=0, force_separate_z=None)
None
old shape: (31, 215, 412), new_shape: [ 62 220 421], old_spacing: [np.float64(3.0), np.float64(0.7578125), np.float64(0.7578125)], new_spacing: [1.5, 0.7421875, 0.7421875], fn_data: functools.partial(<function resample_data_or_seg_to_shape at 0x793587ba0220>, is_seg=False, order=3, order_z=0, force_separate_z=None)
None
old shape: (43, 253, 472), new_shape: [ 86 233 435], old_spacing: [np.float64(3.0), np.float64(0.68359375), np.float64(0.68359375)], new_spacing: [1.5, 0.7421875, 0.7421875], fn_data: functools.partial(<function resample_data_or_seg_to_shape at 0x793587ba0220>, is_seg=False, order=3, order_z=0, force_separate_z=None)
  feat 750/750
=== TIGHT feature probe (fold-0 encoder bottleneck, n=750, patient-grouped 5-fold) ===
  linear scanner=0.618  scanner-shuffled=0.484  cancer=0.756
  RF     scanner=0.644  scanner-shuffled=0.526  cancer=0.752
  MLP    scanner=0.622  scanner-shuffled=0.490  cancer=0.767
FEAT_BATTERY_DONE
TIGHT_BATTERY_COMPLETE Mon Oct  5 01:47:50 UTC 2026
