=== fold 2 retry START Sun Oct  4 19:53:11 UTC 2026 ===

############################
INFO: You are using the old nnU-Net default plans. We have updated our recommendations. Please consider using those instead! Read more here: https://github.com/MIC-DKFZ/nnUNet/blob/master/documentation/resenc_presets.md
############################

Using device: cuda:0

#######################################################################
Please cite the following paper when using nnU-Net:
Isensee, F., Jaeger, P. F., Kohl, S. A., Petersen, J., & Maier-Hein, K. H. (2021). nnU-Net: a self-configuring method for deep learning-based biomedical image segmentation. Nature methods, 18(2), 203-211.
#######################################################################

2026-10-04 19:53:16.943801: Using torch.compile...
2026-10-04 19:53:17.858686: do_dummy_2d_data_aug: True
2026-10-04 19:53:17.860677: Using splits from existing split file: /root/nnunet_prep/Dataset701_PanoramaPDAC_tight/splits_final.json
2026-10-04 19:53:17.861225: The split file contains 3 splits.
2026-10-04 19:53:17.861494: Desired fold for training: 2
2026-10-04 19:53:17.861699: This split has 1635 training and 319 validation cases.
using pin_memory on device 0
using pin_memory on device 0

This is the configuration used by this training:
Configuration name: 3d_fullres
 {'data_identifier': 'nnUNetPlans_3d_fullres', 'preprocessor_name': 'DefaultPreprocessor', 'batch_size': 2, 'patch_size': [48, 128, 288], 'median_image_size_in_voxels': [76.0, 235.0, 429.0], 'spacing': [1.5, 0.7421875, 0.7421875], 'normalization_schemes': ['CTNormalization'], 'use_mask_for_norm': [False], 'resampling_fn_data': 'resample_data_or_seg_to_shape', 'resampling_fn_seg': 'resample_data_or_seg_to_shape', 'resampling_fn_data_kwargs': {'is_seg': False, 'order': 3, 'order_z': 0, 'force_separate_z': None}, 'resampling_fn_seg_kwargs': {'is_seg': True, 'order': 1, 'order_z': 0, 'force_separate_z': None}, 'resampling_fn_probabilities': 'resample_data_or_seg_to_shape', 'resampling_fn_probabilities_kwargs': {'is_seg': False, 'order': 1, 'order_z': 0, 'force_separate_z': None}, 'architecture': {'network_class_name': 'dynamic_network_architectures.architectures.unet.PlainConvUNet', 'arch_kwargs': {'n_stages': 6, 'features_per_stage': [32, 64, 128, 256, 320, 320], 'conv_op': 'torch.nn.modules.conv.Conv3d', 'kernel_sizes': [[1, 3, 3], [3, 3, 3], [3, 3, 3], [3, 3, 3], [3, 3, 3], [3, 3, 3]], 'strides': [[1, 1, 1], [1, 2, 2], [2, 2, 2], [2, 2, 2], [2, 2, 2], [1, 2, 2]], 'n_conv_per_stage': [2, 2, 2, 2, 2, 2], 'n_conv_per_stage_decoder': [2, 2, 2, 2, 2], 'conv_bias': True, 'norm_op': 'torch.nn.modules.instancenorm.InstanceNorm3d', 'norm_op_kwargs': {'eps': 1e-05, 'affine': True}, 'dropout_op': None, 'dropout_op_kwargs': None, 'nonlin': 'torch.nn.LeakyReLU', 'nonlin_kwargs': {'inplace': True}}, '_kw_requires_import': ['conv_op', 'norm_op', 'dropout_op', 'nonlin']}, 'batch_dice': False} 

These are the global plan.json settings:
 {'dataset_name': 'Dataset701_PanoramaPDAC_tight', 'plans_name': 'nnUNetPlans', 'original_median_spacing_after_transp': [1.5, 0.7421875, 0.7421875], 'original_median_shape_after_transp': [69, 237, 433], 'image_reader_writer': 'SimpleITKIO', 'transpose_forward': [0, 1, 2], 'transpose_backward': [0, 1, 2], 'experiment_planner_used': 'ExperimentPlanner', 'label_manager': 'LabelManager', 'foreground_intensity_properties_per_channel': {'0': {'max': 1054.0, 'mean': 69.9100966147921, 'median': 70.0, 'min': -492.0, 'percentile_00_5': -34.0, 'percentile_99_5': 172.0, 'std': 36.20990631234634}}} 

2026-10-04 19:53:18.702098: Unable to plot network architecture: nnUNet_compile is enabled!
2026-10-04 19:53:18.723710: 
2026-10-04 19:53:18.724055: Epoch 0
2026-10-04 19:53:18.724526: Current learning rate: 0.01
2026-10-04 19:54:01.956916: train_loss 0.0395
2026-10-04 19:54:01.957297: val_loss 0.0376
2026-10-04 19:54:01.957508: Pseudo dice [np.float32(0.0)]
2026-10-04 19:54:01.957721: Epoch time: 43.23 s
2026-10-04 19:54:01.957909: Yayy! New best EMA pseudo Dice: 0.0
2026-10-04 19:54:02.774532: 
2026-10-04 19:54:02.774856: Epoch 1
2026-10-04 19:54:02.775190: Current learning rate: 0.00996
2026-10-04 19:54:40.202394: train_loss 0.0173
2026-10-04 19:54:40.202779: val_loss 0.0264
2026-10-04 19:54:40.203017: Pseudo dice [np.float32(0.0)]
2026-10-04 19:54:40.203212: Epoch time: 37.43 s
2026-10-04 19:54:40.706990: 
2026-10-04 19:54:40.707277: Epoch 2
2026-10-04 19:54:40.707545: Current learning rate: 0.00993
2026-10-04 19:55:24.424872: train_loss 0.0131
2026-10-04 19:55:24.474960: val_loss 0.0333
2026-10-04 19:55:24.475224: Pseudo dice [np.float32(0.0)]
2026-10-04 19:55:24.475465: Epoch time: 43.72 s
2026-10-04 19:55:24.986857: 
2026-10-04 19:55:24.987195: Epoch 3
2026-10-04 19:55:24.987542: Current learning rate: 0.00989
2026-10-04 19:56:40.373013: train_loss 0.0085
2026-10-04 19:56:40.467120: val_loss 0.0329
2026-10-04 19:56:40.467376: Pseudo dice [np.float32(0.0)]
2026-10-04 19:56:40.467615: Epoch time: 75.39 s
2026-10-04 19:56:41.033754: 
2026-10-04 19:56:41.034067: Epoch 4
2026-10-04 19:56:41.034320: Current learning rate: 0.00986
2026-10-04 19:57:57.317250: train_loss 0.0091
2026-10-04 19:57:57.388718: val_loss 0.037
2026-10-04 19:57:57.388926: Pseudo dice [np.float32(0.0)]
2026-10-04 19:57:57.389091: Epoch time: 76.28 s
2026-10-04 19:57:58.314226: 
2026-10-04 19:57:58.314546: Epoch 5
2026-10-04 19:57:58.314921: Current learning rate: 0.00982
2026-10-04 19:59:13.933461: train_loss 0.0043
2026-10-04 19:59:14.004868: val_loss 0.0025
2026-10-04 19:59:14.005155: Pseudo dice [np.float32(0.0)]
2026-10-04 19:59:14.005389: Epoch time: 75.62 s
2026-10-04 19:59:14.534097: 
2026-10-04 19:59:14.534716: Epoch 6
2026-10-04 19:59:14.535007: Current learning rate: 0.00978
2026-10-04 20:00:30.565964: train_loss 0.0052
2026-10-04 20:00:30.642963: val_loss 0.0039
2026-10-04 20:00:30.643234: Pseudo dice [np.float32(0.0)]
2026-10-04 20:00:30.643516: Epoch time: 76.03 s
2026-10-04 20:00:31.158329: 
2026-10-04 20:00:31.158654: Epoch 7
2026-10-04 20:00:31.159000: Current learning rate: 0.00975
2026-10-04 20:01:47.915489: train_loss -0.0015
2026-10-04 20:01:47.999194: val_loss -0.021
2026-10-04 20:01:47.999432: Pseudo dice [np.float32(0.0)]
2026-10-04 20:01:47.999650: Epoch time: 76.76 s
2026-10-04 20:01:48.519313: 
2026-10-04 20:01:48.519652: Epoch 8
2026-10-04 20:01:48.519975: Current learning rate: 0.00971
2026-10-04 20:03:04.674990: train_loss -0.003
2026-10-04 20:03:04.675849: val_loss -0.0193
2026-10-04 20:03:04.676332: Pseudo dice [np.float32(0.0)]
2026-10-04 20:03:04.676733: Epoch time: 76.16 s
2026-10-04 20:03:05.245089: 
2026-10-04 20:03:05.245462: Epoch 9
2026-10-04 20:03:05.245859: Current learning rate: 0.00968
2026-10-04 20:04:21.222145: train_loss -0.0075
2026-10-04 20:04:21.354203: val_loss -0.0436
2026-10-04 20:04:21.354693: Pseudo dice [np.float32(0.0)]
2026-10-04 20:04:21.355064: Epoch time: 75.98 s
2026-10-04 20:04:21.864043: 
2026-10-04 20:04:21.864418: Epoch 10
2026-10-04 20:04:21.864896: Current learning rate: 0.00964
2026-10-04 20:05:38.301310: train_loss -0.0097
2026-10-04 20:05:38.392905: val_loss -0.0526
2026-10-04 20:05:38.393131: Pseudo dice [np.float32(0.0)]
2026-10-04 20:05:38.393373: Epoch time: 76.44 s
2026-10-04 20:05:38.907277: 
2026-10-04 20:05:38.907598: Epoch 11
2026-10-04 20:05:38.907902: Current learning rate: 0.0096
2026-10-04 20:06:54.869723: train_loss -0.013
2026-10-04 20:06:54.941940: val_loss -0.0724
2026-10-04 20:06:54.942194: Pseudo dice [np.float32(0.2406)]
2026-10-04 20:06:54.942534: Epoch time: 75.96 s
2026-10-04 20:06:54.942771: Yayy! New best EMA pseudo Dice: 0.02410000003874302
2026-10-04 20:06:55.863463: 
2026-10-04 20:06:55.863815: Epoch 12
2026-10-04 20:06:55.864157: Current learning rate: 0.00957
2026-10-04 20:08:11.147406: train_loss -0.0218
2026-10-04 20:08:11.229184: val_loss -0.0693
2026-10-04 20:08:11.229422: Pseudo dice [np.float32(0.1952)]
2026-10-04 20:08:11.229710: Epoch time: 75.28 s
2026-10-04 20:08:11.229923: Yayy! New best EMA pseudo Dice: 0.041200000792741776
2026-10-04 20:08:12.158371: 
2026-10-04 20:08:12.158721: Epoch 13
2026-10-04 20:08:12.159065: Current learning rate: 0.00953
2026-10-04 20:09:28.168818: train_loss -0.0231
2026-10-04 20:09:28.251334: val_loss -0.023
2026-10-04 20:09:28.251610: Pseudo dice [np.float32(0.0982)]
2026-10-04 20:09:28.251846: Epoch time: 76.01 s
2026-10-04 20:09:28.252109: Yayy! New best EMA pseudo Dice: 0.04690000042319298
2026-10-04 20:09:29.199373: 
2026-10-04 20:09:29.199834: Epoch 14
2026-10-04 20:09:29.200239: Current learning rate: 0.00949
2026-10-04 20:10:45.103731: train_loss -0.0277
2026-10-04 20:10:45.196359: val_loss -0.0887
2026-10-04 20:10:45.196599: Pseudo dice [np.float32(0.2246)]
2026-10-04 20:10:45.196869: Epoch time: 75.91 s
2026-10-04 20:10:45.197089: Yayy! New best EMA pseudo Dice: 0.06469999998807907
2026-10-04 20:10:46.140767: 
2026-10-04 20:10:46.141085: Epoch 15
2026-10-04 20:10:46.141419: Current learning rate: 0.00946
2026-10-04 20:12:01.554598: train_loss -0.0245
2026-10-04 20:12:01.626830: val_loss -0.136
2026-10-04 20:12:01.627050: Pseudo dice [np.float32(0.3085)]
2026-10-04 20:12:01.627286: Epoch time: 75.41 s
2026-10-04 20:12:01.627472: Yayy! New best EMA pseudo Dice: 0.08900000154972076
2026-10-04 20:12:02.566802: 
2026-10-04 20:12:02.567150: Epoch 16
2026-10-04 20:12:02.567421: Current learning rate: 0.00942
2026-10-04 20:13:18.943947: train_loss -0.0223
2026-10-04 20:13:18.944909: val_loss -0.1519
2026-10-04 20:13:18.945128: Pseudo dice [np.float32(0.3512)]
2026-10-04 20:13:18.945343: Epoch time: 76.38 s
2026-10-04 20:13:18.945509: Yayy! New best EMA pseudo Dice: 0.1152999997138977
2026-10-04 20:13:19.863454: 
2026-10-04 20:13:19.863792: Epoch 17
2026-10-04 20:13:19.864170: Current learning rate: 0.00939
2026-10-04 20:14:35.963921: train_loss -0.0303
2026-10-04 20:14:36.044080: val_loss -0.0747
2026-10-04 20:14:36.044336: Pseudo dice [np.float32(0.1942)]
2026-10-04 20:14:36.044623: Epoch time: 76.1 s
2026-10-04 20:14:36.044826: Yayy! New best EMA pseudo Dice: 0.12319999933242798
2026-10-04 20:14:36.977750: 
2026-10-04 20:14:36.977994: Epoch 18
2026-10-04 20:14:36.978222: Current learning rate: 0.00935
2026-10-04 20:15:53.154652: train_loss -0.0304
2026-10-04 20:15:53.227565: val_loss -0.1116
2026-10-04 20:15:53.227774: Pseudo dice [np.float32(0.237)]
2026-10-04 20:15:53.228007: Epoch time: 76.18 s
2026-10-04 20:15:53.228196: Yayy! New best EMA pseudo Dice: 0.13449999690055847
2026-10-04 20:15:54.175281: 
2026-10-04 20:15:54.175619: Epoch 19
2026-10-04 20:15:54.175936: Current learning rate: 0.00931
2026-10-04 20:17:09.844671: train_loss -0.0236
2026-10-04 20:17:09.922273: val_loss -0.1657
2026-10-04 20:17:09.922532: Pseudo dice [np.float32(0.3834)]
2026-10-04 20:17:09.922776: Epoch time: 75.67 s
2026-10-04 20:17:09.922994: Yayy! New best EMA pseudo Dice: 0.15940000116825104
2026-10-04 20:17:10.851520: 
2026-10-04 20:17:10.851882: Epoch 20
2026-10-04 20:17:10.852134: Current learning rate: 0.00928
2026-10-04 20:18:26.914377: train_loss -0.0243
2026-10-04 20:18:26.986123: val_loss -0.1597
2026-10-04 20:18:26.986365: Pseudo dice [np.float32(0.2736)]
2026-10-04 20:18:26.986674: Epoch time: 76.06 s
2026-10-04 20:18:26.986874: Yayy! New best EMA pseudo Dice: 0.17080000042915344
2026-10-04 20:18:28.494538: 
2026-10-04 20:18:28.494884: Epoch 21
2026-10-04 20:18:28.495226: Current learning rate: 0.00924
2026-10-04 20:19:44.512493: train_loss -0.0226
2026-10-04 20:19:44.594298: val_loss -0.137
2026-10-04 20:19:44.594601: Pseudo dice [np.float32(0.2956)]
2026-10-04 20:19:44.594915: Epoch time: 76.02 s
2026-10-04 20:19:44.595218: Yayy! New best EMA pseudo Dice: 0.18330000340938568
2026-10-04 20:19:45.522039: 
2026-10-04 20:19:45.522439: Epoch 22
2026-10-04 20:19:45.522804: Current learning rate: 0.0092
2026-10-04 20:21:01.923907: train_loss -0.0182
2026-10-04 20:21:02.015918: val_loss -0.1407
2026-10-04 20:21:02.016172: Pseudo dice [np.float32(0.2816)]
2026-10-04 20:21:02.016428: Epoch time: 76.4 s
2026-10-04 20:21:02.016644: Yayy! New best EMA pseudo Dice: 0.1931000053882599
2026-10-04 20:21:02.926308: 
2026-10-04 20:21:02.926653: Epoch 23
2026-10-04 20:21:02.926975: Current learning rate: 0.00917
2026-10-04 20:22:19.085463: train_loss -0.0165
2026-10-04 20:22:19.168782: val_loss -0.1453
2026-10-04 20:22:19.169003: Pseudo dice [np.float32(0.3309)]
2026-10-04 20:22:19.169278: Epoch time: 76.16 s
2026-10-04 20:22:19.169565: Yayy! New best EMA pseudo Dice: 0.2069000005722046
2026-10-04 20:22:20.087325: 
2026-10-04 20:22:20.087668: Epoch 24
2026-10-04 20:22:20.087954: Current learning rate: 0.00913
2026-10-04 20:23:35.816236: train_loss -0.0133
2026-10-04 20:23:35.906038: val_loss -0.148
2026-10-04 20:23:35.906286: Pseudo dice [np.float32(0.343)]
2026-10-04 20:23:35.906541: Epoch time: 75.73 s
2026-10-04 20:23:35.906727: Yayy! New best EMA pseudo Dice: 0.22050000727176666
2026-10-04 20:23:36.838385: 
2026-10-04 20:23:36.838784: Epoch 25
2026-10-04 20:23:36.839185: Current learning rate: 0.0091
2026-10-04 20:24:53.062801: train_loss -0.0317
2026-10-04 20:24:53.175887: val_loss -0.1683
2026-10-04 20:24:53.176147: Pseudo dice [np.float32(0.3295)]
2026-10-04 20:24:53.176419: Epoch time: 76.23 s
2026-10-04 20:24:53.176642: Yayy! New best EMA pseudo Dice: 0.2313999980688095
2026-10-04 20:24:54.098393: 
2026-10-04 20:24:54.098829: Epoch 26
2026-10-04 20:24:54.099193: Current learning rate: 0.00906
2026-10-04 20:26:09.357795: train_loss -0.0259
2026-10-04 20:26:09.438482: val_loss -0.1098
2026-10-04 20:26:09.438762: Pseudo dice [np.float32(0.2534)]
2026-10-04 20:26:09.439001: Epoch time: 75.26 s
2026-10-04 20:26:09.439223: Yayy! New best EMA pseudo Dice: 0.23360000550746918
2026-10-04 20:26:10.333472: 
2026-10-04 20:26:10.333820: Epoch 27
2026-10-04 20:26:10.334214: Current learning rate: 0.00902
2026-10-04 20:27:26.459196: train_loss -0.0341
2026-10-04 20:27:26.531505: val_loss -0.1956
2026-10-04 20:27:26.531773: Pseudo dice [np.float32(0.3749)]
2026-10-04 20:27:26.531982: Epoch time: 76.13 s
2026-10-04 20:27:26.532215: Yayy! New best EMA pseudo Dice: 0.24779999256134033
2026-10-04 20:27:27.431693: 
2026-10-04 20:27:27.432033: Epoch 28
2026-10-04 20:27:27.432433: Current learning rate: 0.00899
2026-10-04 20:28:43.352677: train_loss -0.0296
2026-10-04 20:28:43.426070: val_loss -0.1332
2026-10-04 20:28:43.426229: Pseudo dice [np.float32(0.2743)]
2026-10-04 20:28:43.426474: Epoch time: 75.92 s
2026-10-04 20:28:43.426668: Yayy! New best EMA pseudo Dice: 0.25040000677108765
2026-10-04 20:28:44.353582: 
2026-10-04 20:28:44.353900: Epoch 29
2026-10-04 20:28:44.354260: Current learning rate: 0.00895
2026-10-04 20:30:00.435066: train_loss -0.0132
2026-10-04 20:30:00.509119: val_loss -0.1534
2026-10-04 20:30:00.509346: Pseudo dice [np.float32(0.3262)]
2026-10-04 20:30:00.509616: Epoch time: 76.08 s
2026-10-04 20:30:00.509837: Yayy! New best EMA pseudo Dice: 0.257999986410141
2026-10-04 20:30:01.424514: 
2026-10-04 20:30:01.424872: Epoch 30
2026-10-04 20:30:01.425235: Current learning rate: 0.00891
2026-10-04 20:31:17.214249: train_loss -0.0372
2026-10-04 20:31:17.288388: val_loss -0.1541
2026-10-04 20:31:17.288614: Pseudo dice [np.float32(0.3018)]
2026-10-04 20:31:17.288836: Epoch time: 75.79 s
2026-10-04 20:31:17.289047: Yayy! New best EMA pseudo Dice: 0.2624000012874603
2026-10-04 20:31:18.268752: 
2026-10-04 20:31:18.269062: Epoch 31
2026-10-04 20:31:18.269341: Current learning rate: 0.00888
2026-10-04 20:32:33.955346: train_loss -0.0251
2026-10-04 20:32:34.027159: val_loss -0.1655
2026-10-04 20:32:34.027438: Pseudo dice [np.float32(0.2806)]
2026-10-04 20:32:34.027731: Epoch time: 75.69 s
2026-10-04 20:32:34.027942: Yayy! New best EMA pseudo Dice: 0.26420000195503235
2026-10-04 20:32:34.912240: 
2026-10-04 20:32:34.912621: Epoch 32
2026-10-04 20:32:34.913137: Current learning rate: 0.00884
2026-10-04 20:33:50.972242: train_loss -0.0327
2026-10-04 20:33:51.047186: val_loss -0.1244
2026-10-04 20:33:51.047428: Pseudo dice [np.float32(0.278)]
2026-10-04 20:33:51.047660: Epoch time: 76.06 s
2026-10-04 20:33:51.047896: Yayy! New best EMA pseudo Dice: 0.2655999958515167
2026-10-04 20:33:51.971831: 
2026-10-04 20:33:51.972186: Epoch 33
2026-10-04 20:33:51.972562: Current learning rate: 0.0088
2026-10-04 20:35:07.258995: train_loss -0.0452
2026-10-04 20:35:07.333775: val_loss -0.1645
2026-10-04 20:35:07.334059: Pseudo dice [np.float32(0.3226)]
2026-10-04 20:35:07.334336: Epoch time: 75.29 s
2026-10-04 20:35:07.334583: Yayy! New best EMA pseudo Dice: 0.27129998803138733
2026-10-04 20:35:08.243762: 
2026-10-04 20:35:08.244020: Epoch 34
2026-10-04 20:35:08.244307: Current learning rate: 0.00877
2026-10-04 20:36:23.461655: train_loss -0.0322
2026-10-04 20:36:23.543867: val_loss -0.0895
2026-10-04 20:36:23.544156: Pseudo dice [np.float32(0.2464)]
2026-10-04 20:36:23.544396: Epoch time: 75.22 s
2026-10-04 20:36:24.070957: 
2026-10-04 20:36:24.071320: Epoch 35
2026-10-04 20:36:24.071630: Current learning rate: 0.00873
2026-10-04 20:37:39.334828: train_loss -0.0317
2026-10-04 20:37:39.414237: val_loss -0.0938
2026-10-04 20:37:39.414444: Pseudo dice [np.float32(0.2514)]
2026-10-04 20:37:39.414683: Epoch time: 75.26 s
2026-10-04 20:37:39.975615: 
2026-10-04 20:37:39.975981: Epoch 36
2026-10-04 20:37:39.976300: Current learning rate: 0.00869
2026-10-04 20:38:55.856233: train_loss -0.0354
2026-10-04 20:38:55.927535: val_loss -0.1338
2026-10-04 20:38:55.927747: Pseudo dice [np.float32(0.3333)]
2026-10-04 20:38:55.928004: Epoch time: 75.88 s
2026-10-04 20:38:55.928273: Yayy! New best EMA pseudo Dice: 0.2736999988555908
2026-10-04 20:38:57.515948: 
2026-10-04 20:38:57.516345: Epoch 37
2026-10-04 20:38:57.516669: Current learning rate: 0.00866
2026-10-04 20:40:13.529762: train_loss -0.0407
2026-10-04 20:40:13.600935: val_loss -0.1332
2026-10-04 20:40:13.601141: Pseudo dice [np.float32(0.258)]
2026-10-04 20:40:13.601377: Epoch time: 76.01 s
2026-10-04 20:40:14.162381: 
2026-10-04 20:40:14.162828: Epoch 38
2026-10-04 20:40:14.163188: Current learning rate: 0.00862
2026-10-04 20:41:30.409537: train_loss -0.027
2026-10-04 20:41:30.497952: val_loss -0.1708
2026-10-04 20:41:30.498282: Pseudo dice [np.float32(0.3163)]
2026-10-04 20:41:30.498541: Epoch time: 76.25 s
2026-10-04 20:41:30.498765: Yayy! New best EMA pseudo Dice: 0.27649998664855957
2026-10-04 20:41:31.474280: 
2026-10-04 20:41:31.474621: Epoch 39
2026-10-04 20:41:31.475009: Current learning rate: 0.00858
2026-10-04 20:42:47.041069: train_loss -0.034
2026-10-04 20:42:47.119480: val_loss -0.07
2026-10-04 20:42:47.119762: Pseudo dice [np.float32(0.2474)]
2026-10-04 20:42:47.120042: Epoch time: 75.57 s
2026-10-04 20:42:47.678871: 
2026-10-04 20:42:47.679227: Epoch 40
2026-10-04 20:42:47.679696: Current learning rate: 0.00855
2026-10-04 20:44:03.309106: train_loss -0.0229
2026-10-04 20:44:03.405050: val_loss -0.163
2026-10-04 20:44:03.405269: Pseudo dice [np.float32(0.3532)]
2026-10-04 20:44:03.405515: Epoch time: 75.63 s
2026-10-04 20:44:03.405725: Yayy! New best EMA pseudo Dice: 0.2815999984741211
2026-10-04 20:44:04.287090: 
2026-10-04 20:44:04.287443: Epoch 41
2026-10-04 20:44:04.287802: Current learning rate: 0.00851
2026-10-04 20:45:19.486777: train_loss -0.031
2026-10-04 20:45:19.559712: val_loss -0.1291
2026-10-04 20:45:19.559971: Pseudo dice [np.float32(0.2849)]
2026-10-04 20:45:19.560211: Epoch time: 75.2 s
2026-10-04 20:45:19.560444: Yayy! New best EMA pseudo Dice: 0.28189998865127563
2026-10-04 20:45:20.562133: 
2026-10-04 20:45:20.562392: Epoch 42
2026-10-04 20:45:20.562788: Current learning rate: 0.00847
2026-10-04 20:46:36.312800: train_loss -0.032
2026-10-04 20:46:36.387120: val_loss -0.0768
2026-10-04 20:46:36.387354: Pseudo dice [np.float32(0.1697)]
2026-10-04 20:46:36.387561: Epoch time: 75.75 s
2026-10-04 20:46:36.872844: 
2026-10-04 20:46:36.873081: Epoch 43
2026-10-04 20:46:36.873384: Current learning rate: 0.00844
2026-10-04 20:47:52.243634: train_loss -0.0343
2026-10-04 20:47:52.315749: val_loss -0.1892
2026-10-04 20:47:52.315957: Pseudo dice [np.float32(0.3697)]
2026-10-04 20:47:52.316197: Epoch time: 75.37 s
2026-10-04 20:47:52.806715: 
2026-10-04 20:47:52.806962: Epoch 44
2026-10-04 20:47:52.807207: Current learning rate: 0.0084
2026-10-04 20:49:07.788885: train_loss -0.0424
2026-10-04 20:49:07.867093: val_loss -0.1607
2026-10-04 20:49:07.867288: Pseudo dice [np.float32(0.3514)]
2026-10-04 20:49:07.867501: Epoch time: 74.98 s
2026-10-04 20:49:07.867696: Yayy! New best EMA pseudo Dice: 0.28769999742507935
2026-10-04 20:49:08.709391: 
2026-10-04 20:49:08.709688: Epoch 45
2026-10-04 20:49:08.709944: Current learning rate: 0.00836
2026-10-04 20:50:25.355370: train_loss -0.0397
2026-10-04 20:50:25.443729: val_loss -0.1675
2026-10-04 20:50:25.443909: Pseudo dice [np.float32(0.3311)]
2026-10-04 20:50:25.444182: Epoch time: 76.65 s
2026-10-04 20:50:25.444335: Yayy! New best EMA pseudo Dice: 0.2919999957084656
2026-10-04 20:50:26.285873: 
2026-10-04 20:50:26.286097: Epoch 46
2026-10-04 20:50:26.286421: Current learning rate: 0.00833
2026-10-04 20:51:41.514046: train_loss -0.027
2026-10-04 20:51:41.834941: val_loss -0.1351
2026-10-04 20:51:41.835136: Pseudo dice [np.float32(0.298)]
2026-10-04 20:51:41.835345: Epoch time: 75.23 s
2026-10-04 20:51:41.835504: Yayy! New best EMA pseudo Dice: 0.29260000586509705
2026-10-04 20:51:42.691728: 
2026-10-04 20:51:42.692060: Epoch 47
2026-10-04 20:51:42.692474: Current learning rate: 0.00829
2026-10-04 20:52:57.699030: train_loss -0.0417
2026-10-04 20:52:57.785817: val_loss -0.2205
2026-10-04 20:52:57.786156: Pseudo dice [np.float32(0.4055)]
2026-10-04 20:52:57.786402: Epoch time: 75.01 s
2026-10-04 20:52:57.786646: Yayy! New best EMA pseudo Dice: 0.30390000343322754
2026-10-04 20:52:58.669265: 
2026-10-04 20:52:58.669541: Epoch 48
2026-10-04 20:52:58.669893: Current learning rate: 0.00825
2026-10-04 20:54:14.181672: train_loss -0.0451
2026-10-04 20:54:14.284928: val_loss -0.1563
2026-10-04 20:54:14.285145: Pseudo dice [np.float32(0.3036)]
2026-10-04 20:54:14.285427: Epoch time: 75.51 s
2026-10-04 20:54:14.783455: 
2026-10-04 20:54:14.783711: Epoch 49
2026-10-04 20:54:14.784011: Current learning rate: 0.00822
2026-10-04 20:55:30.461521: train_loss -0.045
2026-10-04 20:55:30.535889: val_loss -0.202
2026-10-04 20:55:30.536080: Pseudo dice [np.float32(0.4061)]
2026-10-04 20:55:30.536278: Epoch time: 75.68 s
2026-10-04 20:55:31.336823: Yayy! New best EMA pseudo Dice: 0.3140999972820282
2026-10-04 20:55:32.237799: 
2026-10-04 20:55:32.238097: Epoch 50
2026-10-04 20:55:32.238382: Current learning rate: 0.00818
2026-10-04 20:56:47.509236: train_loss -0.0522
2026-10-04 20:56:47.600425: val_loss -0.087
2026-10-04 20:56:47.600641: Pseudo dice [np.float32(0.2314)]
2026-10-04 20:56:47.600915: Epoch time: 75.27 s
2026-10-04 20:56:48.089993: 
2026-10-04 20:56:48.090212: Epoch 51
2026-10-04 20:56:48.090440: Current learning rate: 0.00814
2026-10-04 20:58:03.155967: train_loss -0.0356
2026-10-04 20:58:03.227774: val_loss -0.2087
2026-10-04 20:58:03.227998: Pseudo dice [np.float32(0.4119)]
2026-10-04 20:58:03.228187: Epoch time: 75.07 s
2026-10-04 20:58:03.228344: Yayy! New best EMA pseudo Dice: 0.3163999915122986
2026-10-04 20:58:04.633513: 
2026-10-04 20:58:04.633854: Epoch 52
2026-10-04 20:58:04.634104: Current learning rate: 0.00811
2026-10-04 20:59:19.852860: train_loss -0.0254
2026-10-04 20:59:19.926740: val_loss -0.167
2026-10-04 20:59:19.927063: Pseudo dice [np.float32(0.3)]
2026-10-04 20:59:19.927289: Epoch time: 75.22 s
2026-10-04 20:59:20.414043: 
2026-10-04 20:59:20.414274: Epoch 53
2026-10-04 20:59:20.414574: Current learning rate: 0.00807
2026-10-04 21:00:35.376843: train_loss -0.0432
2026-10-04 21:00:35.448684: val_loss -0.2425
2026-10-04 21:00:35.449020: Pseudo dice [np.float32(0.3886)]
2026-10-04 21:00:35.449209: Epoch time: 74.96 s
2026-10-04 21:00:35.449408: Yayy! New best EMA pseudo Dice: 0.3222000002861023
2026-10-04 21:00:36.306999: 
2026-10-04 21:00:36.307293: Epoch 54
2026-10-04 21:00:36.307632: Current learning rate: 0.00803
2026-10-04 21:01:29.711891: train_loss -0.0313
2026-10-04 21:01:29.712369: val_loss -0.2424
2026-10-04 21:01:29.712773: Pseudo dice [np.float32(0.4169)]
2026-10-04 21:01:29.712975: Epoch time: 53.41 s
2026-10-04 21:01:29.713154: Yayy! New best EMA pseudo Dice: 0.33160001039505005
2026-10-04 21:01:30.523003: 
2026-10-04 21:01:30.523308: Epoch 55
2026-10-04 21:01:30.523791: Current learning rate: 0.008
2026-10-04 21:02:46.262022: train_loss -0.0394
2026-10-04 21:02:46.333377: val_loss -0.1785
2026-10-04 21:02:46.333607: Pseudo dice [np.float32(0.3919)]
2026-10-04 21:02:46.333802: Epoch time: 75.74 s
2026-10-04 21:02:46.333976: Yayy! New best EMA pseudo Dice: 0.3377000093460083
2026-10-04 21:02:47.164452: 
2026-10-04 21:02:47.164726: Epoch 56
2026-10-04 21:02:47.165021: Current learning rate: 0.00796
2026-10-04 21:04:02.970763: train_loss -0.0584
2026-10-04 21:04:03.042664: val_loss -0.2153
2026-10-04 21:04:03.042888: Pseudo dice [np.float32(0.3915)]
2026-10-04 21:04:03.043182: Epoch time: 75.81 s
2026-10-04 21:04:03.043436: Yayy! New best EMA pseudo Dice: 0.34299999475479126
2026-10-04 21:04:03.974497: 
2026-10-04 21:04:03.974854: Epoch 57
2026-10-04 21:04:03.975329: Current learning rate: 0.00792
2026-10-04 21:05:20.462585: train_loss -0.0482
2026-10-04 21:05:20.535048: val_loss -0.1964
2026-10-04 21:05:20.535241: Pseudo dice [np.float32(0.4057)]
2026-10-04 21:05:20.535480: Epoch time: 76.49 s
2026-10-04 21:05:20.535667: Yayy! New best EMA pseudo Dice: 0.34929999709129333
2026-10-04 21:05:21.447112: 
2026-10-04 21:05:21.447416: Epoch 58
2026-10-04 21:05:21.447719: Current learning rate: 0.00789
2026-10-04 21:06:37.088004: train_loss -0.0545
2026-10-04 21:06:37.194777: val_loss -0.1524
2026-10-04 21:06:37.195111: Pseudo dice [np.float32(0.3478)]
2026-10-04 21:06:37.195227: Epoch time: 75.64 s
2026-10-04 21:06:37.684591: 
2026-10-04 21:06:37.684817: Epoch 59
2026-10-04 21:06:37.685097: Current learning rate: 0.00785
2026-10-04 21:07:54.207363: train_loss -0.0625
2026-10-04 21:07:54.292354: val_loss -0.2123
2026-10-04 21:07:54.292753: Pseudo dice [np.float32(0.3848)]
2026-10-04 21:07:54.293019: Epoch time: 76.52 s
2026-10-04 21:07:54.293315: Yayy! New best EMA pseudo Dice: 0.35269999504089355
2026-10-04 21:07:55.203133: 
2026-10-04 21:07:55.203416: Epoch 60
2026-10-04 21:07:55.203704: Current learning rate: 0.00781
2026-10-04 21:09:10.360016: train_loss -0.0562
2026-10-04 21:09:10.443204: val_loss -0.2114
2026-10-04 21:09:10.443484: Pseudo dice [np.float32(0.3846)]
2026-10-04 21:09:10.443727: Epoch time: 75.16 s
2026-10-04 21:09:10.443951: Yayy! New best EMA pseudo Dice: 0.35589998960494995
2026-10-04 21:09:11.336628: 
2026-10-04 21:09:11.336981: Epoch 61
2026-10-04 21:09:11.337367: Current learning rate: 0.00777
2026-10-04 21:10:27.325785: train_loss -0.044
2026-10-04 21:10:27.404680: val_loss -0.1812
2026-10-04 21:10:27.404897: Pseudo dice [np.float32(0.3488)]
2026-10-04 21:10:27.405200: Epoch time: 75.99 s
2026-10-04 21:10:27.896057: 
2026-10-04 21:10:27.896412: Epoch 62
2026-10-04 21:10:27.896784: Current learning rate: 0.00774
2026-10-04 21:11:43.218485: train_loss -0.0475
2026-10-04 21:11:43.290592: val_loss -0.2252
2026-10-04 21:11:43.290896: Pseudo dice [np.float32(0.4472)]
2026-10-04 21:11:43.291173: Epoch time: 75.32 s
2026-10-04 21:11:43.291456: Yayy! New best EMA pseudo Dice: 0.3643999993801117
2026-10-04 21:11:44.310704: 
2026-10-04 21:11:44.311094: Epoch 63
2026-10-04 21:11:44.311428: Current learning rate: 0.0077
2026-10-04 21:12:59.209593: train_loss -0.0573
2026-10-04 21:12:59.288813: val_loss -0.2064
2026-10-04 21:12:59.289057: Pseudo dice [np.float32(0.3755)]
2026-10-04 21:12:59.289350: Epoch time: 74.9 s
2026-10-04 21:12:59.289542: Yayy! New best EMA pseudo Dice: 0.36550000309944153
2026-10-04 21:13:00.148742: 
2026-10-04 21:13:00.148991: Epoch 64
2026-10-04 21:13:00.149334: Current learning rate: 0.00766
2026-10-04 21:14:16.995420: train_loss -0.0589
2026-10-04 21:14:17.069996: val_loss -0.1062
2026-10-04 21:14:17.070222: Pseudo dice [np.float32(0.2825)]
2026-10-04 21:14:17.070398: Epoch time: 76.85 s
2026-10-04 21:14:17.557641: 
2026-10-04 21:14:17.557848: Epoch 65
2026-10-04 21:14:17.558107: Current learning rate: 0.00763
2026-10-04 21:15:33.111080: train_loss -0.0449
2026-10-04 21:15:33.183106: val_loss -0.1928
2026-10-04 21:15:33.183331: Pseudo dice [np.float32(0.3437)]
2026-10-04 21:15:33.183553: Epoch time: 75.55 s
2026-10-04 21:15:33.673753: 
2026-10-04 21:15:33.674024: Epoch 66
2026-10-04 21:15:33.674274: Current learning rate: 0.00759
2026-10-04 21:16:49.083796: train_loss -0.0336
2026-10-04 21:16:49.154911: val_loss -0.2194
2026-10-04 21:16:49.155066: Pseudo dice [np.float32(0.3912)]
2026-10-04 21:16:49.155241: Epoch time: 75.41 s
2026-10-04 21:16:50.118850: 
2026-10-04 21:16:50.119199: Epoch 67
2026-10-04 21:16:50.119517: Current learning rate: 0.00755
2026-10-04 21:18:06.253666: train_loss -0.0392
2026-10-04 21:18:06.325596: val_loss -0.1465
2026-10-04 21:18:06.325911: Pseudo dice [np.float32(0.2929)]
2026-10-04 21:18:06.326231: Epoch time: 76.14 s
2026-10-04 21:18:06.820803: 
2026-10-04 21:18:06.821025: Epoch 68
2026-10-04 21:18:06.821316: Current learning rate: 0.00751
2026-10-04 21:19:22.897918: train_loss -0.0574
2026-10-04 21:19:23.060027: val_loss -0.1992
2026-10-04 21:19:23.060274: Pseudo dice [np.float32(0.3915)]
2026-10-04 21:19:23.060488: Epoch time: 76.08 s
2026-10-04 21:19:23.560094: 
2026-10-04 21:19:23.560371: Epoch 69
2026-10-04 21:19:23.560625: Current learning rate: 0.00748
2026-10-04 21:20:39.392035: train_loss -0.0627
2026-10-04 21:20:39.464557: val_loss -0.187
2026-10-04 21:20:39.464787: Pseudo dice [np.float32(0.3178)]
2026-10-04 21:20:39.464996: Epoch time: 75.83 s
2026-10-04 21:20:39.959618: 
2026-10-04 21:20:39.959955: Epoch 70
2026-10-04 21:20:39.960244: Current learning rate: 0.00744
2026-10-04 21:21:55.916385: train_loss -0.0336
2026-10-04 21:21:55.993184: val_loss -0.2063
2026-10-04 21:21:55.993494: Pseudo dice [np.float32(0.3734)]
2026-10-04 21:21:55.993743: Epoch time: 75.96 s
2026-10-04 21:21:56.487733: 
2026-10-04 21:21:56.488041: Epoch 71
2026-10-04 21:21:56.488335: Current learning rate: 0.0074
2026-10-04 21:23:11.605793: train_loss -0.0426
2026-10-04 21:23:11.702692: val_loss -0.1777
2026-10-04 21:23:11.703122: Pseudo dice [np.float32(0.3972)]
2026-10-04 21:23:11.703410: Epoch time: 75.12 s
2026-10-04 21:23:12.197859: 
2026-10-04 21:23:12.198223: Epoch 72
2026-10-04 21:23:12.198606: Current learning rate: 0.00737
2026-10-04 21:24:26.644337: train_loss -0.0736
2026-10-04 21:24:26.722634: val_loss -0.1879
2026-10-04 21:24:26.722887: Pseudo dice [np.float32(0.3479)]
2026-10-04 21:24:26.723096: Epoch time: 74.45 s
2026-10-04 21:24:27.219231: 
2026-10-04 21:24:27.219508: Epoch 73
2026-10-04 21:24:27.219819: Current learning rate: 0.00733
2026-10-04 21:25:42.631792: train_loss -0.0595
2026-10-04 21:25:42.702283: val_loss -0.2547
2026-10-04 21:25:42.702590: Pseudo dice [np.float32(0.4798)]
2026-10-04 21:25:42.702889: Epoch time: 75.41 s
2026-10-04 21:25:42.703159: Yayy! New best EMA pseudo Dice: 0.3700999915599823
2026-10-04 21:25:43.592625: 
2026-10-04 21:25:43.593043: Epoch 74
2026-10-04 21:25:43.593510: Current learning rate: 0.00729
2026-10-04 21:26:59.049018: train_loss -0.0495
2026-10-04 21:26:59.129854: val_loss -0.2093
2026-10-04 21:26:59.130089: Pseudo dice [np.float32(0.4399)]
2026-10-04 21:26:59.130367: Epoch time: 75.46 s
2026-10-04 21:26:59.130638: Yayy! New best EMA pseudo Dice: 0.37709999084472656
2026-10-04 21:26:59.987770: 
2026-10-04 21:26:59.988111: Epoch 75
2026-10-04 21:26:59.988439: Current learning rate: 0.00725
2026-10-04 21:28:15.030169: train_loss -0.0631
2026-10-04 21:28:15.108762: val_loss -0.2726
2026-10-04 21:28:15.108954: Pseudo dice [np.float32(0.4333)]
2026-10-04 21:28:15.109466: Epoch time: 75.04 s
2026-10-04 21:28:15.109630: Yayy! New best EMA pseudo Dice: 0.38269999623298645
2026-10-04 21:28:15.990928: 
2026-10-04 21:28:15.991207: Epoch 76
2026-10-04 21:28:15.991449: Current learning rate: 0.00722
2026-10-04 21:29:32.204918: train_loss -0.0377
2026-10-04 21:29:32.276971: val_loss -0.2523
2026-10-04 21:29:32.277306: Pseudo dice [np.float32(0.4619)]
2026-10-04 21:29:32.277624: Epoch time: 76.21 s
2026-10-04 21:29:32.277848: Yayy! New best EMA pseudo Dice: 0.3905999958515167
2026-10-04 21:29:33.149450: 
2026-10-04 21:29:33.149725: Epoch 77
2026-10-04 21:29:33.149947: Current learning rate: 0.00718
2026-10-04 21:30:49.435092: train_loss -0.0463
2026-10-04 21:30:49.435535: val_loss -0.2032
2026-10-04 21:30:49.435911: Pseudo dice [np.float32(0.4261)]
2026-10-04 21:30:49.436079: Epoch time: 76.29 s
2026-10-04 21:30:49.436244: Yayy! New best EMA pseudo Dice: 0.39419999718666077
2026-10-04 21:30:50.351792: 
2026-10-04 21:30:50.352080: Epoch 78
2026-10-04 21:30:50.352328: Current learning rate: 0.00714
2026-10-04 21:32:05.585313: train_loss -0.0619
2026-10-04 21:32:05.655713: val_loss -0.2691
2026-10-04 21:32:05.656012: Pseudo dice [np.float32(0.4457)]
2026-10-04 21:32:05.656176: Epoch time: 75.23 s
2026-10-04 21:32:05.656348: Yayy! New best EMA pseudo Dice: 0.3993000090122223
2026-10-04 21:32:06.595588: 
2026-10-04 21:32:06.595990: Epoch 79
2026-10-04 21:32:06.596453: Current learning rate: 0.0071
2026-10-04 21:33:22.417886: train_loss -0.0459
2026-10-04 21:33:22.488168: val_loss -0.2181
2026-10-04 21:33:22.488356: Pseudo dice [np.float32(0.423)]
2026-10-04 21:33:22.488527: Epoch time: 75.82 s
2026-10-04 21:33:22.488769: Yayy! New best EMA pseudo Dice: 0.4016999900341034
2026-10-04 21:33:23.369641: 
2026-10-04 21:33:23.369927: Epoch 80
2026-10-04 21:33:23.370290: Current learning rate: 0.00707
2026-10-04 21:34:39.408079: train_loss -0.0283
2026-10-04 21:34:39.478378: val_loss -0.2525
2026-10-04 21:34:39.478597: Pseudo dice [np.float32(0.4637)]
2026-10-04 21:34:39.478824: Epoch time: 76.04 s
2026-10-04 21:34:39.479066: Yayy! New best EMA pseudo Dice: 0.40790000557899475
2026-10-04 21:34:40.346468: 
2026-10-04 21:34:40.346832: Epoch 81
2026-10-04 21:34:40.347230: Current learning rate: 0.00703
2026-10-04 21:35:55.811816: train_loss -0.0618
2026-10-04 21:35:55.883969: val_loss -0.2185
2026-10-04 21:35:55.884252: Pseudo dice [np.float32(0.3675)]
2026-10-04 21:35:55.884444: Epoch time: 75.47 s
2026-10-04 21:35:56.814164: 
2026-10-04 21:35:56.814397: Epoch 82
2026-10-04 21:35:56.814735: Current learning rate: 0.00699
2026-10-04 21:37:11.776086: train_loss -0.0543
2026-10-04 21:37:11.846661: val_loss -0.2551
2026-10-04 21:37:11.846906: Pseudo dice [np.float32(0.4616)]
2026-10-04 21:37:11.847118: Epoch time: 74.96 s
2026-10-04 21:37:11.847383: Yayy! New best EMA pseudo Dice: 0.40959998965263367
2026-10-04 21:37:12.701755: 
2026-10-04 21:37:12.702021: Epoch 83
2026-10-04 21:37:12.702352: Current learning rate: 0.00696
2026-10-04 21:38:28.771617: train_loss -0.0662
2026-10-04 21:38:28.850363: val_loss -0.2605
2026-10-04 21:38:28.850703: Pseudo dice [np.float32(0.4596)]
2026-10-04 21:38:28.851017: Epoch time: 76.07 s
2026-10-04 21:38:28.851262: Yayy! New best EMA pseudo Dice: 0.4146000146865845
2026-10-04 21:38:29.757722: 
2026-10-04 21:38:29.757972: Epoch 84
2026-10-04 21:38:29.758180: Current learning rate: 0.00692
2026-10-04 21:39:44.727242: train_loss -0.0339
2026-10-04 21:39:44.797678: val_loss -0.188
2026-10-04 21:39:44.797899: Pseudo dice [np.float32(0.3945)]
2026-10-04 21:39:44.798051: Epoch time: 74.97 s
2026-10-04 21:39:45.283803: 
2026-10-04 21:39:45.284027: Epoch 85
2026-10-04 21:39:45.284257: Current learning rate: 0.00688
2026-10-04 21:41:00.340537: train_loss -0.0452
2026-10-04 21:41:00.411250: val_loss -0.191
2026-10-04 21:41:00.411470: Pseudo dice [np.float32(0.3773)]
2026-10-04 21:41:00.411718: Epoch time: 75.06 s
2026-10-04 21:41:00.908183: 
2026-10-04 21:41:00.908487: Epoch 86
2026-10-04 21:41:00.908880: Current learning rate: 0.00684
2026-10-04 21:42:16.692788: train_loss -0.0406
2026-10-04 21:42:16.770262: val_loss -0.1835
2026-10-04 21:42:16.770476: Pseudo dice [np.float32(0.4317)]
2026-10-04 21:42:16.770679: Epoch time: 75.79 s
2026-10-04 21:42:17.256039: 
2026-10-04 21:42:17.256298: Epoch 87
2026-10-04 21:42:17.256533: Current learning rate: 0.0068
2026-10-04 21:43:33.586514: train_loss -0.0519
2026-10-04 21:43:33.672672: val_loss -0.2338
2026-10-04 21:43:33.673006: Pseudo dice [np.float32(0.4659)]
2026-10-04 21:43:33.673255: Epoch time: 76.33 s
2026-10-04 21:43:33.673477: Yayy! New best EMA pseudo Dice: 0.41679999232292175
2026-10-04 21:43:34.534727: 
2026-10-04 21:43:34.535039: Epoch 88
2026-10-04 21:43:34.535350: Current learning rate: 0.00677
2026-10-04 21:44:49.750404: train_loss -0.051
2026-10-04 21:44:49.821916: val_loss -0.2042
2026-10-04 21:44:49.822264: Pseudo dice [np.float32(0.4024)]
2026-10-04 21:44:49.822490: Epoch time: 75.22 s
2026-10-04 21:44:50.312054: 
2026-10-04 21:44:50.312288: Epoch 89
2026-10-04 21:44:50.312541: Current learning rate: 0.00673
2026-10-04 21:46:06.205688: train_loss -0.0566
2026-10-04 21:46:06.277430: val_loss -0.1919
2026-10-04 21:46:06.277819: Pseudo dice [np.float32(0.3838)]
2026-10-04 21:46:06.278060: Epoch time: 75.89 s
2026-10-04 21:46:06.765534: 
2026-10-04 21:46:06.765916: Epoch 90
2026-10-04 21:46:06.766389: Current learning rate: 0.00669
2026-10-04 21:47:22.254069: train_loss -0.0456
2026-10-04 21:47:22.369135: val_loss -0.2179
2026-10-04 21:47:22.369778: Pseudo dice [np.float32(0.385)]
2026-10-04 21:47:22.370067: Epoch time: 75.49 s
2026-10-04 21:47:22.864422: 
2026-10-04 21:47:22.864721: Epoch 91
2026-10-04 21:47:22.865100: Current learning rate: 0.00665
2026-10-04 21:48:37.794091: train_loss -0.0456
2026-10-04 21:48:37.865847: val_loss -0.2246
2026-10-04 21:48:37.866122: Pseudo dice [np.float32(0.4433)]
2026-10-04 21:48:37.866404: Epoch time: 74.93 s
2026-10-04 21:48:38.355968: 
2026-10-04 21:48:38.356228: Epoch 92
2026-10-04 21:48:38.356489: Current learning rate: 0.00662
2026-10-04 21:49:54.598906: train_loss -0.0516
2026-10-04 21:49:54.670902: val_loss -0.3011
2026-10-04 21:49:54.671108: Pseudo dice [np.float32(0.5005)]
2026-10-04 21:49:54.671328: Epoch time: 76.24 s
2026-10-04 21:49:54.671522: Yayy! New best EMA pseudo Dice: 0.42160001397132874
2026-10-04 21:49:55.566974: 
2026-10-04 21:49:55.567263: Epoch 93
2026-10-04 21:49:55.567599: Current learning rate: 0.00658
2026-10-04 21:51:11.426061: train_loss -0.0573
2026-10-04 21:51:11.498901: val_loss -0.1641
2026-10-04 21:51:11.499127: Pseudo dice [np.float32(0.3035)]
2026-10-04 21:51:11.499331: Epoch time: 75.86 s
2026-10-04 21:51:11.992597: 
2026-10-04 21:51:11.992832: Epoch 94
2026-10-04 21:51:11.993056: Current learning rate: 0.00654
2026-10-04 21:52:28.400898: train_loss -0.0547
2026-10-04 21:52:28.471797: val_loss -0.2855
2026-10-04 21:52:28.472142: Pseudo dice [np.float32(0.5214)]
2026-10-04 21:52:28.472347: Epoch time: 76.41 s
2026-10-04 21:52:28.960891: 
2026-10-04 21:52:28.961167: Epoch 95
2026-10-04 21:52:28.961381: Current learning rate: 0.0065
2026-10-04 21:53:44.300482: train_loss -0.0627
2026-10-04 21:53:44.384834: val_loss -0.1947
2026-10-04 21:53:44.384990: Pseudo dice [np.float32(0.3687)]
2026-10-04 21:53:44.385168: Epoch time: 75.34 s
2026-10-04 21:53:44.884390: 
2026-10-04 21:53:44.884675: Epoch 96
2026-10-04 21:53:44.884974: Current learning rate: 0.00647
2026-10-04 21:55:00.642915: train_loss -0.049
2026-10-04 21:55:00.714908: val_loss -0.2516
2026-10-04 21:55:00.715245: Pseudo dice [np.float32(0.4788)]
2026-10-04 21:55:00.715494: Epoch time: 75.76 s
2026-10-04 21:55:00.715712: Yayy! New best EMA pseudo Dice: 0.421999990940094
2026-10-04 21:55:01.568678: 
2026-10-04 21:55:01.568981: Epoch 97
2026-10-04 21:55:01.569293: Current learning rate: 0.00643
2026-10-04 21:56:16.539357: train_loss -0.0611
2026-10-04 21:56:16.610550: val_loss -0.1788
2026-10-04 21:56:16.610928: Pseudo dice [np.float32(0.4085)]
2026-10-04 21:56:16.611159: Epoch time: 74.97 s
2026-10-04 21:56:17.549683: 
2026-10-04 21:56:17.549955: Epoch 98
2026-10-04 21:56:17.550179: Current learning rate: 0.00639
2026-10-04 21:57:33.280976: train_loss -0.0652
2026-10-04 21:57:33.352910: val_loss -0.2538
2026-10-04 21:57:33.353110: Pseudo dice [np.float32(0.4696)]
2026-10-04 21:57:33.353281: Epoch time: 75.73 s
2026-10-04 21:57:33.353498: Yayy! New best EMA pseudo Dice: 0.42559999227523804
2026-10-04 21:57:34.225116: 
2026-10-04 21:57:34.225385: Epoch 99
2026-10-04 21:57:34.225709: Current learning rate: 0.00635
2026-10-04 21:58:49.726262: train_loss -0.0688
2026-10-04 21:58:49.808820: val_loss -0.281
2026-10-04 21:58:49.809071: Pseudo dice [np.float32(0.511)]
2026-10-04 21:58:49.809315: Epoch time: 75.5 s
2026-10-04 21:58:50.142269: Yayy! New best EMA pseudo Dice: 0.4341000020503998
2026-10-04 21:58:50.970490: 
2026-10-04 21:58:50.970841: Epoch 100
2026-10-04 21:58:50.971131: Current learning rate: 0.00631
2026-10-04 22:00:06.604328: train_loss -0.0706
2026-10-04 22:00:06.676421: val_loss -0.1941
2026-10-04 22:00:06.676635: Pseudo dice [np.float32(0.3766)]
2026-10-04 22:00:06.676841: Epoch time: 75.63 s
2026-10-04 22:00:07.171400: 
2026-10-04 22:00:07.171673: Epoch 101
2026-10-04 22:00:07.171912: Current learning rate: 0.00628
2026-10-04 22:01:22.472793: train_loss -0.0486
2026-10-04 22:01:22.544125: val_loss -0.236
2026-10-04 22:01:22.544374: Pseudo dice [np.float32(0.3985)]
2026-10-04 22:01:22.544589: Epoch time: 75.3 s
2026-10-04 22:01:23.039279: 
2026-10-04 22:01:23.039560: Epoch 102
2026-10-04 22:01:23.039842: Current learning rate: 0.00624
2026-10-04 22:02:38.668544: train_loss -0.0606
2026-10-04 22:02:38.739944: val_loss -0.2409
2026-10-04 22:02:38.740193: Pseudo dice [np.float32(0.4168)]
2026-10-04 22:02:38.740450: Epoch time: 75.63 s
2026-10-04 22:02:39.234253: 
2026-10-04 22:02:39.234546: Epoch 103
2026-10-04 22:02:39.234804: Current learning rate: 0.0062
2026-10-04 22:03:54.834103: train_loss -0.0676
2026-10-04 22:03:54.906918: val_loss -0.3154
2026-10-04 22:03:54.907171: Pseudo dice [np.float32(0.5184)]
2026-10-04 22:03:54.907474: Epoch time: 75.6 s
2026-10-04 22:03:55.447802: 
2026-10-04 22:03:55.448107: Epoch 104
2026-10-04 22:03:55.448298: Current learning rate: 0.00616
2026-10-04 22:05:10.949107: train_loss -0.0553
2026-10-04 22:05:11.031219: val_loss -0.2664
2026-10-04 22:05:11.031483: Pseudo dice [np.float32(0.4583)]
2026-10-04 22:05:11.031754: Epoch time: 75.5 s
2026-10-04 22:05:11.031942: Yayy! New best EMA pseudo Dice: 0.43639999628067017
2026-10-04 22:05:11.925901: 
2026-10-04 22:05:11.926130: Epoch 105
2026-10-04 22:05:11.926366: Current learning rate: 0.00612
2026-10-04 22:06:27.733818: train_loss -0.0518
2026-10-04 22:06:27.809176: val_loss -0.2375
2026-10-04 22:06:27.809458: Pseudo dice [np.float32(0.4843)]
2026-10-04 22:06:27.809627: Epoch time: 75.81 s
2026-10-04 22:06:27.809785: Yayy! New best EMA pseudo Dice: 0.44119998812675476
2026-10-04 22:06:28.696207: 
2026-10-04 22:06:28.696500: Epoch 106
2026-10-04 22:06:28.696869: Current learning rate: 0.00609
2026-10-04 22:07:23.614896: train_loss -0.0563
2026-10-04 22:07:23.615367: val_loss -0.2204
2026-10-04 22:07:23.615757: Pseudo dice [np.float32(0.4806)]
2026-10-04 22:07:23.616010: Epoch time: 54.92 s
2026-10-04 22:07:23.616225: Yayy! New best EMA pseudo Dice: 0.44510000944137573
2026-10-04 22:07:24.452751: 
2026-10-04 22:07:24.453028: Epoch 107
2026-10-04 22:07:24.453443: Current learning rate: 0.00605
2026-10-04 22:08:39.923057: train_loss -0.0596
2026-10-04 22:08:40.037012: val_loss -0.2236
2026-10-04 22:08:40.037267: Pseudo dice [np.float32(0.4496)]
2026-10-04 22:08:40.037438: Epoch time: 75.47 s
2026-10-04 22:08:40.037663: Yayy! New best EMA pseudo Dice: 0.445499986410141
2026-10-04 22:08:40.878308: 
2026-10-04 22:08:40.878614: Epoch 108
2026-10-04 22:08:40.878884: Current learning rate: 0.00601
2026-10-04 22:09:57.096993: train_loss -0.0497
2026-10-04 22:09:57.214964: val_loss -0.2267
2026-10-04 22:09:57.215154: Pseudo dice [np.float32(0.4095)]
2026-10-04 22:09:57.215374: Epoch time: 76.22 s
2026-10-04 22:09:57.740771: 
2026-10-04 22:09:57.741076: Epoch 109
2026-10-04 22:09:57.741295: Current learning rate: 0.00597
2026-10-04 22:11:13.166864: train_loss -0.0521
2026-10-04 22:11:13.275555: val_loss -0.2279
2026-10-04 22:11:13.275843: Pseudo dice [np.float32(0.4391)]
2026-10-04 22:11:13.276026: Epoch time: 75.43 s
2026-10-04 22:11:13.783304: 
2026-10-04 22:11:13.783498: Epoch 110
2026-10-04 22:11:13.783703: Current learning rate: 0.00593
2026-10-04 22:12:29.705339: train_loss -0.0524
2026-10-04 22:12:29.778850: val_loss -0.2295
2026-10-04 22:12:29.779088: Pseudo dice [np.float32(0.4471)]
2026-10-04 22:12:29.779294: Epoch time: 75.92 s
2026-10-04 22:12:30.283024: 
2026-10-04 22:12:30.283267: Epoch 111
2026-10-04 22:12:30.283648: Current learning rate: 0.0059
2026-10-04 22:13:45.510299: train_loss -0.0432
2026-10-04 22:13:45.591841: val_loss -0.3079
2026-10-04 22:13:45.592147: Pseudo dice [np.float32(0.5077)]
2026-10-04 22:13:45.592392: Epoch time: 75.23 s
2026-10-04 22:13:45.592622: Yayy! New best EMA pseudo Dice: 0.4487000107765198
2026-10-04 22:13:46.457876: 
2026-10-04 22:13:46.458142: Epoch 112
2026-10-04 22:13:46.458505: Current learning rate: 0.00586
2026-10-04 22:15:02.355983: train_loss -0.0595
2026-10-04 22:15:02.437434: val_loss -0.2304
2026-10-04 22:15:02.437756: Pseudo dice [np.float32(0.4267)]
2026-10-04 22:15:02.437973: Epoch time: 75.9 s
2026-10-04 22:15:02.931657: 
2026-10-04 22:15:02.931885: Epoch 113
2026-10-04 22:15:02.932116: Current learning rate: 0.00582
2026-10-04 22:16:18.130918: train_loss -0.0462
2026-10-04 22:16:18.211909: val_loss -0.2248
2026-10-04 22:16:18.212267: Pseudo dice [np.float32(0.4145)]
2026-10-04 22:16:18.212478: Epoch time: 75.2 s
2026-10-04 22:16:19.141074: 
2026-10-04 22:16:19.141334: Epoch 114
2026-10-04 22:16:19.141696: Current learning rate: 0.00578
2026-10-04 22:17:34.819733: train_loss -0.0609
2026-10-04 22:17:34.897417: val_loss -0.3004
2026-10-04 22:17:34.897633: Pseudo dice [np.float32(0.5431)]
2026-10-04 22:17:34.897804: Epoch time: 75.68 s
2026-10-04 22:17:34.897975: Yayy! New best EMA pseudo Dice: 0.45329999923706055
2026-10-04 22:17:35.765090: 
2026-10-04 22:17:35.765357: Epoch 115
2026-10-04 22:17:35.765630: Current learning rate: 0.00574
2026-10-04 22:18:51.491726: train_loss -0.0568
2026-10-04 22:18:51.562769: val_loss -0.2139
2026-10-04 22:18:51.563026: Pseudo dice [np.float32(0.4773)]
2026-10-04 22:18:51.563249: Epoch time: 75.73 s
2026-10-04 22:18:51.563462: Yayy! New best EMA pseudo Dice: 0.45570001006126404
2026-10-04 22:18:52.409109: 
2026-10-04 22:18:52.409456: Epoch 116
2026-10-04 22:18:52.409785: Current learning rate: 0.0057
2026-10-04 22:20:07.300269: train_loss -0.0528
2026-10-04 22:20:07.373107: val_loss -0.2905
2026-10-04 22:20:07.373368: Pseudo dice [np.float32(0.51)]
2026-10-04 22:20:07.373610: Epoch time: 74.89 s
2026-10-04 22:20:07.373804: Yayy! New best EMA pseudo Dice: 0.4611000120639801
2026-10-04 22:20:08.292341: 
2026-10-04 22:20:08.292637: Epoch 117
2026-10-04 22:20:08.292905: Current learning rate: 0.00567
2026-10-04 22:21:23.282872: train_loss -0.0437
2026-10-04 22:21:23.359927: val_loss -0.2124
2026-10-04 22:21:23.360234: Pseudo dice [np.float32(0.4574)]
2026-10-04 22:21:23.360487: Epoch time: 74.99 s
2026-10-04 22:21:23.857104: 
2026-10-04 22:21:23.857410: Epoch 118
2026-10-04 22:21:23.857741: Current learning rate: 0.00563
2026-10-04 22:22:39.554527: train_loss -0.0567
2026-10-04 22:22:39.627336: val_loss -0.2514
2026-10-04 22:22:39.627709: Pseudo dice [np.float32(0.4831)]
2026-10-04 22:22:39.627971: Epoch time: 75.7 s
2026-10-04 22:22:39.628226: Yayy! New best EMA pseudo Dice: 0.46299999952316284
2026-10-04 22:22:40.507244: 
2026-10-04 22:22:40.507511: Epoch 119
2026-10-04 22:22:40.507849: Current learning rate: 0.00559
2026-10-04 22:23:56.204471: train_loss -0.064
2026-10-04 22:23:56.287007: val_loss -0.1814
2026-10-04 22:23:56.287267: Pseudo dice [np.float32(0.3934)]
2026-10-04 22:23:56.287484: Epoch time: 75.7 s
2026-10-04 22:23:56.785042: 
2026-10-04 22:23:56.785329: Epoch 120
2026-10-04 22:23:56.785637: Current learning rate: 0.00555
2026-10-04 22:25:12.667453: train_loss -0.0561
2026-10-04 22:25:12.748750: val_loss -0.257
2026-10-04 22:25:12.748946: Pseudo dice [np.float32(0.501)]
2026-10-04 22:25:12.749101: Epoch time: 75.88 s
2026-10-04 22:25:13.243096: 
2026-10-04 22:25:13.243387: Epoch 121
2026-10-04 22:25:13.243684: Current learning rate: 0.00551
2026-10-04 22:26:29.034911: train_loss -0.0649
2026-10-04 22:26:29.126010: val_loss -0.273
2026-10-04 22:26:29.126311: Pseudo dice [np.float32(0.4594)]
2026-10-04 22:26:29.126576: Epoch time: 75.79 s
2026-10-04 22:26:29.624336: 
2026-10-04 22:26:29.624683: Epoch 122
2026-10-04 22:26:29.625160: Current learning rate: 0.00547
2026-10-04 22:27:45.712265: train_loss -0.0667
2026-10-04 22:27:45.784200: val_loss -0.2857
2026-10-04 22:27:45.784487: Pseudo dice [np.float32(0.5317)]
2026-10-04 22:27:45.784728: Epoch time: 76.09 s
2026-10-04 22:27:45.784991: Yayy! New best EMA pseudo Dice: 0.4675000011920929
2026-10-04 22:27:46.708990: 
2026-10-04 22:27:46.709256: Epoch 123
2026-10-04 22:27:46.709640: Current learning rate: 0.00544
2026-10-04 22:29:01.976529: train_loss -0.0783
2026-10-04 22:29:02.047962: val_loss -0.2793
2026-10-04 22:29:02.048239: Pseudo dice [np.float32(0.4804)]
2026-10-04 22:29:02.048459: Epoch time: 75.27 s
2026-10-04 22:29:02.048666: Yayy! New best EMA pseudo Dice: 0.46880000829696655
2026-10-04 22:29:03.026613: 
2026-10-04 22:29:03.026921: Epoch 124
2026-10-04 22:29:03.027193: Current learning rate: 0.0054
2026-10-04 22:30:18.861459: train_loss -0.0748
2026-10-04 22:30:18.944522: val_loss -0.2932
2026-10-04 22:30:18.944803: Pseudo dice [np.float32(0.5052)]
2026-10-04 22:30:18.945014: Epoch time: 75.84 s
2026-10-04 22:30:18.945192: Yayy! New best EMA pseudo Dice: 0.4724999964237213
2026-10-04 22:30:19.810143: 
2026-10-04 22:30:19.810389: Epoch 125
2026-10-04 22:30:19.810726: Current learning rate: 0.00536
2026-10-04 22:31:35.601118: train_loss -0.0778
2026-10-04 22:31:35.673116: val_loss -0.3187
2026-10-04 22:31:35.673409: Pseudo dice [np.float32(0.5769)]
2026-10-04 22:31:35.673622: Epoch time: 75.79 s
2026-10-04 22:31:35.673829: Yayy! New best EMA pseudo Dice: 0.4828999936580658
2026-10-04 22:31:36.619742: 
2026-10-04 22:31:36.620042: Epoch 126
2026-10-04 22:31:36.620662: Current learning rate: 0.00532
2026-10-04 22:32:51.958207: train_loss -0.0615
2026-10-04 22:32:52.034581: val_loss -0.3058
2026-10-04 22:32:52.034870: Pseudo dice [np.float32(0.5103)]
2026-10-04 22:32:52.035096: Epoch time: 75.34 s
2026-10-04 22:32:52.035276: Yayy! New best EMA pseudo Dice: 0.48559999465942383
2026-10-04 22:32:52.909559: 
2026-10-04 22:32:52.909850: Epoch 127
2026-10-04 22:32:52.910222: Current learning rate: 0.00528
2026-10-04 22:34:08.574552: train_loss -0.0628
2026-10-04 22:34:08.645814: val_loss -0.252
2026-10-04 22:34:08.646095: Pseudo dice [np.float32(0.4771)]
2026-10-04 22:34:08.646305: Epoch time: 75.67 s
2026-10-04 22:34:09.341851: 
2026-10-04 22:34:09.342059: Epoch 128
2026-10-04 22:34:09.342257: Current learning rate: 0.00524
2026-10-04 22:35:24.916739: train_loss -0.0572
2026-10-04 22:35:24.991885: val_loss -0.2786
2026-10-04 22:35:24.992168: Pseudo dice [np.float32(0.457)]
2026-10-04 22:35:24.992362: Epoch time: 75.58 s
2026-10-04 22:35:25.945127: 
2026-10-04 22:35:25.945485: Epoch 129
2026-10-04 22:35:25.945884: Current learning rate: 0.0052
2026-10-04 22:36:41.320355: train_loss -0.0722
2026-10-04 22:36:41.392555: val_loss -0.2265
2026-10-04 22:36:41.392814: Pseudo dice [np.float32(0.4778)]
2026-10-04 22:36:41.393096: Epoch time: 75.38 s
2026-10-04 22:36:41.894712: 
2026-10-04 22:36:41.894972: Epoch 130
2026-10-04 22:36:41.895294: Current learning rate: 0.00517
2026-10-04 22:37:57.406455: train_loss -0.0695
2026-10-04 22:37:57.500073: val_loss -0.2773
2026-10-04 22:37:57.500263: Pseudo dice [np.float32(0.5719)]
2026-10-04 22:37:57.500461: Epoch time: 75.51 s
2026-10-04 22:37:57.500663: Yayy! New best EMA pseudo Dice: 0.49059998989105225
2026-10-04 22:37:58.488479: 
2026-10-04 22:37:58.488794: Epoch 131
2026-10-04 22:37:58.489113: Current learning rate: 0.00513
2026-10-04 22:39:13.892895: train_loss -0.0628
2026-10-04 22:39:13.964405: val_loss -0.2985
2026-10-04 22:39:13.964731: Pseudo dice [np.float32(0.4905)]
2026-10-04 22:39:13.964919: Epoch time: 75.41 s
2026-10-04 22:39:14.469280: 
2026-10-04 22:39:14.469522: Epoch 132
2026-10-04 22:39:14.469858: Current learning rate: 0.00509
2026-10-04 22:40:30.348432: train_loss -0.0618
2026-10-04 22:40:30.455164: val_loss -0.2599
2026-10-04 22:40:30.455523: Pseudo dice [np.float32(0.5046)]
2026-10-04 22:40:30.455873: Epoch time: 75.88 s
2026-10-04 22:40:30.456080: Yayy! New best EMA pseudo Dice: 0.492000013589859
2026-10-04 22:40:31.390090: 
2026-10-04 22:40:31.390343: Epoch 133
2026-10-04 22:40:31.390559: Current learning rate: 0.00505
2026-10-04 22:41:46.331810: train_loss -0.0408
2026-10-04 22:41:46.403303: val_loss -0.2831
2026-10-04 22:41:46.403548: Pseudo dice [np.float32(0.4645)]
2026-10-04 22:41:46.403713: Epoch time: 74.94 s
2026-10-04 22:41:46.902764: 
2026-10-04 22:41:46.903035: Epoch 134
2026-10-04 22:41:46.903325: Current learning rate: 0.00501
2026-10-04 22:43:02.013442: train_loss -0.0813
2026-10-04 22:43:02.084813: val_loss -0.2651
2026-10-04 22:43:02.085091: Pseudo dice [np.float32(0.5419)]
2026-10-04 22:43:02.085294: Epoch time: 75.11 s
2026-10-04 22:43:02.085491: Yayy! New best EMA pseudo Dice: 0.4945000112056732
2026-10-04 22:43:03.025089: 
2026-10-04 22:43:03.025355: Epoch 135
2026-10-04 22:43:03.025614: Current learning rate: 0.00497
2026-10-04 22:44:18.560019: train_loss -0.0491
2026-10-04 22:44:18.631846: val_loss -0.1427
2026-10-04 22:44:18.632134: Pseudo dice [np.float32(0.2962)]
2026-10-04 22:44:18.632354: Epoch time: 75.54 s
2026-10-04 22:44:19.136379: 
2026-10-04 22:44:19.136695: Epoch 136
2026-10-04 22:44:19.136943: Current learning rate: 0.00493
2026-10-04 22:45:34.266603: train_loss -0.0678
2026-10-04 22:45:34.351263: val_loss -0.2343
2026-10-04 22:45:34.351464: Pseudo dice [np.float32(0.4542)]
2026-10-04 22:45:34.351701: Epoch time: 75.13 s
2026-10-04 22:45:34.856867: 
2026-10-04 22:45:34.857073: Epoch 137
2026-10-04 22:45:34.857349: Current learning rate: 0.00489
2026-10-04 22:46:49.936525: train_loss -0.0578
2026-10-04 22:46:50.007444: val_loss -0.2774
2026-10-04 22:46:50.007721: Pseudo dice [np.float32(0.5471)]
2026-10-04 22:46:50.007920: Epoch time: 75.08 s
2026-10-04 22:46:50.501584: 
2026-10-04 22:46:50.501889: Epoch 138
2026-10-04 22:46:50.502186: Current learning rate: 0.00485
2026-10-04 22:48:06.210459: train_loss -0.0723
2026-10-04 22:48:06.289813: val_loss -0.2015
2026-10-04 22:48:06.290078: Pseudo dice [np.float32(0.4438)]
2026-10-04 22:48:06.290298: Epoch time: 75.71 s
2026-10-04 22:48:06.837765: 
2026-10-04 22:48:06.838064: Epoch 139
2026-10-04 22:48:06.838374: Current learning rate: 0.00482
2026-10-04 22:49:22.477593: train_loss -0.0606
2026-10-04 22:49:22.549973: val_loss -0.1617
2026-10-04 22:49:22.550194: Pseudo dice [np.float32(0.4039)]
2026-10-04 22:49:22.550400: Epoch time: 75.64 s
2026-10-04 22:49:23.052887: 
2026-10-04 22:49:23.053162: Epoch 140
2026-10-04 22:49:23.053519: Current learning rate: 0.00478
2026-10-04 22:50:38.573498: train_loss -0.0477
2026-10-04 22:50:38.644681: val_loss -0.2928
2026-10-04 22:50:38.644954: Pseudo dice [np.float32(0.4938)]
2026-10-04 22:50:38.645152: Epoch time: 75.52 s
2026-10-04 22:50:39.149486: 
2026-10-04 22:50:39.149784: Epoch 141
2026-10-04 22:50:39.150115: Current learning rate: 0.00474
2026-10-04 22:51:55.419507: train_loss -0.0491
2026-10-04 22:51:55.494307: val_loss -0.2053
2026-10-04 22:51:55.494585: Pseudo dice [np.float32(0.5171)]
2026-10-04 22:51:55.494784: Epoch time: 76.27 s
2026-10-04 22:51:56.016331: 
2026-10-04 22:51:56.016576: Epoch 142
2026-10-04 22:51:56.016774: Current learning rate: 0.0047
2026-10-04 22:53:12.039598: train_loss -0.0858
2026-10-04 22:53:12.135444: val_loss -0.1833
2026-10-04 22:53:12.135654: Pseudo dice [np.float32(0.4055)]
2026-10-04 22:53:12.135876: Epoch time: 76.02 s
2026-10-04 22:53:12.639491: 
2026-10-04 22:53:12.639800: Epoch 143
2026-10-04 22:53:12.640245: Current learning rate: 0.00466
2026-10-04 22:54:28.118623: train_loss -0.056
2026-10-04 22:54:28.194019: val_loss -0.2785
2026-10-04 22:54:28.194441: Pseudo dice [np.float32(0.4782)]
2026-10-04 22:54:28.194743: Epoch time: 75.48 s
2026-10-04 22:54:29.169890: 
2026-10-04 22:54:29.170197: Epoch 144
2026-10-04 22:54:29.170542: Current learning rate: 0.00462
2026-10-04 22:55:44.448389: train_loss -0.0554
2026-10-04 22:55:44.537137: val_loss -0.3061
2026-10-04 22:55:44.537444: Pseudo dice [np.float32(0.5065)]
2026-10-04 22:55:44.537601: Epoch time: 75.28 s
2026-10-04 22:55:45.040377: 
2026-10-04 22:55:45.040703: Epoch 145
2026-10-04 22:55:45.041051: Current learning rate: 0.00458
2026-10-04 22:57:01.117144: train_loss -0.0521
2026-10-04 22:57:01.194674: val_loss -0.2578
2026-10-04 22:57:01.195031: Pseudo dice [np.float32(0.4979)]
2026-10-04 22:57:01.195375: Epoch time: 76.08 s
2026-10-04 22:57:01.698426: 
2026-10-04 22:57:01.698715: Epoch 146
2026-10-04 22:57:01.699183: Current learning rate: 0.00454
2026-10-04 22:58:17.401172: train_loss -0.0753
2026-10-04 22:58:17.498732: val_loss -0.2735
2026-10-04 22:58:17.499081: Pseudo dice [np.float32(0.5309)]
2026-10-04 22:58:17.499306: Epoch time: 75.7 s
2026-10-04 22:58:18.005938: 
2026-10-04 22:58:18.006138: Epoch 147
2026-10-04 22:58:18.006474: Current learning rate: 0.0045
2026-10-04 22:59:33.605980: train_loss -0.066
2026-10-04 22:59:33.677890: val_loss -0.2518
2026-10-04 22:59:33.678078: Pseudo dice [np.float32(0.4891)]
2026-10-04 22:59:33.678296: Epoch time: 75.6 s
2026-10-04 22:59:34.183276: 
2026-10-04 22:59:34.183578: Epoch 148
2026-10-04 22:59:34.183940: Current learning rate: 0.00446
2026-10-04 23:00:50.169498: train_loss -0.0594
2026-10-04 23:00:50.270698: val_loss -0.283
2026-10-04 23:00:50.270974: Pseudo dice [np.float32(0.5315)]
2026-10-04 23:00:50.271161: Epoch time: 75.99 s
2026-10-04 23:00:50.785931: 
2026-10-04 23:00:50.786232: Epoch 149
2026-10-04 23:00:50.786519: Current learning rate: 0.00442
2026-10-04 23:02:06.220831: train_loss -0.0672
2026-10-04 23:02:06.294141: val_loss -0.2354
2026-10-04 23:02:06.294443: Pseudo dice [np.float32(0.5268)]
2026-10-04 23:02:06.294659: Epoch time: 75.44 s
2026-10-04 23:02:07.200558: 
2026-10-04 23:02:07.200886: Epoch 150
2026-10-04 23:02:07.201509: Current learning rate: 0.00438
2026-10-04 23:03:22.159146: train_loss -0.0567
2026-10-04 23:03:22.238594: val_loss -0.2848
2026-10-04 23:03:22.238920: Pseudo dice [np.float32(0.5949)]
2026-10-04 23:03:22.239145: Epoch time: 74.96 s
2026-10-04 23:03:22.239314: Yayy! New best EMA pseudo Dice: 0.5016000270843506
2026-10-04 23:03:23.141158: 
2026-10-04 23:03:23.141469: Epoch 151
2026-10-04 23:03:23.141894: Current learning rate: 0.00434
2026-10-04 23:04:39.256028: train_loss -0.0619
2026-10-04 23:04:39.328632: val_loss -0.3675
2026-10-04 23:04:39.328897: Pseudo dice [np.float32(0.6172)]
2026-10-04 23:04:39.329119: Epoch time: 76.12 s
2026-10-04 23:04:39.329338: Yayy! New best EMA pseudo Dice: 0.5131000280380249
2026-10-04 23:04:40.231905: 
2026-10-04 23:04:40.232293: Epoch 152
2026-10-04 23:04:40.232691: Current learning rate: 0.0043
2026-10-04 23:05:56.396230: train_loss -0.068
2026-10-04 23:05:56.474612: val_loss -0.295
2026-10-04 23:05:56.474894: Pseudo dice [np.float32(0.5285)]
2026-10-04 23:05:56.475159: Epoch time: 76.16 s
2026-10-04 23:05:56.475371: Yayy! New best EMA pseudo Dice: 0.5146999955177307
2026-10-04 23:05:57.365380: 
2026-10-04 23:05:57.365694: Epoch 153
2026-10-04 23:05:57.366014: Current learning rate: 0.00427
2026-10-04 23:07:11.998180: train_loss -0.048
2026-10-04 23:07:12.070320: val_loss -0.2818
2026-10-04 23:07:12.070681: Pseudo dice [np.float32(0.4971)]
2026-10-04 23:07:12.070915: Epoch time: 74.63 s
2026-10-04 23:07:12.595035: 
2026-10-04 23:07:12.595357: Epoch 154
2026-10-04 23:07:12.595735: Current learning rate: 0.00423
2026-10-04 23:08:28.424189: train_loss -0.0558
2026-10-04 23:08:28.499914: val_loss -0.2584
2026-10-04 23:08:28.500201: Pseudo dice [np.float32(0.4954)]
2026-10-04 23:08:28.500390: Epoch time: 75.83 s
2026-10-04 23:08:29.026626: 
2026-10-04 23:08:29.026943: Epoch 155
2026-10-04 23:08:29.027323: Current learning rate: 0.00419
2026-10-04 23:09:44.475413: train_loss -0.0565
2026-10-04 23:09:44.548267: val_loss -0.2593
2026-10-04 23:09:44.548563: Pseudo dice [np.float32(0.4817)]
2026-10-04 23:09:44.548816: Epoch time: 75.45 s
2026-10-04 23:09:45.065647: 
2026-10-04 23:09:45.065946: Epoch 156
2026-10-04 23:09:45.066457: Current learning rate: 0.00415
2026-10-04 23:11:00.688069: train_loss -0.0652
2026-10-04 23:11:00.768050: val_loss -0.3025
2026-10-04 23:11:00.768352: Pseudo dice [np.float32(0.4975)]
2026-10-04 23:11:00.768603: Epoch time: 75.62 s
2026-10-04 23:11:01.286510: 
2026-10-04 23:11:01.286858: Epoch 157
2026-10-04 23:11:01.287345: Current learning rate: 0.00411
2026-10-04 23:12:16.668455: train_loss -0.0752
2026-10-04 23:12:16.748455: val_loss -0.2237
2026-10-04 23:12:16.748818: Pseudo dice [np.float32(0.4509)]
2026-10-04 23:12:16.749046: Epoch time: 75.38 s
2026-10-04 23:12:17.267478: 
2026-10-04 23:12:17.267846: Epoch 158
2026-10-04 23:12:17.268294: Current learning rate: 0.00407
2026-10-04 23:13:31.509129: train_loss -0.0724
2026-10-04 23:13:31.588418: val_loss -0.3754
2026-10-04 23:13:31.588657: Pseudo dice [np.float32(0.6158)]
2026-10-04 23:13:31.588850: Epoch time: 74.24 s
2026-10-04 23:13:32.672898: 
2026-10-04 23:13:32.673273: Epoch 159
2026-10-04 23:13:32.673489: Current learning rate: 0.00403
2026-10-04 23:14:27.122330: train_loss -0.0746
2026-10-04 23:14:27.122768: val_loss -0.3265
2026-10-04 23:14:27.123031: Pseudo dice [np.float32(0.5731)]
2026-10-04 23:14:27.123268: Epoch time: 54.45 s
2026-10-04 23:14:27.123551: Yayy! New best EMA pseudo Dice: 0.5189999938011169
2026-10-04 23:14:28.068273: 
2026-10-04 23:14:28.068762: Epoch 160
2026-10-04 23:14:28.069449: Current learning rate: 0.00399
2026-10-04 23:15:44.810508: train_loss -0.0722
2026-10-04 23:15:44.887612: val_loss -0.2888
2026-10-04 23:15:44.887897: Pseudo dice [np.float32(0.5086)]
2026-10-04 23:15:44.888105: Epoch time: 76.74 s
2026-10-04 23:15:45.400435: 
2026-10-04 23:15:45.400831: Epoch 161
2026-10-04 23:15:45.401288: Current learning rate: 0.00395
2026-10-04 23:17:01.407599: train_loss -0.0642
2026-10-04 23:17:01.485783: val_loss -0.3456
2026-10-04 23:17:01.486169: Pseudo dice [np.float32(0.5747)]
2026-10-04 23:17:01.486462: Epoch time: 76.01 s
2026-10-04 23:17:01.486774: Yayy! New best EMA pseudo Dice: 0.5235999822616577
2026-10-04 23:17:02.456398: 
2026-10-04 23:17:02.456778: Epoch 162
2026-10-04 23:17:02.457123: Current learning rate: 0.00391
2026-10-04 23:18:18.383425: train_loss -0.0708
2026-10-04 23:18:18.469849: val_loss -0.2331
2026-10-04 23:18:18.470217: Pseudo dice [np.float32(0.4643)]
2026-10-04 23:18:18.470456: Epoch time: 75.93 s
2026-10-04 23:18:18.991227: 
2026-10-04 23:18:18.991576: Epoch 163
2026-10-04 23:18:18.991988: Current learning rate: 0.00387
2026-10-04 23:19:34.523715: train_loss -0.0824
2026-10-04 23:19:34.604408: val_loss -0.342
2026-10-04 23:19:34.604700: Pseudo dice [np.float32(0.572)]
2026-10-04 23:19:34.604971: Epoch time: 75.53 s
2026-10-04 23:19:35.118720: 
2026-10-04 23:19:35.119057: Epoch 164
2026-10-04 23:19:35.119482: Current learning rate: 0.00383
2026-10-04 23:20:51.087781: train_loss -0.0664
2026-10-04 23:20:51.176651: val_loss -0.2665
2026-10-04 23:20:51.176882: Pseudo dice [np.float32(0.5292)]
2026-10-04 23:20:51.177129: Epoch time: 75.97 s
2026-10-04 23:20:51.177340: Yayy! New best EMA pseudo Dice: 0.5236999988555908
2026-10-04 23:20:52.083206: 
2026-10-04 23:20:52.083519: Epoch 165
2026-10-04 23:20:52.083868: Current learning rate: 0.00379
2026-10-04 23:22:08.753842: train_loss -0.076
2026-10-04 23:22:08.824002: val_loss -0.3173
2026-10-04 23:22:08.824237: Pseudo dice [np.float32(0.4963)]
2026-10-04 23:22:08.824435: Epoch time: 76.67 s
2026-10-04 23:22:09.324737: 
2026-10-04 23:22:09.325064: Epoch 166
2026-10-04 23:22:09.325477: Current learning rate: 0.00375
2026-10-04 23:23:25.407698: train_loss -0.0795
2026-10-04 23:23:25.479232: val_loss -0.2861
2026-10-04 23:23:25.479462: Pseudo dice [np.float32(0.5158)]
2026-10-04 23:23:25.479762: Epoch time: 76.08 s
2026-10-04 23:23:25.990768: 
2026-10-04 23:23:25.991137: Epoch 167
2026-10-04 23:23:25.991414: Current learning rate: 0.00371
2026-10-04 23:24:41.917575: train_loss -0.0779
2026-10-04 23:24:41.991320: val_loss -0.2295
2026-10-04 23:24:41.991588: Pseudo dice [np.float32(0.4656)]
2026-10-04 23:24:41.991846: Epoch time: 75.93 s
2026-10-04 23:24:42.501517: 
2026-10-04 23:24:42.501857: Epoch 168
2026-10-04 23:24:42.502157: Current learning rate: 0.00367
2026-10-04 23:25:58.389653: train_loss -0.0806
2026-10-04 23:25:58.464475: val_loss -0.3004
2026-10-04 23:25:58.464785: Pseudo dice [np.float32(0.5407)]
2026-10-04 23:25:58.465036: Epoch time: 75.89 s
2026-10-04 23:25:58.990822: 
2026-10-04 23:25:58.991184: Epoch 169
2026-10-04 23:25:58.991585: Current learning rate: 0.00363
2026-10-04 23:27:15.505436: train_loss -0.085
2026-10-04 23:27:15.581472: val_loss -0.2816
2026-10-04 23:27:15.581733: Pseudo dice [np.float32(0.4191)]
2026-10-04 23:27:15.581907: Epoch time: 76.52 s
2026-10-04 23:27:16.083601: 
2026-10-04 23:27:16.083859: Epoch 170
2026-10-04 23:27:16.084121: Current learning rate: 0.00359
2026-10-04 23:28:32.033316: train_loss -0.0659
2026-10-04 23:28:32.104102: val_loss -0.265
2026-10-04 23:28:32.104278: Pseudo dice [np.float32(0.4533)]
2026-10-04 23:28:32.104478: Epoch time: 75.95 s
2026-10-04 23:28:32.627289: 
2026-10-04 23:28:32.627539: Epoch 171
2026-10-04 23:28:32.627838: Current learning rate: 0.00355
2026-10-04 23:29:48.312682: train_loss -0.0677
2026-10-04 23:29:48.390840: val_loss -0.3192
2026-10-04 23:29:48.391087: Pseudo dice [np.float32(0.5199)]
2026-10-04 23:29:48.391278: Epoch time: 75.69 s
2026-10-04 23:29:48.898238: 
2026-10-04 23:29:48.898424: Epoch 172
2026-10-04 23:29:48.898617: Current learning rate: 0.00351
2026-10-04 23:31:04.579080: train_loss -0.0862
2026-10-04 23:31:04.671950: val_loss -0.255
2026-10-04 23:31:04.672186: Pseudo dice [np.float32(0.478)]
2026-10-04 23:31:04.672407: Epoch time: 75.68 s
2026-10-04 23:31:05.188142: 
2026-10-04 23:31:05.188390: Epoch 173
2026-10-04 23:31:05.188695: Current learning rate: 0.00346
2026-10-04 23:32:21.394185: train_loss -0.0817
2026-10-04 23:32:21.472605: val_loss -0.2983
2026-10-04 23:32:21.472853: Pseudo dice [np.float32(0.5522)]
2026-10-04 23:32:21.473370: Epoch time: 76.21 s
2026-10-04 23:32:21.983661: 
2026-10-04 23:32:21.983943: Epoch 174
2026-10-04 23:32:21.984241: Current learning rate: 0.00342
2026-10-04 23:33:38.132589: train_loss -0.0652
2026-10-04 23:33:38.205977: val_loss -0.2863
2026-10-04 23:33:38.206250: Pseudo dice [np.float32(0.5504)]
2026-10-04 23:33:38.206434: Epoch time: 76.15 s
2026-10-04 23:33:38.708074: 
2026-10-04 23:33:38.708338: Epoch 175
2026-10-04 23:33:38.708650: Current learning rate: 0.00338
2026-10-04 23:34:53.906681: train_loss -0.0663
2026-10-04 23:34:53.977606: val_loss -0.2826
2026-10-04 23:34:53.977901: Pseudo dice [np.float32(0.5765)]
2026-10-04 23:34:53.978128: Epoch time: 75.2 s
2026-10-04 23:34:54.488198: 
2026-10-04 23:34:54.488451: Epoch 176
2026-10-04 23:34:54.488785: Current learning rate: 0.00334
2026-10-04 23:36:09.812735: train_loss -0.0763
2026-10-04 23:36:09.892335: val_loss -0.2506
2026-10-04 23:36:09.892677: Pseudo dice [np.float32(0.5409)]
2026-10-04 23:36:09.892842: Epoch time: 75.33 s
2026-10-04 23:36:10.408198: 
2026-10-04 23:36:10.408512: Epoch 177
2026-10-04 23:36:10.408872: Current learning rate: 0.0033
2026-10-04 23:37:26.147331: train_loss -0.0805
2026-10-04 23:37:26.218958: val_loss -0.2665
2026-10-04 23:37:26.219167: Pseudo dice [np.float32(0.5182)]
2026-10-04 23:37:26.219388: Epoch time: 75.74 s
2026-10-04 23:37:26.739125: 
2026-10-04 23:37:26.739517: Epoch 178
2026-10-04 23:37:26.739972: Current learning rate: 0.00326
2026-10-04 23:38:42.855100: train_loss -0.0802
2026-10-04 23:38:42.926251: val_loss -0.2741
2026-10-04 23:38:42.926493: Pseudo dice [np.float32(0.5263)]
2026-10-04 23:38:42.926768: Epoch time: 76.12 s
2026-10-04 23:38:43.442385: 
2026-10-04 23:38:43.442679: Epoch 179
2026-10-04 23:38:43.442890: Current learning rate: 0.00322
2026-10-04 23:40:00.147742: train_loss -0.0599
2026-10-04 23:40:00.219752: val_loss -0.274
2026-10-04 23:40:00.220018: Pseudo dice [np.float32(0.5329)]
2026-10-04 23:40:00.220202: Epoch time: 76.71 s
2026-10-04 23:40:00.739300: 
2026-10-04 23:40:00.739602: Epoch 180
2026-10-04 23:40:00.739969: Current learning rate: 0.00318
2026-10-04 23:41:16.691188: train_loss -0.0799
2026-10-04 23:41:16.798279: val_loss -0.3198
2026-10-04 23:41:16.798465: Pseudo dice [np.float32(0.5838)]
2026-10-04 23:41:16.798685: Epoch time: 75.95 s
2026-10-04 23:41:16.798834: Yayy! New best EMA pseudo Dice: 0.5278000235557556
2026-10-04 23:41:17.686207: 
2026-10-04 23:41:17.686501: Epoch 181
2026-10-04 23:41:17.686764: Current learning rate: 0.00314
2026-10-04 23:42:33.738440: train_loss -0.085
2026-10-04 23:42:33.819448: val_loss -0.2612
2026-10-04 23:42:33.819697: Pseudo dice [np.float32(0.5576)]
2026-10-04 23:42:33.819906: Epoch time: 76.05 s
2026-10-04 23:42:33.820109: Yayy! New best EMA pseudo Dice: 0.5307999849319458
2026-10-04 23:42:34.715635: 
2026-10-04 23:42:34.715995: Epoch 182
2026-10-04 23:42:34.716339: Current learning rate: 0.0031
2026-10-04 23:43:51.020544: train_loss -0.0595
2026-10-04 23:43:51.090638: val_loss -0.2441
2026-10-04 23:43:51.090936: Pseudo dice [np.float32(0.4346)]
2026-10-04 23:43:51.091159: Epoch time: 76.31 s
2026-10-04 23:43:51.596250: 
2026-10-04 23:43:51.596521: Epoch 183
2026-10-04 23:43:51.596941: Current learning rate: 0.00306
2026-10-04 23:45:06.764807: train_loss -0.0725
2026-10-04 23:45:06.835079: val_loss -0.269
2026-10-04 23:45:06.835385: Pseudo dice [np.float32(0.5708)]
2026-10-04 23:45:06.835615: Epoch time: 75.17 s
2026-10-04 23:45:07.349842: 
2026-10-04 23:45:07.350133: Epoch 184
2026-10-04 23:45:07.350464: Current learning rate: 0.00302
2026-10-04 23:46:22.689028: train_loss -0.0796
2026-10-04 23:46:22.757979: val_loss -0.276
2026-10-04 23:46:22.758295: Pseudo dice [np.float32(0.4809)]
2026-10-04 23:46:22.758541: Epoch time: 75.34 s
2026-10-04 23:46:23.274389: 
2026-10-04 23:46:23.274774: Epoch 185
2026-10-04 23:46:23.275150: Current learning rate: 0.00297
2026-10-04 23:47:39.246058: train_loss -0.0612
2026-10-04 23:47:39.340095: val_loss -0.2897
2026-10-04 23:47:39.340317: Pseudo dice [np.float32(0.5497)]
2026-10-04 23:47:39.340540: Epoch time: 75.97 s
2026-10-04 23:47:39.860235: 
2026-10-04 23:47:39.860510: Epoch 186
2026-10-04 23:47:39.860751: Current learning rate: 0.00293
2026-10-04 23:48:55.083833: train_loss -0.067
2026-10-04 23:48:55.154196: val_loss -0.2748
2026-10-04 23:48:55.154415: Pseudo dice [np.float32(0.4955)]
2026-10-04 23:48:55.154629: Epoch time: 75.22 s
2026-10-04 23:48:55.666546: 
2026-10-04 23:48:55.666858: Epoch 187
2026-10-04 23:48:55.667301: Current learning rate: 0.00289
2026-10-04 23:50:11.298401: train_loss -0.0871
2026-10-04 23:50:11.367617: val_loss -0.2895
2026-10-04 23:50:11.367914: Pseudo dice [np.float32(0.5402)]
2026-10-04 23:50:11.368128: Epoch time: 75.63 s
2026-10-04 23:50:11.896582: 
2026-10-04 23:50:11.896872: Epoch 188
2026-10-04 23:50:11.897222: Current learning rate: 0.00285
2026-10-04 23:51:28.132467: train_loss -0.0719
2026-10-04 23:51:28.254354: val_loss -0.2658
2026-10-04 23:51:28.254685: Pseudo dice [np.float32(0.5213)]
2026-10-04 23:51:28.254988: Epoch time: 76.24 s
2026-10-04 23:51:28.803552: 
2026-10-04 23:51:28.803982: Epoch 189
2026-10-04 23:51:28.804473: Current learning rate: 0.00281
2026-10-04 23:52:45.340725: train_loss -0.08
2026-10-04 23:52:45.411784: val_loss -0.3062
2026-10-04 23:52:45.412093: Pseudo dice [np.float32(0.5502)]
2026-10-04 23:52:45.412316: Epoch time: 76.54 s
2026-10-04 23:52:46.461383: 
2026-10-04 23:52:46.461769: Epoch 190
2026-10-04 23:52:46.462058: Current learning rate: 0.00277
2026-10-04 23:54:02.205238: train_loss -0.0545
2026-10-04 23:54:02.280547: val_loss -0.2996
2026-10-04 23:54:02.280805: Pseudo dice [np.float32(0.5689)]
2026-10-04 23:54:02.281049: Epoch time: 75.74 s
2026-10-04 23:54:02.827291: 
2026-10-04 23:54:02.827619: Epoch 191
2026-10-04 23:54:02.828009: Current learning rate: 0.00273
2026-10-04 23:55:17.813434: train_loss -0.0731
2026-10-04 23:55:17.883339: val_loss -0.2586
2026-10-04 23:55:17.883615: Pseudo dice [np.float32(0.4937)]
2026-10-04 23:55:17.883991: Epoch time: 74.99 s
2026-10-04 23:55:18.437776: 
2026-10-04 23:55:18.438136: Epoch 192
2026-10-04 23:55:18.438522: Current learning rate: 0.00268
2026-10-04 23:56:34.823360: train_loss -0.0834
2026-10-04 23:56:34.905622: val_loss -0.3131
2026-10-04 23:56:34.905913: Pseudo dice [np.float32(0.5824)]
2026-10-04 23:56:34.906084: Epoch time: 76.39 s
2026-10-04 23:56:34.906209: Yayy! New best EMA pseudo Dice: 0.5321000218391418
2026-10-04 23:56:35.851787: 
2026-10-04 23:56:35.852180: Epoch 193
2026-10-04 23:56:35.852593: Current learning rate: 0.00264
2026-10-04 23:57:51.805562: train_loss -0.07
2026-10-04 23:57:51.882738: val_loss -0.2927
2026-10-04 23:57:51.883022: Pseudo dice [np.float32(0.5293)]
2026-10-04 23:57:51.883295: Epoch time: 75.95 s
2026-10-04 23:57:52.438030: 
2026-10-04 23:57:52.438342: Epoch 194
2026-10-04 23:57:52.438693: Current learning rate: 0.0026
2026-10-04 23:59:07.963151: train_loss -0.0774
2026-10-04 23:59:08.037209: val_loss -0.2475
2026-10-04 23:59:08.037491: Pseudo dice [np.float32(0.4792)]
2026-10-04 23:59:08.037695: Epoch time: 75.53 s
2026-10-04 23:59:08.573661: 
2026-10-04 23:59:08.573925: Epoch 195
2026-10-04 23:59:08.574264: Current learning rate: 0.00256
2026-10-05 00:00:24.289589: train_loss -0.0621
2026-10-05 00:00:24.367272: val_loss -0.3472
2026-10-05 00:00:24.367561: Pseudo dice [np.float32(0.5585)]
2026-10-05 00:00:24.367803: Epoch time: 75.72 s
2026-10-05 00:00:24.904749: 
2026-10-05 00:00:24.905064: Epoch 196
2026-10-05 00:00:24.905448: Current learning rate: 0.00252
2026-10-05 00:01:40.870588: train_loss -0.0782
2026-10-05 00:01:40.953746: val_loss -0.3523
2026-10-05 00:01:40.954026: Pseudo dice [np.float32(0.563)]
2026-10-05 00:01:40.954221: Epoch time: 75.97 s
2026-10-05 00:01:40.954386: Yayy! New best EMA pseudo Dice: 0.5331000089645386
2026-10-05 00:01:41.905478: 
2026-10-05 00:01:41.905899: Epoch 197
2026-10-05 00:01:41.906333: Current learning rate: 0.00248
2026-10-05 00:02:57.598647: train_loss -0.082
2026-10-05 00:02:57.688208: val_loss -0.3153
2026-10-05 00:02:57.688567: Pseudo dice [np.float32(0.5289)]
2026-10-05 00:02:57.688852: Epoch time: 75.69 s
2026-10-05 00:02:58.242757: 
2026-10-05 00:02:58.243106: Epoch 198
2026-10-05 00:02:58.243548: Current learning rate: 0.00243
2026-10-05 00:04:14.856021: train_loss -0.0869
2026-10-05 00:04:14.945478: val_loss -0.278
2026-10-05 00:04:14.945833: Pseudo dice [np.float32(0.5879)]
2026-10-05 00:04:14.946104: Epoch time: 76.61 s
2026-10-05 00:04:14.946333: Yayy! New best EMA pseudo Dice: 0.5382000207901001
2026-10-05 00:04:15.901577: 
2026-10-05 00:04:15.901911: Epoch 199
2026-10-05 00:04:15.902155: Current learning rate: 0.00239
2026-10-05 00:05:31.833773: train_loss -0.0859
2026-10-05 00:05:31.916898: val_loss -0.2979
2026-10-05 00:05:31.917261: Pseudo dice [np.float32(0.5534)]
2026-10-05 00:05:31.917566: Epoch time: 75.93 s
2026-10-05 00:05:32.341215: Yayy! New best EMA pseudo Dice: 0.5396999716758728
2026-10-05 00:05:33.317405: 
2026-10-05 00:05:33.317733: Epoch 200
2026-10-05 00:05:33.318016: Current learning rate: 0.00235
2026-10-05 00:06:48.488776: train_loss -0.0808
2026-10-05 00:06:48.558403: val_loss -0.327
2026-10-05 00:06:48.558767: Pseudo dice [np.float32(0.5712)]
2026-10-05 00:06:48.559006: Epoch time: 75.17 s
2026-10-05 00:06:48.559227: Yayy! New best EMA pseudo Dice: 0.542900025844574
2026-10-05 00:06:49.485160: 
2026-10-05 00:06:49.485473: Epoch 201
2026-10-05 00:06:49.485793: Current learning rate: 0.00231
2026-10-05 00:08:05.589588: train_loss -0.0888
2026-10-05 00:08:05.677881: val_loss -0.3591
2026-10-05 00:08:05.678188: Pseudo dice [np.float32(0.6095)]
2026-10-05 00:08:05.678360: Epoch time: 76.11 s
2026-10-05 00:08:05.678565: Yayy! New best EMA pseudo Dice: 0.5494999885559082
2026-10-05 00:08:06.613558: 
2026-10-05 00:08:06.613843: Epoch 202
2026-10-05 00:08:06.614165: Current learning rate: 0.00226
2026-10-05 00:09:22.855299: train_loss -0.0985
2026-10-05 00:09:22.925433: val_loss -0.3077
2026-10-05 00:09:22.925812: Pseudo dice [np.float32(0.6077)]
2026-10-05 00:09:22.926061: Epoch time: 76.24 s
2026-10-05 00:09:22.926319: Yayy! New best EMA pseudo Dice: 0.5552999973297119
2026-10-05 00:09:23.845674: 
2026-10-05 00:09:23.845991: Epoch 203
2026-10-05 00:09:23.846361: Current learning rate: 0.00222
2026-10-05 00:10:39.381014: train_loss -0.0818
2026-10-05 00:10:39.459419: val_loss -0.3196
2026-10-05 00:10:39.459733: Pseudo dice [np.float32(0.5145)]
2026-10-05 00:10:39.459935: Epoch time: 75.54 s
2026-10-05 00:10:40.002145: 
2026-10-05 00:10:40.002431: Epoch 204
2026-10-05 00:10:40.002794: Current learning rate: 0.00218
2026-10-05 00:11:55.344548: train_loss -0.0897
2026-10-05 00:11:55.465031: val_loss -0.3564
2026-10-05 00:11:55.465417: Pseudo dice [np.float32(0.64)]
2026-10-05 00:11:55.465644: Epoch time: 75.34 s
2026-10-05 00:11:55.465860: Yayy! New best EMA pseudo Dice: 0.5601000189781189
2026-10-05 00:11:56.993099: 
2026-10-05 00:11:56.993480: Epoch 205
2026-10-05 00:11:56.993875: Current learning rate: 0.00214
2026-10-05 00:13:12.504066: train_loss -0.0847
2026-10-05 00:13:12.581216: val_loss -0.3256
2026-10-05 00:13:12.581473: Pseudo dice [np.float32(0.5303)]
2026-10-05 00:13:12.581748: Epoch time: 75.51 s
2026-10-05 00:13:13.110801: 
2026-10-05 00:13:13.111164: Epoch 206
2026-10-05 00:13:13.111550: Current learning rate: 0.00209
2026-10-05 00:14:28.360438: train_loss -0.0783
2026-10-05 00:14:28.430697: val_loss -0.3642
2026-10-05 00:14:28.431006: Pseudo dice [np.float32(0.6526)]
2026-10-05 00:14:28.431246: Epoch time: 75.25 s
2026-10-05 00:14:28.431498: Yayy! New best EMA pseudo Dice: 0.5666999816894531
2026-10-05 00:14:29.365766: 
2026-10-05 00:14:29.366196: Epoch 207
2026-10-05 00:14:29.366609: Current learning rate: 0.00205
2026-10-05 00:15:44.767076: train_loss -0.0663
2026-10-05 00:15:44.836638: val_loss -0.2727
2026-10-05 00:15:44.836939: Pseudo dice [np.float32(0.5596)]
2026-10-05 00:15:44.837222: Epoch time: 75.4 s
2026-10-05 00:15:45.374794: 
2026-10-05 00:15:45.375179: Epoch 208
2026-10-05 00:15:45.375592: Current learning rate: 0.00201
2026-10-05 00:17:00.554624: train_loss -0.0827
2026-10-05 00:17:00.626059: val_loss -0.2943
2026-10-05 00:17:00.626344: Pseudo dice [np.float32(0.6054)]
2026-10-05 00:17:00.626617: Epoch time: 75.18 s
2026-10-05 00:17:00.626840: Yayy! New best EMA pseudo Dice: 0.5698999762535095
2026-10-05 00:17:01.552386: 
2026-10-05 00:17:01.552804: Epoch 209
2026-10-05 00:17:01.553237: Current learning rate: 0.00196
2026-10-05 00:18:17.004945: train_loss -0.0957
2026-10-05 00:18:17.086445: val_loss -0.3166
2026-10-05 00:18:17.086780: Pseudo dice [np.float32(0.6446)]
2026-10-05 00:18:17.087013: Epoch time: 75.45 s
2026-10-05 00:18:17.087253: Yayy! New best EMA pseudo Dice: 0.5774000287055969
2026-10-05 00:18:18.027792: 
2026-10-05 00:18:18.028261: Epoch 210
2026-10-05 00:18:18.028713: Current learning rate: 0.00192
2026-10-05 00:19:33.424815: train_loss -0.092
2026-10-05 00:19:33.504414: val_loss -0.3982
2026-10-05 00:19:33.504777: Pseudo dice [np.float32(0.6427)]
2026-10-05 00:19:33.504991: Epoch time: 75.4 s
2026-10-05 00:19:33.505201: Yayy! New best EMA pseudo Dice: 0.583899974822998
2026-10-05 00:19:34.423110: 
2026-10-05 00:19:34.423442: Epoch 211
2026-10-05 00:19:34.423779: Current learning rate: 0.00188
2026-10-05 00:20:49.908400: train_loss -0.0811
2026-10-05 00:20:49.991694: val_loss -0.3451
2026-10-05 00:20:49.992008: Pseudo dice [np.float32(0.5874)]
2026-10-05 00:20:49.992205: Epoch time: 75.49 s
2026-10-05 00:20:49.992381: Yayy! New best EMA pseudo Dice: 0.5842999815940857
2026-10-05 00:20:50.941112: 
2026-10-05 00:20:50.941442: Epoch 212
2026-10-05 00:20:50.941802: Current learning rate: 0.00184
2026-10-05 00:21:36.958710: train_loss -0.0871
2026-10-05 00:21:36.959105: val_loss -0.3325
2026-10-05 00:21:36.959553: Pseudo dice [np.float32(0.514)]
2026-10-05 00:21:36.959840: Epoch time: 46.02 s
2026-10-05 00:21:37.475781: 
2026-10-05 00:21:37.476139: Epoch 213
2026-10-05 00:21:37.476538: Current learning rate: 0.00179
2026-10-05 00:22:37.350868: train_loss -0.1018
2026-10-05 00:22:37.409018: val_loss -0.3511
2026-10-05 00:22:37.409279: Pseudo dice [np.float32(0.6148)]
2026-10-05 00:22:37.409435: Epoch time: 59.88 s
2026-10-05 00:22:37.924989: 
2026-10-05 00:22:37.925365: Epoch 214
2026-10-05 00:22:37.925784: Current learning rate: 0.00175
2026-10-05 00:23:54.072862: train_loss -0.0809
2026-10-05 00:23:54.146567: val_loss -0.3025
2026-10-05 00:23:54.146903: Pseudo dice [np.float32(0.5569)]
2026-10-05 00:23:54.147166: Epoch time: 76.15 s
2026-10-05 00:23:54.676270: 
2026-10-05 00:23:54.676911: Epoch 215
2026-10-05 00:23:54.677299: Current learning rate: 0.0017
2026-10-05 00:25:09.415281: train_loss -0.0836
2026-10-05 00:25:09.489605: val_loss -0.3267
2026-10-05 00:25:09.489926: Pseudo dice [np.float32(0.5478)]
2026-10-05 00:25:09.490196: Epoch time: 74.74 s
2026-10-05 00:25:10.007621: 
2026-10-05 00:25:10.007927: Epoch 216
2026-10-05 00:25:10.008194: Current learning rate: 0.00166
2026-10-05 00:26:25.981927: train_loss -0.092
2026-10-05 00:26:26.055150: val_loss -0.3683
2026-10-05 00:26:26.055455: Pseudo dice [np.float32(0.6412)]
2026-10-05 00:26:26.055677: Epoch time: 75.97 s
2026-10-05 00:26:26.593251: 
2026-10-05 00:26:26.593611: Epoch 217
2026-10-05 00:26:26.593882: Current learning rate: 0.00162
2026-10-05 00:27:42.144073: train_loss -0.108
2026-10-05 00:27:42.252968: val_loss -0.3851
2026-10-05 00:27:42.253260: Pseudo dice [np.float32(0.6)]
2026-10-05 00:27:42.253477: Epoch time: 75.55 s
2026-10-05 00:27:42.786393: 
2026-10-05 00:27:42.786793: Epoch 218
2026-10-05 00:27:42.787096: Current learning rate: 0.00157
2026-10-05 00:28:58.238827: train_loss -0.078
2026-10-05 00:28:58.320239: val_loss -0.3006
2026-10-05 00:28:58.320584: Pseudo dice [np.float32(0.5216)]
2026-10-05 00:28:58.320911: Epoch time: 75.45 s
2026-10-05 00:28:58.850407: 
2026-10-05 00:28:58.850771: Epoch 219
2026-10-05 00:28:58.851127: Current learning rate: 0.00153
2026-10-05 00:30:14.146120: train_loss -0.0927
2026-10-05 00:30:14.215462: val_loss -0.3476
2026-10-05 00:30:14.215773: Pseudo dice [np.float32(0.5672)]
2026-10-05 00:30:14.216124: Epoch time: 75.3 s
2026-10-05 00:30:14.740561: 
2026-10-05 00:30:14.740858: Epoch 220
2026-10-05 00:30:14.741165: Current learning rate: 0.00148
2026-10-05 00:31:30.868208: train_loss -0.0713
2026-10-05 00:31:30.943521: val_loss -0.3227
2026-10-05 00:31:30.943972: Pseudo dice [np.float32(0.586)]
2026-10-05 00:31:30.944285: Epoch time: 76.13 s
2026-10-05 00:31:31.468071: 
2026-10-05 00:31:31.468381: Epoch 221
2026-10-05 00:31:31.468748: Current learning rate: 0.00144
2026-10-05 00:32:47.144235: train_loss -0.0886
2026-10-05 00:32:47.214314: val_loss -0.3349
2026-10-05 00:32:47.214532: Pseudo dice [np.float32(0.62)]
2026-10-05 00:32:47.214752: Epoch time: 75.68 s
2026-10-05 00:32:48.269576: 
2026-10-05 00:32:48.269919: Epoch 222
2026-10-05 00:32:48.270305: Current learning rate: 0.00139
2026-10-05 00:34:03.669332: train_loss -0.0842
2026-10-05 00:34:03.748350: val_loss -0.3536
2026-10-05 00:34:03.748667: Pseudo dice [np.float32(0.6326)]
2026-10-05 00:34:03.748928: Epoch time: 75.4 s
2026-10-05 00:34:03.749118: Yayy! New best EMA pseudo Dice: 0.586899995803833
2026-10-05 00:34:04.712591: 
2026-10-05 00:34:04.712923: Epoch 223
2026-10-05 00:34:04.713289: Current learning rate: 0.00135
2026-10-05 00:35:20.460510: train_loss -0.091
2026-10-05 00:35:20.541109: val_loss -0.3686
2026-10-05 00:35:20.541468: Pseudo dice [np.float32(0.6086)]
2026-10-05 00:35:20.541733: Epoch time: 75.75 s
2026-10-05 00:35:20.541959: Yayy! New best EMA pseudo Dice: 0.5891000032424927
2026-10-05 00:35:21.491565: 
2026-10-05 00:35:21.491949: Epoch 224
2026-10-05 00:35:21.492462: Current learning rate: 0.0013
2026-10-05 00:36:37.918765: train_loss -0.0884
2026-10-05 00:36:37.990271: val_loss -0.3502
2026-10-05 00:36:37.990593: Pseudo dice [np.float32(0.5442)]
2026-10-05 00:36:37.990813: Epoch time: 76.43 s
2026-10-05 00:36:38.516639: 
2026-10-05 00:36:38.517014: Epoch 225
2026-10-05 00:36:38.517418: Current learning rate: 0.00126
2026-10-05 00:37:53.969800: train_loss -0.0927
2026-10-05 00:37:54.047915: val_loss -0.3553
2026-10-05 00:37:54.048154: Pseudo dice [np.float32(0.5638)]
2026-10-05 00:37:54.048375: Epoch time: 75.45 s
2026-10-05 00:37:54.582391: 
2026-10-05 00:37:54.582718: Epoch 226
2026-10-05 00:37:54.582986: Current learning rate: 0.00121
2026-10-05 00:39:09.688392: train_loss -0.0828
2026-10-05 00:39:09.760191: val_loss -0.32
2026-10-05 00:39:09.760543: Pseudo dice [np.float32(0.5366)]
2026-10-05 00:39:09.760745: Epoch time: 75.11 s
2026-10-05 00:39:10.293952: 
2026-10-05 00:39:10.294359: Epoch 227
2026-10-05 00:39:10.294678: Current learning rate: 0.00117
2026-10-05 00:40:26.131171: train_loss -0.1001
2026-10-05 00:40:26.203336: val_loss -0.3464
2026-10-05 00:40:26.203696: Pseudo dice [np.float32(0.6109)]
2026-10-05 00:40:26.203914: Epoch time: 75.84 s
2026-10-05 00:40:26.883940: 
2026-10-05 00:40:26.884285: Epoch 228
2026-10-05 00:40:26.884869: Current learning rate: 0.00112
2026-10-05 00:41:42.368787: train_loss -0.1114
2026-10-05 00:41:42.445006: val_loss -0.3549
2026-10-05 00:41:42.445250: Pseudo dice [np.float32(0.6142)]
2026-10-05 00:41:42.445467: Epoch time: 75.49 s
2026-10-05 00:41:42.975390: 
2026-10-05 00:41:42.975761: Epoch 229
2026-10-05 00:41:42.976033: Current learning rate: 0.00108
2026-10-05 00:42:57.899203: train_loss -0.0817
2026-10-05 00:42:57.979412: val_loss -0.3227
2026-10-05 00:42:57.979598: Pseudo dice [np.float32(0.5573)]
2026-10-05 00:42:57.979814: Epoch time: 74.92 s
2026-10-05 00:42:58.515029: 
2026-10-05 00:42:58.515330: Epoch 230
2026-10-05 00:42:58.515774: Current learning rate: 0.00103
2026-10-05 00:44:14.027898: train_loss -0.1015
2026-10-05 00:44:14.127941: val_loss -0.3143
2026-10-05 00:44:14.128343: Pseudo dice [np.float32(0.6461)]
2026-10-05 00:44:14.128647: Epoch time: 75.51 s
2026-10-05 00:44:14.662362: 
2026-10-05 00:44:14.662669: Epoch 231
2026-10-05 00:44:14.663038: Current learning rate: 0.00098
2026-10-05 00:45:30.468919: train_loss -0.1073
2026-10-05 00:45:30.540052: val_loss -0.3347
2026-10-05 00:45:30.540319: Pseudo dice [np.float32(0.5662)]
2026-10-05 00:45:30.540612: Epoch time: 75.81 s
2026-10-05 00:45:31.064821: 
2026-10-05 00:45:31.065166: Epoch 232
2026-10-05 00:45:31.065503: Current learning rate: 0.00094
2026-10-05 00:46:45.802705: train_loss -0.0926
2026-10-05 00:46:45.872689: val_loss -0.3419
2026-10-05 00:46:45.872933: Pseudo dice [np.float32(0.617)]
2026-10-05 00:46:45.873137: Epoch time: 74.74 s
2026-10-05 00:46:45.873343: Yayy! New best EMA pseudo Dice: 0.5891000032424927
2026-10-05 00:46:46.814498: 
2026-10-05 00:46:46.814925: Epoch 233
2026-10-05 00:46:46.815288: Current learning rate: 0.00089
2026-10-05 00:48:02.077822: train_loss -0.094
2026-10-05 00:48:02.153607: val_loss -0.3622
2026-10-05 00:48:02.153958: Pseudo dice [np.float32(0.6077)]
2026-10-05 00:48:02.154186: Epoch time: 75.26 s
2026-10-05 00:48:02.154443: Yayy! New best EMA pseudo Dice: 0.5910000205039978
2026-10-05 00:48:03.085459: 
2026-10-05 00:48:03.085760: Epoch 234
2026-10-05 00:48:03.086060: Current learning rate: 0.00084
2026-10-05 00:49:18.322901: train_loss -0.0934
2026-10-05 00:49:18.436280: val_loss -0.2908
2026-10-05 00:49:18.436718: Pseudo dice [np.float32(0.5358)]
2026-10-05 00:49:18.436950: Epoch time: 75.24 s
2026-10-05 00:49:18.962671: 
2026-10-05 00:49:18.962949: Epoch 235
2026-10-05 00:49:18.963301: Current learning rate: 0.00079
2026-10-05 00:50:34.628212: train_loss -0.1002
2026-10-05 00:50:34.698065: val_loss -0.393
2026-10-05 00:50:34.698395: Pseudo dice [np.float32(0.6367)]
2026-10-05 00:50:34.698659: Epoch time: 75.67 s
2026-10-05 00:50:35.219749: 
2026-10-05 00:50:35.220048: Epoch 236
2026-10-05 00:50:35.220389: Current learning rate: 0.00075
2026-10-05 00:51:50.671522: train_loss -0.0825
2026-10-05 00:51:50.741754: val_loss -0.3673
2026-10-05 00:51:50.742118: Pseudo dice [np.float32(0.6204)]
2026-10-05 00:51:50.742364: Epoch time: 75.45 s
2026-10-05 00:51:50.742677: Yayy! New best EMA pseudo Dice: 0.5935999751091003
2026-10-05 00:51:51.642011: 
2026-10-05 00:51:51.642317: Epoch 237
2026-10-05 00:51:51.642713: Current learning rate: 0.0007
2026-10-05 00:53:07.071004: train_loss -0.0902
2026-10-05 00:53:07.142256: val_loss -0.3374
2026-10-05 00:53:07.142526: Pseudo dice [np.float32(0.5774)]
2026-10-05 00:53:07.142752: Epoch time: 75.43 s
2026-10-05 00:53:07.664290: 
2026-10-05 00:53:07.664675: Epoch 238
2026-10-05 00:53:07.665050: Current learning rate: 0.00065
2026-10-05 00:54:24.302723: train_loss -0.1201
2026-10-05 00:54:24.401317: val_loss -0.3484
2026-10-05 00:54:24.401718: Pseudo dice [np.float32(0.5831)]
2026-10-05 00:54:24.401929: Epoch time: 76.64 s
2026-10-05 00:54:24.928530: 
2026-10-05 00:54:24.928891: Epoch 239
2026-10-05 00:54:24.929229: Current learning rate: 0.0006
2026-10-05 00:55:39.973482: train_loss -0.1001
2026-10-05 00:55:40.055102: val_loss -0.3441
2026-10-05 00:55:40.055391: Pseudo dice [np.float32(0.6341)]
2026-10-05 00:55:40.055608: Epoch time: 75.05 s
2026-10-05 00:55:40.055787: Yayy! New best EMA pseudo Dice: 0.5953999757766724
2026-10-05 00:55:41.020563: 
2026-10-05 00:55:41.020925: Epoch 240
2026-10-05 00:55:41.021308: Current learning rate: 0.00055
2026-10-05 00:56:56.213976: train_loss -0.0932
2026-10-05 00:56:56.286812: val_loss -0.2887
2026-10-05 00:56:56.287170: Pseudo dice [np.float32(0.5168)]
2026-10-05 00:56:56.287413: Epoch time: 75.19 s
2026-10-05 00:56:56.807482: 
2026-10-05 00:56:56.807853: Epoch 241
2026-10-05 00:56:56.808284: Current learning rate: 0.0005
2026-10-05 00:58:11.680899: train_loss -0.1004
2026-10-05 00:58:11.762717: val_loss -0.3112
2026-10-05 00:58:11.763029: Pseudo dice [np.float32(0.5384)]
2026-10-05 00:58:11.763290: Epoch time: 74.87 s
2026-10-05 00:58:12.287183: 
2026-10-05 00:58:12.287519: Epoch 242
2026-10-05 00:58:12.287903: Current learning rate: 0.00045
2026-10-05 00:59:27.739136: train_loss -0.0928
2026-10-05 00:59:27.817556: val_loss -0.3251
2026-10-05 00:59:27.817888: Pseudo dice [np.float32(0.6045)]
2026-10-05 00:59:27.818098: Epoch time: 75.45 s
2026-10-05 00:59:28.337030: 
2026-10-05 00:59:28.337333: Epoch 243
2026-10-05 00:59:28.337600: Current learning rate: 0.0004
2026-10-05 01:00:42.067385: train_loss -0.0773
2026-10-05 01:00:42.137014: val_loss -0.3321
2026-10-05 01:00:42.137304: Pseudo dice [np.float32(0.5697)]
2026-10-05 01:00:42.137565: Epoch time: 73.73 s
2026-10-05 01:00:42.655251: 
2026-10-05 01:00:42.655564: Epoch 244
2026-10-05 01:00:42.655970: Current learning rate: 0.00035
2026-10-05 01:01:57.424446: train_loss -0.0848
2026-10-05 01:01:57.511563: val_loss -0.3869
2026-10-05 01:01:57.511811: Pseudo dice [np.float32(0.6545)]
2026-10-05 01:01:57.512041: Epoch time: 74.77 s
2026-10-05 01:01:58.067005: 
2026-10-05 01:01:58.067413: Epoch 245
2026-10-05 01:01:58.067836: Current learning rate: 0.0003
2026-10-05 01:03:13.966062: train_loss -0.0825
2026-10-05 01:03:14.037437: val_loss -0.3834
2026-10-05 01:03:14.037828: Pseudo dice [np.float32(0.603)]
2026-10-05 01:03:14.038149: Epoch time: 75.9 s
2026-10-05 01:03:14.573967: 
2026-10-05 01:03:14.574373: Epoch 246
2026-10-05 01:03:14.574719: Current learning rate: 0.00024
2026-10-05 01:04:30.385250: train_loss -0.0799
2026-10-05 01:04:30.471670: val_loss -0.3147
2026-10-05 01:04:30.471944: Pseudo dice [np.float32(0.6598)]
2026-10-05 01:04:30.472228: Epoch time: 75.81 s
2026-10-05 01:04:30.472393: Yayy! New best EMA pseudo Dice: 0.5985000133514404
2026-10-05 01:04:31.375061: 
2026-10-05 01:04:31.375412: Epoch 247
2026-10-05 01:04:31.375776: Current learning rate: 0.00019
2026-10-05 01:05:47.364506: train_loss -0.0975
2026-10-05 01:05:47.436302: val_loss -0.3365
2026-10-05 01:05:47.436476: Pseudo dice [np.float32(0.5638)]
2026-10-05 01:05:47.436679: Epoch time: 75.99 s
2026-10-05 01:05:47.976441: 
2026-10-05 01:05:47.976727: Epoch 248
2026-10-05 01:05:47.977037: Current learning rate: 0.00013
2026-10-05 01:07:04.071529: train_loss -0.0818
2026-10-05 01:07:04.149512: val_loss -0.3257
2026-10-05 01:07:04.149879: Pseudo dice [np.float32(0.6687)]
2026-10-05 01:07:04.150105: Epoch time: 76.1 s
2026-10-05 01:07:04.150347: Yayy! New best EMA pseudo Dice: 0.602400004863739
2026-10-05 01:07:05.046402: 
2026-10-05 01:07:05.046714: Epoch 249
2026-10-05 01:07:05.047033: Current learning rate: 7e-05
2026-10-05 01:08:21.154032: train_loss -0.0943
2026-10-05 01:08:21.225253: val_loss -0.4187
2026-10-05 01:08:21.225461: Pseudo dice [np.float32(0.6887)]
2026-10-05 01:08:21.225728: Epoch time: 76.11 s
2026-10-05 01:08:21.225907: Yayy! New best EMA pseudo Dice: 0.6110000014305115
2026-10-05 01:08:22.687008: Training done.
2026-10-05 01:08:22.714065: Using splits from existing split file: /root/nnunet_prep/Dataset701_PanoramaPDAC_tight/splits_final.json
2026-10-05 01:08:22.714600: The split file contains 3 splits.
2026-10-05 01:08:22.714785: Desired fold for training: 2
2026-10-05 01:08:22.715008: This split has 1635 training and 319 validation cases.
2026-10-05 01:08:22.718626: predicting 100006_00001
2026-10-05 01:08:22.736935: 100006_00001, shape torch.Size([1, 104, 231, 393]), rank 0
2026-10-05 01:08:34.500737: predicting 100035_00001
2026-10-05 01:08:34.514219: 100035_00001, shape torch.Size([1, 68, 207, 406]), rank 0
2026-10-05 01:08:38.671033: predicting 100047_00001
2026-10-05 01:08:38.693357: 100047_00001, shape torch.Size([1, 75, 265, 475]), rank 0
2026-10-05 01:08:50.592422: predicting 100065_00001
2026-10-05 01:08:51.369594: 100065_00001, shape torch.Size([1, 82, 217, 429]), rank 0
2026-10-05 01:08:57.070058: predicting 100074_00001
2026-10-05 01:08:57.087487: 100074_00001, shape torch.Size([1, 71, 219, 402]), rank 0
2026-10-05 01:09:01.239826: predicting 100082_00001
2026-10-05 01:09:01.251677: 100082_00001, shape torch.Size([1, 69, 218, 413]), rank 0
2026-10-05 01:09:04.879210: predicting 100088_00001
2026-10-05 01:09:05.048022: 100088_00001, shape torch.Size([1, 68, 248, 403]), rank 0
2026-10-05 01:09:08.675766: predicting 100096_00001
2026-10-05 01:09:08.688443: 100096_00001, shape torch.Size([1, 79, 228, 434]), rank 0
2026-10-05 01:09:17.486759: predicting 100099_00001
2026-10-05 01:09:17.583521: 100099_00001, shape torch.Size([1, 88, 233, 428]), rank 0
2026-10-05 01:09:23.802384: predicting 100102_00001
2026-10-05 01:09:24.089135: 100102_00001, shape torch.Size([1, 73, 218, 438]), rank 0
2026-10-05 01:09:32.879190: predicting 100124_00001
2026-10-05 01:09:32.889033: 100124_00001, shape torch.Size([1, 62, 243, 374]), rank 0
2026-10-05 01:09:36.498190: predicting 100125_00001
2026-10-05 01:09:36.640184: 100125_00001, shape torch.Size([1, 76, 203, 398]), rank 0
2026-10-05 01:09:42.684173: predicting 100130_00001
2026-10-05 01:09:42.692031: 100130_00001, shape torch.Size([1, 69, 234, 453]), rank 0
2026-10-05 01:09:48.621115: predicting 100134_00001
2026-10-05 01:09:48.631308: 100134_00001, shape torch.Size([1, 79, 195, 376]), rank 0
2026-10-05 01:09:54.836131: predicting 100136_00001
2026-10-05 01:09:54.843046: 100136_00001, shape torch.Size([1, 63, 230, 414]), rank 0
2026-10-05 01:09:58.987164: predicting 100143_00001
2026-10-05 01:09:58.997218: 100143_00001, shape torch.Size([1, 77, 209, 389]), rank 0
2026-10-05 01:10:05.220495: predicting 100150_00001
2026-10-05 01:10:05.233251: 100150_00001, shape torch.Size([1, 72, 247, 405]), rank 0
2026-10-05 01:10:09.382462: predicting 100155_00001
2026-10-05 01:10:09.393543: 100155_00001, shape torch.Size([1, 75, 210, 412]), rank 0
2026-10-05 01:10:15.608723: predicting 100157_00001
2026-10-05 01:10:15.617985: 100157_00001, shape torch.Size([1, 76, 221, 367]), rank 0
2026-10-05 01:10:21.242174: predicting 100159_00001
2026-10-05 01:10:21.258975: 100159_00001, shape torch.Size([1, 101, 254, 433]), rank 0
2026-10-05 01:10:33.160909: predicting 100161_00001
2026-10-05 01:10:33.226858: 100161_00001, shape torch.Size([1, 70, 223, 486]), rank 0
2026-10-05 01:10:39.138248: predicting 100168_00001
2026-10-05 01:10:39.151362: 100168_00001, shape torch.Size([1, 74, 235, 446]), rank 0
2026-10-05 01:10:48.043371: predicting 100180_00001
2026-10-05 01:10:48.063384: 100180_00001, shape torch.Size([1, 83, 263, 453]), rank 0
2026-10-05 01:10:59.907621: predicting 100183_00001
2026-10-05 01:10:59.918061: 100183_00001, shape torch.Size([1, 69, 214, 392]), rank 0
2026-10-05 01:11:04.059124: predicting 100187_00001
2026-10-05 01:11:04.779990: 100187_00001, shape torch.Size([1, 81, 236, 450]), rank 0
2026-10-05 01:11:13.552443: predicting 100194_00001
2026-10-05 01:11:13.565225: 100194_00001, shape torch.Size([1, 88, 246, 369]), rank 0
2026-10-05 01:11:19.777461: predicting 100196_00001
2026-10-05 01:11:19.788038: 100196_00001, shape torch.Size([1, 86, 215, 441]), rank 0
2026-10-05 01:11:28.567909: predicting 100208_00001
2026-10-05 01:11:28.575616: 100208_00001, shape torch.Size([1, 76, 203, 411]), rank 0
2026-10-05 01:11:34.272160: predicting 100219_00001
2026-10-05 01:11:34.343267: 100219_00001, shape torch.Size([1, 73, 243, 418]), rank 0
2026-10-05 01:11:40.025696: predicting 100225_00001
2026-10-05 01:11:40.035511: 100225_00001, shape torch.Size([1, 68, 205, 402]), rank 0
2026-10-05 01:11:43.658103: predicting 100226_00001
2026-10-05 01:11:43.666115: 100226_00001, shape torch.Size([1, 80, 228, 428]), rank 0
2026-10-05 01:11:49.881123: predicting 100227_00001
2026-10-05 01:11:51.016048: 100227_00001, shape torch.Size([1, 100, 287, 475]), rank 0
2026-10-05 01:12:06.574204: predicting 100234_00001
2026-10-05 01:12:06.585506: 100234_00001, shape torch.Size([1, 66, 262, 405]), rank 0
2026-10-05 01:12:11.598914: predicting 100237_00001
2026-10-05 01:12:11.611140: 100237_00001, shape torch.Size([1, 83, 233, 403]), rank 0
2026-10-05 01:12:17.306179: predicting 100246_00001
2026-10-05 01:12:17.315394: 100246_00001, shape torch.Size([1, 82, 215, 455]), rank 0
2026-10-05 01:12:26.628166: predicting 100247_00001
2026-10-05 01:12:26.641364: 100247_00001, shape torch.Size([1, 68, 212, 439]), rank 0
2026-10-05 01:12:32.317798: predicting 100265_00002
2026-10-05 01:12:32.336191: 100265_00002, shape torch.Size([1, 89, 272, 366]), rank 0
2026-10-05 01:12:40.104165: predicting 100285_00001
2026-10-05 01:12:40.118512: 100285_00001, shape torch.Size([1, 71, 228, 417]), rank 0
2026-10-05 01:12:44.279145: predicting 100296_00001
2026-10-05 01:12:44.295175: 100296_00001, shape torch.Size([1, 79, 252, 438]), rank 0
2026-10-05 01:12:53.075425: predicting 100304_00001
2026-10-05 01:12:53.094857: 100304_00001, shape torch.Size([1, 87, 248, 408]), rank 0
2026-10-05 01:12:59.322271: predicting 100310_00001
2026-10-05 01:12:59.334963: 100310_00001, shape torch.Size([1, 76, 242, 402]), rank 0
2026-10-05 01:13:05.027140: predicting 100323_00001
2026-10-05 01:13:05.039183: 100323_00001, shape torch.Size([1, 66, 227, 437]), rank 0
2026-10-05 01:13:10.727094: predicting 100324_00001
2026-10-05 01:13:10.744865: 100324_00001, shape torch.Size([1, 76, 255, 436]), rank 0
2026-10-05 01:13:20.062986: predicting 100328_00001
2026-10-05 01:13:20.081829: 100328_00001, shape torch.Size([1, 87, 253, 432]), rank 0
2026-10-05 01:13:25.782365: predicting 100340_00001
2026-10-05 01:13:25.791104: 100340_00001, shape torch.Size([1, 72, 190, 361]), rank 0
2026-10-05 01:13:28.562318: predicting 100345_00001
2026-10-05 01:13:28.576797: 100345_00001, shape torch.Size([1, 67, 198, 440]), rank 0
2026-10-05 01:13:34.265369: predicting 100369_00001
2026-10-05 01:13:34.277140: 100369_00001, shape torch.Size([1, 70, 241, 400]), rank 0
2026-10-05 01:13:38.431455: predicting 100372_00001
2026-10-05 01:13:38.448163: 100372_00001, shape torch.Size([1, 87, 225, 434]), rank 0
2026-10-05 01:13:47.246707: predicting 100373_00001
2026-10-05 01:13:47.255669: 100373_00001, shape torch.Size([1, 74, 216, 411]), rank 0
2026-10-05 01:13:52.944986: predicting 100381_00001
2026-10-05 01:13:52.958733: 100381_00001, shape torch.Size([1, 73, 229, 424]), rank 0
2026-10-05 01:13:58.661566: predicting 100385_00001
2026-10-05 01:13:58.673271: 100385_00001, shape torch.Size([1, 72, 200, 434]), rank 0
2026-10-05 01:14:04.372505: predicting 100388_00001
2026-10-05 01:14:04.390928: 100388_00001, shape torch.Size([1, 81, 219, 469]), rank 0
2026-10-05 01:14:13.188978: predicting 100405_00001
2026-10-05 01:14:13.203414: 100405_00001, shape torch.Size([1, 83, 221, 421]), rank 0
2026-10-05 01:14:18.902447: predicting 100407_00001
2026-10-05 01:14:18.909807: 100407_00001, shape torch.Size([1, 69, 210, 416]), rank 0
2026-10-05 01:14:23.057184: predicting 100426_00001
2026-10-05 01:14:23.070404: 100426_00001, shape torch.Size([1, 69, 227, 427]), rank 0
2026-10-05 01:14:26.677788: predicting 100431_00001
2026-10-05 01:14:26.684851: 100431_00001, shape torch.Size([1, 70, 245, 397]), rank 0
2026-10-05 01:14:30.838061: predicting 100438_00001
2026-10-05 01:14:31.128657: 100438_00001, shape torch.Size([1, 77, 261, 479]), rank 0
2026-10-05 01:14:42.661263: predicting 100462_00001
2026-10-05 01:14:42.735675: 100462_00001, shape torch.Size([1, 61, 214, 402]), rank 0
2026-10-05 01:14:46.880540: predicting 100467_00001
2026-10-05 01:14:46.894627: 100467_00001, shape torch.Size([1, 63, 246, 413]), rank 0
2026-10-05 01:14:51.021561: predicting 100474_00001
2026-10-05 01:14:51.040612: 100474_00001, shape torch.Size([1, 68, 253, 409]), rank 0
2026-10-05 01:14:55.183977: predicting 100477_00001
2026-10-05 01:14:55.195578: 100477_00001, shape torch.Size([1, 70, 244, 392]), rank 0
2026-10-05 01:14:58.826008: predicting 100479_00001
2026-10-05 01:14:59.528711: 100479_00001, shape torch.Size([1, 82, 252, 419]), rank 0
2026-10-05 01:15:05.739343: predicting 100492_00001
2026-10-05 01:15:05.753158: 100492_00001, shape torch.Size([1, 76, 223, 450]), rank 0
2026-10-05 01:15:14.543673: predicting 100494_00001
2026-10-05 01:15:14.553053: 100494_00001, shape torch.Size([1, 66, 186, 411]), rank 0
2026-10-05 01:15:16.961240: predicting 100512_00001
2026-10-05 01:15:16.969165: 100512_00001, shape torch.Size([1, 60, 214, 401]), rank 0
2026-10-05 01:15:21.113261: predicting 100520_00001
2026-10-05 01:15:21.121656: 100520_00001, shape torch.Size([1, 75, 227, 375]), rank 0
2026-10-05 01:15:26.809438: predicting 100526_00001
2026-10-05 01:15:26.821278: 100526_00001, shape torch.Size([1, 77, 217, 403]), rank 0
2026-10-05 01:15:33.043850: predicting 100530_00001
2026-10-05 01:15:33.057421: 100530_00001, shape torch.Size([1, 77, 261, 454]), rank 0
2026-10-05 01:15:44.970936: predicting 100537_00001
2026-10-05 01:15:45.040898: 100537_00001, shape torch.Size([1, 72, 243, 351]), rank 0
2026-10-05 01:15:49.021170: predicting 100541_00001
2026-10-05 01:15:49.034389: 100541_00001, shape torch.Size([1, 86, 239, 406]), rank 0
2026-10-05 01:15:55.244051: predicting 100544_00001
2026-10-05 01:15:55.252461: 100544_00001, shape torch.Size([1, 67, 193, 433]), rank 0
2026-10-05 01:16:00.954123: predicting 100555_00001
2026-10-05 01:16:00.964579: 100555_00001, shape torch.Size([1, 71, 236, 409]), rank 0
2026-10-05 01:16:05.114475: predicting 100557_00001
2026-10-05 01:16:05.133047: 100557_00001, shape torch.Size([1, 87, 217, 431]), rank 0
2026-10-05 01:16:10.821040: predicting 100563_00001
2026-10-05 01:16:10.833531: 100563_00001, shape torch.Size([1, 75, 253, 419]), rank 0
2026-10-05 01:16:16.535781: predicting 100575_00001
2026-10-05 01:16:16.544319: 100575_00001, shape torch.Size([1, 80, 238, 383]), rank 0
2026-10-05 01:16:22.773913: predicting 100583_00001
2026-10-05 01:16:22.800187: 100583_00001, shape torch.Size([1, 67, 246, 436]), rank 0
2026-10-05 01:16:28.501985: predicting 100602_00001
2026-10-05 01:16:28.528299: 100602_00001, shape torch.Size([1, 71, 202, 426]), rank 0
2026-10-05 01:16:32.678462: predicting 100608_00001
2026-10-05 01:16:32.696504: 100608_00001, shape torch.Size([1, 76, 239, 440]), rank 0
2026-10-05 01:16:40.973680: predicting 100617_00001
2026-10-05 01:16:40.989071: 100617_00001, shape torch.Size([1, 74, 228, 414]), rank 0
2026-10-05 01:16:47.216115: predicting 100623_00001
2026-10-05 01:16:47.282024: 100623_00001, shape torch.Size([1, 70, 239, 398]), rank 0
2026-10-05 01:16:51.432610: predicting 100636_00001
2026-10-05 01:16:51.446944: 100636_00001, shape torch.Size([1, 86, 217, 387]), rank 0
2026-10-05 01:16:57.142285: predicting 100642_00001
2026-10-05 01:16:57.157831: 100642_00001, shape torch.Size([1, 76, 239, 433]), rank 0
2026-10-05 01:17:05.959377: predicting 100645_00001
2026-10-05 01:17:05.968206: 100645_00001, shape torch.Size([1, 60, 230, 371]), rank 0
2026-10-05 01:17:09.580815: predicting 100651_00001
2026-10-05 01:17:09.597105: 100651_00001, shape torch.Size([1, 77, 250, 418]), rank 0
2026-10-05 01:17:15.819056: predicting 100652_00001
2026-10-05 01:17:16.351377: 100652_00001, shape torch.Size([1, 86, 233, 435]), rank 0
2026-10-05 01:17:25.137829: predicting 100665_00001
2026-10-05 01:17:25.150282: 100665_00001, shape torch.Size([1, 76, 222, 399]), rank 0
2026-10-05 01:17:30.851821: predicting 100667_00001
2026-10-05 01:17:30.863351: 100667_00001, shape torch.Size([1, 77, 255, 390]), rank 0
2026-10-05 01:17:36.561303: predicting 100669_00001
2026-10-05 01:17:36.573364: 100669_00001, shape torch.Size([1, 77, 232, 429]), rank 0
2026-10-05 01:17:42.794767: predicting 100673_00001
2026-10-05 01:17:43.498279: 100673_00001, shape torch.Size([1, 79, 251, 444]), rank 0
2026-10-05 01:17:52.814858: predicting 100679_00001
2026-10-05 01:17:52.888903: 100679_00001, shape torch.Size([1, 88, 247, 430]), rank 0
2026-10-05 01:17:59.120111: predicting 100682_00001
2026-10-05 01:17:59.138932: 100682_00001, shape torch.Size([1, 71, 238, 430]), rank 0
2026-10-05 01:18:02.752918: predicting 100690_00001
2026-10-05 01:18:02.763370: 100690_00001, shape torch.Size([1, 72, 219, 443]), rank 0
2026-10-05 01:18:08.988131: predicting 100713_00001
2026-10-05 01:18:08.999593: 100713_00001, shape torch.Size([1, 80, 243, 410]), rank 0
2026-10-05 01:18:14.682520: predicting 100714_00001
2026-10-05 01:18:14.696350: 100714_00001, shape torch.Size([1, 68, 215, 417]), rank 0
2026-10-05 01:18:18.852048: predicting 100715_00001
2026-10-05 01:18:18.863525: 100715_00001, shape torch.Size([1, 64, 229, 412]), rank 0
2026-10-05 01:18:23.011964: predicting 100726_00001
2026-10-05 01:18:23.028754: 100726_00001, shape torch.Size([1, 75, 229, 409]), rank 0
2026-10-05 01:18:28.697630: predicting 100728_00001
2026-10-05 01:18:28.715062: 100728_00001, shape torch.Size([1, 73, 239, 409]), rank 0
2026-10-05 01:18:34.936236: predicting 100730_00001
2026-10-05 01:18:34.948266: 100730_00001, shape torch.Size([1, 55, 212, 448]), rank 0
2026-10-05 01:18:41.162375: predicting 100732_00001
2026-10-05 01:18:41.171860: 100732_00001, shape torch.Size([1, 68, 200, 371]), rank 0
2026-10-05 01:18:44.770022: predicting 100733_00001
2026-10-05 01:18:45.445578: 100733_00001, shape torch.Size([1, 80, 259, 428]), rank 0
2026-10-05 01:18:53.216369: predicting 100734_00001
2026-10-05 01:18:53.300532: 100734_00001, shape torch.Size([1, 73, 220, 431]), rank 0
2026-10-05 01:18:59.527845: predicting 100738_00001
2026-10-05 01:18:59.539717: 100738_00001, shape torch.Size([1, 78, 223, 402]), rank 0
2026-10-05 01:19:05.228712: predicting 100745_00001
2026-10-05 01:19:05.245029: 100745_00001, shape torch.Size([1, 76, 224, 435]), rank 0
2026-10-05 01:19:14.043046: predicting 100750_00001
2026-10-05 01:19:14.070625: 100750_00001, shape torch.Size([1, 101, 268, 451]), rank 0
2026-10-05 01:19:29.630284: predicting 100752_00001
2026-10-05 01:19:29.645796: 100752_00001, shape torch.Size([1, 72, 229, 448]), rank 0
2026-10-05 01:19:35.350432: predicting 100755_00001
2026-10-05 01:19:35.365019: 100755_00001, shape torch.Size([1, 79, 268, 431]), rank 0
2026-10-05 01:19:43.667337: predicting 100780_00001
2026-10-05 01:19:43.687195: 100780_00001, shape torch.Size([1, 81, 260, 435]), rank 0
2026-10-05 01:19:55.586303: predicting 100784_00001
2026-10-05 01:19:55.660250: 100784_00001, shape torch.Size([1, 73, 205, 455]), rank 0
2026-10-05 01:20:04.441261: predicting 100790_00001
2026-10-05 01:20:04.453869: 100790_00001, shape torch.Size([1, 72, 222, 410]), rank 0
2026-10-05 01:20:08.061071: predicting 100795_00001
2026-10-05 01:20:08.076851: 100795_00001, shape torch.Size([1, 72, 235, 417]), rank 0
2026-10-05 01:20:12.229881: predicting 100802_00001
2026-10-05 01:20:12.244340: 100802_00001, shape torch.Size([1, 83, 287, 426]), rank 0
2026-10-05 01:20:20.011719: predicting 100837_00001
2026-10-05 01:20:20.027099: 100837_00001, shape torch.Size([1, 84, 250, 410]), rank 0
2026-10-05 01:20:25.718112: predicting 100841_00001
2026-10-05 01:20:25.734561: 100841_00001, shape torch.Size([1, 80, 236, 476]), rank 0
2026-10-05 01:20:34.875237: predicting 100842_00001
2026-10-05 01:20:34.888434: 100842_00001, shape torch.Size([1, 74, 237, 386]), rank 0
2026-10-05 01:20:41.110838: predicting 100850_00001
2026-10-05 01:20:41.122592: 100850_00001, shape torch.Size([1, 71, 214, 421]), rank 0
2026-10-05 01:20:45.273076: predicting 100852_00001
2026-10-05 01:20:45.286435: 100852_00001, shape torch.Size([1, 71, 206, 425]), rank 0
2026-10-05 01:20:48.907577: predicting 100871_00001
2026-10-05 01:20:48.918358: 100871_00001, shape torch.Size([1, 67, 226, 380]), rank 0
2026-10-05 01:20:53.069642: predicting 100877_00001
2026-10-05 01:20:53.079030: 100877_00001, shape torch.Size([1, 77, 239, 451]), rank 0
2026-10-05 01:21:01.854162: predicting 100908_00001
2026-10-05 01:21:01.862062: 100908_00001, shape torch.Size([1, 67, 208, 345]), rank 0
2026-10-05 01:21:06.012501: predicting 100914_00001
2026-10-05 01:21:06.028300: 100914_00001, shape torch.Size([1, 77, 213, 428]), rank 0
2026-10-05 01:21:12.256788: predicting 100926_00001
2026-10-05 01:21:12.870070: 100926_00001, shape torch.Size([1, 80, 222, 449]), rank 0
2026-10-05 01:21:21.643996: predicting 100931_00001
2026-10-05 01:21:21.653416: 100931_00001, shape torch.Size([1, 64, 225, 379]), rank 0
2026-10-05 01:21:25.807729: predicting 100932_00001
2026-10-05 01:21:26.452291: 100932_00001, shape torch.Size([1, 83, 220, 453]), rank 0
2026-10-05 01:21:35.231586: predicting 100933_00001
2026-10-05 01:21:35.243931: 100933_00001, shape torch.Size([1, 70, 242, 439]), rank 0
2026-10-05 01:21:41.461094: predicting 100934_00001
2026-10-05 01:21:41.470391: 100934_00001, shape torch.Size([1, 64, 214, 404]), rank 0
2026-10-05 01:21:45.076778: predicting 100958_00001
2026-10-05 01:21:45.089396: 100958_00001, shape torch.Size([1, 73, 215, 437]), rank 0
2026-10-05 01:21:54.421511: predicting 100967_00001
2026-10-05 01:21:54.436577: 100967_00001, shape torch.Size([1, 71, 226, 401]), rank 0
2026-10-05 01:21:58.048619: predicting 100969_00001
2026-10-05 01:21:58.060416: 100969_00001, shape torch.Size([1, 75, 215, 418]), rank 0
2026-10-05 01:22:04.000661: predicting 100975_00001
2026-10-05 01:22:04.018246: 100975_00001, shape torch.Size([1, 82, 198, 449]), rank 0
2026-10-05 01:22:12.900460: predicting 100986_00001
2026-10-05 01:22:12.974659: 100986_00001, shape torch.Size([1, 78, 219, 482]), rank 0
2026-10-05 01:22:21.772781: predicting 100987_00001
2026-10-05 01:22:21.786754: 100987_00001, shape torch.Size([1, 82, 208, 436]), rank 0
2026-10-05 01:22:30.594319: predicting 100990_00001
2026-10-05 01:22:30.610433: 100990_00001, shape torch.Size([1, 71, 233, 409]), rank 0
2026-10-05 01:22:34.245885: predicting 100994_00001
2026-10-05 01:22:34.253755: 100994_00001, shape torch.Size([1, 67, 243, 417]), rank 0
2026-10-05 01:22:37.888410: predicting 101013_00001
2026-10-05 01:22:37.900692: 101013_00001, shape torch.Size([1, 81, 281, 369]), rank 0
2026-10-05 01:22:46.016682: predicting 101014_00001
2026-10-05 01:22:46.026265: 101014_00001, shape torch.Size([1, 72, 250, 391]), rank 0
2026-10-05 01:22:50.177178: predicting 101019_00001
2026-10-05 01:22:50.190081: 101019_00001, shape torch.Size([1, 65, 231, 419]), rank 0
2026-10-05 01:22:54.339643: predicting 101023_00001
2026-10-05 01:22:54.351711: 101023_00001, shape torch.Size([1, 74, 221, 430]), rank 0
2026-10-05 01:23:00.045616: predicting 101026_00001
2026-10-05 01:23:00.116356: 101026_00001, shape torch.Size([1, 77, 248, 433]), rank 0
2026-10-05 01:23:08.911074: predicting 101031_00001
2026-10-05 01:23:08.925277: 101031_00001, shape torch.Size([1, 66, 221, 365]), rank 0
2026-10-05 01:23:13.078793: predicting 101038_00001
2026-10-05 01:23:13.088751: 101038_00001, shape torch.Size([1, 63, 215, 423]), rank 0
2026-10-05 01:23:16.861192: predicting 101043_00001
2026-10-05 01:23:16.868424: 101043_00001, shape torch.Size([1, 74, 185, 391]), rank 0
2026-10-05 01:23:21.011476: predicting 101044_00001
2026-10-05 01:23:21.023965: 101044_00001, shape torch.Size([1, 76, 206, 411]), rank 0
2026-10-05 01:23:26.723841: predicting 101052_00001
2026-10-05 01:23:26.747007: 101052_00001, shape torch.Size([1, 89, 244, 448]), rank 0
2026-10-05 01:23:35.555238: predicting 101062_00001
2026-10-05 01:23:35.567993: 101062_00001, shape torch.Size([1, 77, 233, 431]), rank 0
2026-10-05 01:23:41.273973: predicting 101080_00001
2026-10-05 01:23:41.292589: 101080_00001, shape torch.Size([1, 79, 240, 398]), rank 0
2026-10-05 01:23:47.510178: predicting 101083_00001
2026-10-05 01:23:48.044097: 101083_00001, shape torch.Size([1, 80, 230, 450]), rank 0
2026-10-05 01:23:56.841780: predicting 101085_00001
2026-10-05 01:23:56.853731: 101085_00001, shape torch.Size([1, 72, 227, 407]), rank 0
2026-10-05 01:24:01.010917: predicting 101092_00001
2026-10-05 01:24:01.078301: 101092_00001, shape torch.Size([1, 77, 227, 367]), rank 0
2026-10-05 01:24:06.768393: predicting 101097_00001
2026-10-05 01:24:06.776968: 101097_00001, shape torch.Size([1, 76, 208, 430]), rank 0
2026-10-05 01:24:13.001700: predicting 101103_00001
2026-10-05 01:24:13.017201: 101103_00001, shape torch.Size([1, 76, 237, 440]), rank 0
2026-10-05 01:24:21.838189: predicting 101117_00001
2026-10-05 01:24:21.858746: 101117_00001, shape torch.Size([1, 95, 235, 403]), rank 0
2026-10-05 01:24:27.575789: predicting 101118_00001
2026-10-05 01:24:27.591340: 101118_00001, shape torch.Size([1, 80, 197, 459]), rank 0
2026-10-05 01:24:36.397766: predicting 101120_00001
2026-10-05 01:24:36.408487: 101120_00001, shape torch.Size([1, 66, 202, 417]), rank 0
2026-10-05 01:24:40.039655: predicting 101124_00001
2026-10-05 01:24:40.052799: 101124_00001, shape torch.Size([1, 70, 251, 411]), rank 0
2026-10-05 01:24:43.940609: predicting 101128_00001
2026-10-05 01:24:43.952146: 101128_00001, shape torch.Size([1, 71, 224, 432]), rank 0
2026-10-05 01:24:48.096103: predicting 101132_00001
2026-10-05 01:24:48.780038: 101132_00001, shape torch.Size([1, 87, 272, 385]), rank 0
2026-10-05 01:24:57.079677: predicting 101142_00001
2026-10-05 01:24:57.092979: 101142_00001, shape torch.Size([1, 73, 228, 379]), rank 0
2026-10-05 01:25:02.757624: predicting 101144_00001
2026-10-05 01:25:02.769858: 101144_00001, shape torch.Size([1, 86, 215, 395]), rank 0
2026-10-05 01:25:08.981166: predicting 101151_00001
2026-10-05 01:25:08.998516: 101151_00001, shape torch.Size([1, 75, 246, 430]), rank 0
2026-10-05 01:25:14.686710: predicting 101160_00001
2026-10-05 01:25:14.697002: 101160_00001, shape torch.Size([1, 50, 271, 405]), rank 0
2026-10-05 01:25:19.685750: predicting 101169_00001
2026-10-05 01:25:19.698173: 101169_00001, shape torch.Size([1, 83, 200, 379]), rank 0
2026-10-05 01:25:25.915985: predicting 101171_00001
2026-10-05 01:25:25.930930: 101171_00001, shape torch.Size([1, 70, 231, 449]), rank 0
2026-10-05 01:25:31.618443: predicting 101175_00001
2026-10-05 01:25:31.633168: 101175_00001, shape torch.Size([1, 72, 207, 387]), rank 0
2026-10-05 01:25:35.263223: predicting 101178_00001
2026-10-05 01:25:35.275738: 101178_00001, shape torch.Size([1, 67, 239, 434]), rank 0
2026-10-05 01:25:41.498013: predicting 101209_00001
2026-10-05 01:25:41.514364: 101209_00001, shape torch.Size([1, 95, 231, 384]), rank 0
2026-10-05 01:25:44.714934: predicting 101221_00001
2026-10-05 01:25:44.722166: 101221_00001, shape torch.Size([1, 54, 198, 415]), rank 0
2026-10-05 01:25:46.697022: predicting 101222_00001
2026-10-05 01:25:46.715496: 101222_00001, shape torch.Size([1, 80, 245, 443]), rank 0
2026-10-05 01:25:51.158993: predicting 101229_00001
2026-10-05 01:25:51.171705: 101229_00001, shape torch.Size([1, 67, 229, 433]), rank 0
2026-10-05 01:25:54.127952: predicting 101236_00001
2026-10-05 01:25:54.146339: 101236_00001, shape torch.Size([1, 75, 255, 422]), rank 0
2026-10-05 01:25:57.096647: predicting 101240_00001
2026-10-05 01:25:57.467796: 101240_00001, shape torch.Size([1, 97, 242, 420]), rank 0
2026-10-05 01:26:01.418248: predicting 101257_00001
2026-10-05 01:26:01.488303: 101257_00001, shape torch.Size([1, 84, 208, 380]), rank 0
2026-10-05 01:26:04.440344: predicting 101264_00001
2026-10-05 01:26:04.451416: 101264_00001, shape torch.Size([1, 67, 205, 416]), rank 0
2026-10-05 01:26:06.426059: predicting 101267_00001
2026-10-05 01:26:06.435720: 101267_00001, shape torch.Size([1, 72, 202, 415]), rank 0
2026-10-05 01:26:08.404729: predicting 101279_00001
2026-10-05 01:26:08.413399: 101279_00001, shape torch.Size([1, 67, 248, 410]), rank 0
2026-10-05 01:26:10.388152: predicting 101284_00001
2026-10-05 01:26:10.404131: 101284_00001, shape torch.Size([1, 78, 250, 415]), rank 0
2026-10-05 01:26:13.355900: predicting 101291_00001
2026-10-05 01:26:13.364477: 101291_00001, shape torch.Size([1, 80, 204, 421]), rank 0
2026-10-05 01:26:16.320625: predicting 101296_00001
2026-10-05 01:26:16.332510: 101296_00001, shape torch.Size([1, 75, 218, 386]), rank 0
2026-10-05 01:26:19.288436: predicting 101306_00001
2026-10-05 01:26:19.299930: 101306_00001, shape torch.Size([1, 67, 230, 448]), rank 0
2026-10-05 01:26:22.254758: predicting 101313_00001
2026-10-05 01:26:22.266043: 101313_00001, shape torch.Size([1, 71, 238, 398]), rank 0
2026-10-05 01:26:24.237156: predicting 101314_00001
2026-10-05 01:26:24.250304: 101314_00001, shape torch.Size([1, 77, 281, 421]), rank 0
2026-10-05 01:26:28.203676: predicting 101316_00001
2026-10-05 01:26:28.212261: 101316_00001, shape torch.Size([1, 80, 231, 406]), rank 0
2026-10-05 01:26:31.167229: predicting 101321_00001
2026-10-05 01:26:31.181978: 101321_00001, shape torch.Size([1, 68, 228, 416]), rank 0
2026-10-05 01:26:33.149773: predicting 101322_00001
2026-10-05 01:26:33.166533: 101322_00001, shape torch.Size([1, 70, 276, 417]), rank 0
2026-10-05 01:26:35.790099: predicting 101327_00001
2026-10-05 01:26:35.827835: 101327_00001, shape torch.Size([1, 85, 269, 436]), rank 0
2026-10-05 01:26:41.745220: predicting 101331_00001
2026-10-05 01:26:41.758591: 101331_00001, shape torch.Size([1, 72, 285, 387]), rank 0
2026-10-05 01:26:44.384172: predicting 101336_00001
2026-10-05 01:26:44.399161: 101336_00001, shape torch.Size([1, 82, 278, 429]), rank 0
2026-10-05 01:26:48.357441: predicting 101352_00001
2026-10-05 01:26:48.369310: 101352_00001, shape torch.Size([1, 72, 197, 383]), rank 0
2026-10-05 01:26:50.340491: predicting 101363_00001
2026-10-05 01:26:50.401020: 101363_00001, shape torch.Size([1, 85, 262, 408]), rank 0
2026-10-05 01:26:54.352958: predicting 101367_00001
2026-10-05 01:26:54.366248: 101367_00001, shape torch.Size([1, 68, 231, 447]), rank 0
2026-10-05 01:26:57.321732: predicting 101369_00001
2026-10-05 01:26:57.334669: 101369_00001, shape torch.Size([1, 84, 233, 384]), rank 0
2026-10-05 01:27:00.291223: predicting 101371_00001
2026-10-05 01:27:00.337493: 101371_00001, shape torch.Size([1, 90, 240, 469]), rank 0
2026-10-05 01:27:04.789174: predicting 101378_00001
2026-10-05 01:27:04.801519: 101378_00001, shape torch.Size([1, 77, 225, 411]), rank 0
2026-10-05 01:27:07.756119: predicting 101403_00001
2026-10-05 01:27:07.770938: 101403_00001, shape torch.Size([1, 73, 205, 412]), rank 0
2026-10-05 01:27:10.725404: predicting 101409_00001
2026-10-05 01:27:10.749677: 101409_00001, shape torch.Size([1, 75, 284, 447]), rank 0
2026-10-05 01:27:16.672795: predicting 101410_00001
2026-10-05 01:27:16.691109: 101410_00001, shape torch.Size([1, 81, 243, 381]), rank 0
2026-10-05 01:27:19.648255: predicting 101417_00001
2026-10-05 01:27:19.655826: 101417_00001, shape torch.Size([1, 64, 214, 402]), rank 0
2026-10-05 01:27:21.625582: predicting 101426_00001
2026-10-05 01:27:21.652855: 101426_00001, shape torch.Size([1, 83, 229, 424]), rank 0
2026-10-05 01:27:24.610685: predicting 101427_00001
2026-10-05 01:27:24.643844: 101427_00001, shape torch.Size([1, 88, 216, 445]), rank 0
2026-10-05 01:27:29.061707: predicting 101433_00001
2026-10-05 01:27:29.070814: 101433_00001, shape torch.Size([1, 73, 207, 449]), rank 0
2026-10-05 01:27:33.501339: predicting 101434_00001
2026-10-05 01:27:33.513995: 101434_00001, shape torch.Size([1, 69, 233, 437]), rank 0
2026-10-05 01:27:36.470289: predicting 101436_00001
2026-10-05 01:27:36.475774: 101436_00001, shape torch.Size([1, 50, 231, 384]), rank 0
2026-10-05 01:27:38.448656: predicting 101446_00001
2026-10-05 01:27:38.459445: 101446_00001, shape torch.Size([1, 80, 255, 449]), rank 0
2026-10-05 01:27:42.915272: predicting 101475_00001
2026-10-05 01:27:42.928218: 101475_00001, shape torch.Size([1, 71, 243, 402]), rank 0
2026-10-05 01:27:44.900970: predicting 101477_00001
2026-10-05 01:27:44.915335: 101477_00001, shape torch.Size([1, 72, 251, 438]), rank 0
2026-10-05 01:27:47.867067: predicting 101478_00001
2026-10-05 01:27:47.873323: 101478_00001, shape torch.Size([1, 38, 206, 388]), rank 0
2026-10-05 01:27:48.860734: predicting 101482_00001
2026-10-05 01:27:48.874497: 101482_00001, shape torch.Size([1, 77, 254, 412]), rank 0
2026-10-05 01:27:51.824070: predicting 101483_00001
2026-10-05 01:27:51.834072: 101483_00001, shape torch.Size([1, 73, 208, 411]), rank 0
2026-10-05 01:27:54.786101: predicting 101488_00001
2026-10-05 01:27:54.792513: 101488_00001, shape torch.Size([1, 64, 197, 413]), rank 0
2026-10-05 01:27:56.764806: predicting 101501_00001
2026-10-05 01:27:56.777305: 101501_00001, shape torch.Size([1, 87, 248, 419]), rank 0
2026-10-05 01:27:59.744815: predicting 101505_00001
2026-10-05 01:27:59.756316: 101505_00001, shape torch.Size([1, 90, 239, 453]), rank 0
2026-10-05 01:28:04.202829: predicting 101514_00001
2026-10-05 01:28:04.222975: 101514_00001, shape torch.Size([1, 76, 272, 450]), rank 0
2026-10-05 01:28:10.152557: predicting 101530_00001
2026-10-05 01:28:10.159030: 101530_00001, shape torch.Size([1, 58, 242, 368]), rank 0
2026-10-05 01:28:12.127831: predicting 101533_00001
2026-10-05 01:28:12.141750: 101533_00001, shape torch.Size([1, 75, 267, 368]), rank 0
2026-10-05 01:28:16.081322: predicting 101541_00001
2026-10-05 01:28:16.092404: 101541_00001, shape torch.Size([1, 78, 252, 444]), rank 0
2026-10-05 01:28:20.536163: predicting 101543_00001
2026-10-05 01:28:20.545057: 101543_00001, shape torch.Size([1, 62, 215, 387]), rank 0
2026-10-05 01:28:22.514932: predicting 101545_00001
2026-10-05 01:28:22.526024: 101545_00001, shape torch.Size([1, 77, 226, 387]), rank 0
2026-10-05 01:28:25.481798: predicting 101550_00001
2026-10-05 01:28:25.497744: 101550_00001, shape torch.Size([1, 77, 241, 555]), rank 0
2026-10-05 01:28:29.951055: predicting 101560_00001
2026-10-05 01:28:29.961467: 101560_00001, shape torch.Size([1, 70, 250, 441]), rank 0
2026-10-05 01:28:32.922933: predicting 101561_00001
2026-10-05 01:28:32.933166: 101561_00001, shape torch.Size([1, 80, 254, 425]), rank 0
2026-10-05 01:28:35.895541: predicting 101569_00001
2026-10-05 01:28:35.905020: 101569_00001, shape torch.Size([1, 76, 214, 386]), rank 0
2026-10-05 01:28:38.862336: predicting 101574_00001
2026-10-05 01:28:38.875896: 101574_00001, shape torch.Size([1, 82, 211, 409]), rank 0
2026-10-05 01:28:41.838363: predicting 101578_00001
2026-10-05 01:28:41.850109: 101578_00001, shape torch.Size([1, 80, 213, 399]), rank 0
2026-10-05 01:28:44.806782: predicting 101582_00001
2026-10-05 01:28:44.814981: 101582_00001, shape torch.Size([1, 71, 231, 378]), rank 0
2026-10-05 01:28:46.804521: predicting 101589_00001
2026-10-05 01:28:46.815197: 101589_00001, shape torch.Size([1, 70, 204, 433]), rank 0
2026-10-05 01:28:49.770394: predicting 101592_00001
2026-10-05 01:28:49.781239: 101592_00001, shape torch.Size([1, 67, 271, 442]), rank 0
2026-10-05 01:28:54.271609: predicting 101593_00001
2026-10-05 01:28:54.278142: 101593_00001, shape torch.Size([1, 60, 205, 402]), rank 0
2026-10-05 01:28:56.272702: predicting 101596_00001
2026-10-05 01:28:56.283063: 101596_00001, shape torch.Size([1, 71, 228, 426]), rank 0
2026-10-05 01:28:58.297386: predicting 101598_00001
2026-10-05 01:28:58.308928: 101598_00001, shape torch.Size([1, 73, 210, 439]), rank 0
2026-10-05 01:29:02.784337: predicting 101600_00001
2026-10-05 01:29:02.796419: 101600_00001, shape torch.Size([1, 75, 229, 416]), rank 0
2026-10-05 01:29:05.789526: predicting 101602_00001
2026-10-05 01:29:05.803424: 101602_00001, shape torch.Size([1, 75, 264, 387]), rank 0
2026-10-05 01:29:09.784797: predicting 101615_00001
2026-10-05 01:29:09.793922: 101615_00001, shape torch.Size([1, 67, 219, 421]), rank 0
2026-10-05 01:29:11.765610: predicting 101616_00001
2026-10-05 01:29:11.774121: 101616_00001, shape torch.Size([1, 67, 191, 410]), rank 0
2026-10-05 01:29:13.130111: predicting 101622_00001
2026-10-05 01:29:13.138616: 101622_00001, shape torch.Size([1, 71, 218, 377]), rank 0
2026-10-05 01:29:15.131578: predicting 101625_00001
2026-10-05 01:29:15.140721: 101625_00001, shape torch.Size([1, 57, 191, 412]), rank 0
2026-10-05 01:29:16.478112: predicting 101634_00001
2026-10-05 01:29:16.486725: 101634_00001, shape torch.Size([1, 82, 226, 407]), rank 0
2026-10-05 01:29:19.463702: predicting 101640_00001
2026-10-05 01:29:19.560417: 101640_00001, shape torch.Size([1, 122, 292, 486]), rank 0
2026-10-05 01:29:29.547838: predicting 101653_00001
2026-10-05 01:29:29.563644: 101653_00001, shape torch.Size([1, 85, 223, 439]), rank 0
2026-10-05 01:29:34.058436: predicting 101666_00001
2026-10-05 01:29:34.068643: 101666_00001, shape torch.Size([1, 66, 199, 431]), rank 0
2026-10-05 01:29:36.082486: predicting 101669_00001
2026-10-05 01:29:36.093089: 101669_00001, shape torch.Size([1, 71, 195, 394]), rank 0
2026-10-05 01:29:38.084878: predicting 101692_00001
2026-10-05 01:29:38.094898: 101692_00001, shape torch.Size([1, 75, 220, 408]), rank 0
2026-10-05 01:29:41.091230: predicting 101693_00001
2026-10-05 01:29:41.105927: 101693_00001, shape torch.Size([1, 103, 237, 393]), rank 0
2026-10-05 01:29:45.103539: predicting 101695_00001
2026-10-05 01:29:45.115175: 101695_00001, shape torch.Size([1, 59, 248, 387]), rank 0
2026-10-05 01:29:47.116981: predicting 101707_00001
2026-10-05 01:29:47.132404: 101707_00001, shape torch.Size([1, 80, 266, 462]), rank 0
2026-10-05 01:29:53.121049: predicting 101720_00001
2026-10-05 01:29:53.129697: 101720_00001, shape torch.Size([1, 66, 211, 403]), rank 0
2026-10-05 01:29:55.124311: predicting 101721_00001
2026-10-05 01:29:55.141520: 101721_00001, shape torch.Size([1, 84, 226, 401]), rank 0
2026-10-05 01:29:58.137181: predicting 101735_00001
2026-10-05 01:29:58.197455: 101735_00001, shape torch.Size([1, 95, 265, 401]), rank 0
2026-10-05 01:30:02.208861: predicting 101744_00001
2026-10-05 01:30:02.225945: 101744_00001, shape torch.Size([1, 75, 244, 447]), rank 0
2026-10-05 01:30:06.679172: predicting 101751_00001
2026-10-05 01:30:06.689737: 101751_00001, shape torch.Size([1, 76, 239, 457]), rank 0
2026-10-05 01:30:11.183069: predicting 101767_00001
2026-10-05 01:30:11.202151: 101767_00001, shape torch.Size([1, 75, 237, 460]), rank 0
2026-10-05 01:30:15.692502: predicting 101773_00001
2026-10-05 01:30:15.703317: 101773_00001, shape torch.Size([1, 59, 224, 386]), rank 0
2026-10-05 01:30:17.675013: predicting 101795_00001
2026-10-05 01:30:17.684045: 101795_00001, shape torch.Size([1, 82, 204, 403]), rank 0
2026-10-05 01:30:20.705237: predicting 101803_00001
2026-10-05 01:30:20.717784: 101803_00001, shape torch.Size([1, 86, 234, 421]), rank 0
2026-10-05 01:30:23.706199: predicting 101808_00001
2026-10-05 01:30:23.723013: 101808_00001, shape torch.Size([1, 72, 230, 412]), rank 0
2026-10-05 01:30:25.714907: predicting 101810_00001
2026-10-05 01:30:25.746209: 101810_00001, shape torch.Size([1, 82, 236, 411]), rank 0
2026-10-05 01:30:28.726048: predicting 101811_00001
2026-10-05 01:30:28.739041: 101811_00001, shape torch.Size([1, 111, 221, 344]), rank 0
2026-10-05 01:30:32.713007: predicting 101814_00001
2026-10-05 01:30:32.723561: 101814_00001, shape torch.Size([1, 93, 212, 409]), rank 0
2026-10-05 01:30:35.719007: predicting 101816_00001
2026-10-05 01:30:35.728230: 101816_00001, shape torch.Size([1, 74, 218, 440]), rank 0
2026-10-05 01:30:40.203175: predicting 101836_00001
2026-10-05 01:30:40.218455: 101836_00001, shape torch.Size([1, 78, 237, 416]), rank 0
2026-10-05 01:30:43.214360: predicting 101845_00001
2026-10-05 01:30:43.223563: 101845_00001, shape torch.Size([1, 75, 234, 353]), rank 0
2026-10-05 01:30:46.216158: predicting 101846_00001
2026-10-05 01:30:46.231515: 101846_00001, shape torch.Size([1, 66, 263, 414]), rank 0
2026-10-05 01:30:48.877897: predicting 101850_00001
2026-10-05 01:30:48.891594: 101850_00001, shape torch.Size([1, 80, 230, 425]), rank 0
2026-10-05 01:30:51.888051: predicting 101855_00001
2026-10-05 01:30:51.898714: 101855_00001, shape torch.Size([1, 80, 266, 422]), rank 0
2026-10-05 01:30:55.933040: predicting 101856_00001
2026-10-05 01:30:55.948322: 101856_00001, shape torch.Size([1, 85, 251, 396]), rank 0
2026-10-05 01:30:58.969759: predicting 101862_00001
2026-10-05 01:30:58.981338: 101862_00001, shape torch.Size([1, 87, 268, 485]), rank 0
2026-10-05 01:31:04.954422: predicting 101880_00001
2026-10-05 01:31:04.965007: 101880_00001, shape torch.Size([1, 78, 252, 388]), rank 0
2026-10-05 01:31:07.966059: predicting 101882_00001
2026-10-05 01:31:08.009515: 101882_00001, shape torch.Size([1, 83, 237, 455]), rank 0
2026-10-05 01:31:12.522978: predicting 101891_00001
2026-10-05 01:31:12.558481: 101891_00001, shape torch.Size([1, 92, 228, 456]), rank 0
2026-10-05 01:31:17.074692: predicting 101894_00001
2026-10-05 01:31:17.081124: 101894_00001, shape torch.Size([1, 62, 205, 388]), rank 0
2026-10-05 01:31:19.076517: predicting 101895_00001
2026-10-05 01:31:19.091766: 101895_00001, shape torch.Size([1, 79, 217, 434]), rank 0
2026-10-05 01:31:23.560034: predicting 101898_00001
2026-10-05 01:31:23.568874: 101898_00001, shape torch.Size([1, 73, 204, 390]), rank 0
2026-10-05 01:31:26.547012: predicting 101902_00001
2026-10-05 01:31:26.554363: 101902_00001, shape torch.Size([1, 77, 217, 465]), rank 0
2026-10-05 01:31:31.061740: predicting 101910_00001
2026-10-05 01:31:31.073528: 101910_00001, shape torch.Size([1, 78, 224, 437]), rank 0
2026-10-05 01:31:35.545242: predicting 101913_00001
2026-10-05 01:31:35.560890: 101913_00001, shape torch.Size([1, 69, 240, 433]), rank 0
2026-10-05 01:31:38.537192: predicting 101915_00001
2026-10-05 01:31:38.554060: 101915_00001, shape torch.Size([1, 81, 281, 442]), rank 0
2026-10-05 01:31:44.566461: predicting 101917_00001
2026-10-05 01:31:44.575666: 101917_00001, shape torch.Size([1, 93, 211, 402]), rank 0
2026-10-05 01:31:47.587656: predicting 101918_00001
2026-10-05 01:31:47.596299: 101918_00001, shape torch.Size([1, 69, 227, 400]), rank 0
2026-10-05 01:31:49.586249: predicting 101956_00001
2026-10-05 01:31:49.597732: 101956_00001, shape torch.Size([1, 80, 224, 415]), rank 0
2026-10-05 01:31:52.576353: predicting 101964_00001
2026-10-05 01:31:52.588539: 101964_00001, shape torch.Size([1, 80, 232, 418]), rank 0
2026-10-05 01:31:55.564138: predicting 101965_00001
2026-10-05 01:31:55.572386: 101965_00001, shape torch.Size([1, 67, 215, 369]), rank 0
2026-10-05 01:31:57.568109: predicting 101971_00001
2026-10-05 01:31:57.580355: 101971_00001, shape torch.Size([1, 75, 227, 429]), rank 0
2026-10-05 01:32:00.555681: predicting 101985_00001
2026-10-05 01:32:00.574284: 101985_00001, shape torch.Size([1, 98, 270, 485]), rank 0
2026-10-05 01:32:08.561494: predicting 101998_00001
2026-10-05 01:32:08.634870: 101998_00001, shape torch.Size([1, 70, 205, 395]), rank 0
2026-10-05 01:32:10.625539: predicting 101999_00001
2026-10-05 01:32:10.637722: 101999_00001, shape torch.Size([1, 63, 297, 408]), rank 0
2026-10-05 01:32:13.284909: predicting 102002_00001
2026-10-05 01:32:13.338553: 102002_00001, shape torch.Size([1, 89, 243, 427]), rank 0
2026-10-05 01:32:16.340287: predicting 102006_00001
2026-10-05 01:32:16.352175: 102006_00001, shape torch.Size([1, 71, 229, 400]), rank 0
2026-10-05 01:32:18.361142: predicting 102009_00001
2026-10-05 01:32:18.373735: 102009_00001, shape torch.Size([1, 77, 236, 435]), rank 0
2026-10-05 01:32:22.840353: predicting 102029_00001
2026-10-05 01:32:22.857818: 102029_00001, shape torch.Size([1, 72, 228, 432]), rank 0
2026-10-05 01:32:24.869579: predicting 102040_00001
2026-10-05 01:32:24.879439: 102040_00001, shape torch.Size([1, 76, 263, 370]), rank 0
2026-10-05 01:32:28.858939: predicting 102049_00001
2026-10-05 01:32:28.868022: 102049_00001, shape torch.Size([1, 83, 264, 428]), rank 0
2026-10-05 01:32:32.866616: predicting 102051_00001
2026-10-05 01:32:32.874580: 102051_00001, shape torch.Size([1, 73, 200, 365]), rank 0
2026-10-05 01:32:35.873247: predicting 102058_00001
2026-10-05 01:32:35.883131: 102058_00001, shape torch.Size([1, 84, 233, 463]), rank 0
2026-10-05 01:32:40.366947: predicting 102061_00001
2026-10-05 01:32:40.376752: 102061_00001, shape torch.Size([1, 69, 233, 415]), rank 0
2026-10-05 01:32:42.371977: predicting 102063_00001
2026-10-05 01:32:42.380555: 102063_00001, shape torch.Size([1, 61, 203, 411]), rank 0
2026-10-05 01:32:44.394938: predicting 102065_00001
2026-10-05 01:32:44.406734: 102065_00001, shape torch.Size([1, 85, 227, 361]), rank 0
2026-10-05 01:32:47.403854: predicting 102091_00001
2026-10-05 01:32:47.411320: 102091_00001, shape torch.Size([1, 72, 219, 425]), rank 0
2026-10-05 01:32:49.404344: predicting 102093_00001
2026-10-05 01:32:49.412906: 102093_00001, shape torch.Size([1, 72, 230, 348]), rank 0
2026-10-05 01:32:51.411224: predicting 102094_00001
2026-10-05 01:32:51.419282: 102094_00001, shape torch.Size([1, 70, 263, 403]), rank 0
2026-10-05 01:32:54.088733: predicting 102101_00001
2026-10-05 01:32:54.097294: 102101_00001, shape torch.Size([1, 83, 246, 416]), rank 0
2026-10-05 01:32:57.104354: predicting 102109_00001
2026-10-05 01:32:57.113561: 102109_00001, shape torch.Size([1, 71, 215, 409]), rank 0
2026-10-05 01:32:59.102654: predicting 102111_00001
2026-10-05 01:32:59.110323: 102111_00001, shape torch.Size([1, 76, 195, 406]), rank 0
2026-10-05 01:33:02.109326: predicting 102115_00001
2026-10-05 01:33:02.117641: 102115_00001, shape torch.Size([1, 74, 231, 414]), rank 0
2026-10-05 01:33:05.115169: predicting 102135_00001
2026-10-05 01:33:05.123573: 102135_00001, shape torch.Size([1, 78, 222, 439]), rank 0
2026-10-05 01:33:09.595517: predicting 102137_00001
2026-10-05 01:33:09.603258: 102137_00001, shape torch.Size([1, 72, 230, 429]), rank 0
2026-10-05 01:33:11.615139: predicting 102138_00001
2026-10-05 01:33:11.620908: 102138_00001, shape torch.Size([1, 67, 201, 376]), rank 0
2026-10-05 01:33:13.613259: predicting 102140_00001
2026-10-05 01:33:13.618466: 102140_00001, shape torch.Size([1, 67, 196, 394]), rank 0
2026-10-05 01:33:15.612630: predicting 102149_00001
2026-10-05 01:33:15.622231: 102149_00001, shape torch.Size([1, 69, 224, 420]), rank 0
2026-10-05 01:33:17.632847: predicting 102156_00001
2026-10-05 01:33:17.642871: 102156_00001, shape torch.Size([1, 86, 255, 419]), rank 0
2026-10-05 01:33:20.634869: predicting 102164_00001
2026-10-05 01:33:20.645676: 102164_00001, shape torch.Size([1, 83, 222, 404]), rank 0
2026-10-05 01:33:23.642959: predicting 102165_00001
2026-10-05 01:33:23.657537: 102165_00001, shape torch.Size([1, 92, 231, 436]), rank 0
2026-10-05 01:33:28.192001: predicting 102166_00001
2026-10-05 01:33:28.204264: 102166_00001, shape torch.Size([1, 81, 224, 418]), rank 0
2026-10-05 01:33:31.177705: predicting 102175_00001
2026-10-05 01:33:31.194364: 102175_00001, shape torch.Size([1, 77, 260, 416]), rank 0
2026-10-05 01:33:35.159147: predicting 102179_00001
2026-10-05 01:33:35.170686: 102179_00001, shape torch.Size([1, 75, 282, 377]), rank 0
2026-10-05 01:33:39.151762: predicting 102188_00001
2026-10-05 01:33:39.160811: 102188_00001, shape torch.Size([1, 72, 226, 368]), rank 0
2026-10-05 01:33:41.158235: predicting 102190_00001
2026-10-05 01:33:41.164886: 102190_00001, shape torch.Size([1, 66, 226, 413]), rank 0
2026-10-05 01:33:43.174550: predicting 102191_00001
2026-10-05 01:33:43.184450: 102191_00001, shape torch.Size([1, 66, 248, 416]), rank 0
2026-10-05 01:33:45.178039: predicting 102203_00001
2026-10-05 01:33:45.184779: 102203_00001, shape torch.Size([1, 64, 212, 415]), rank 0
2026-10-05 01:33:47.178432: predicting 102206_00001
2026-10-05 01:33:47.185025: 102206_00001, shape torch.Size([1, 62, 220, 421]), rank 0
2026-10-05 01:33:49.184067: predicting 102209_00001
2026-10-05 01:33:49.195226: 102209_00001, shape torch.Size([1, 80, 216, 420]), rank 0
2026-10-05 01:33:52.213343: predicting 102212_00001
2026-10-05 01:33:52.225882: 102212_00001, shape torch.Size([1, 77, 264, 429]), rank 0
2026-10-05 01:34:18.290245: Validation complete
2026-10-05 01:34:18.290498: Mean Validation Dice:  0.36297712749392985
=== fold 2 retry DONE Mon Oct  5 01:34:20 UTC 2026 ===
=== TIGHT LOMO: per-held-out-scanner detection AUROC (OOD) ===
  Siemens  n=938 pos=170 base=0.181  p_max=0.791  p_sum=0.732  cc_psz=0.811 [0.77,0.85]  (134s)
  Toshiba  n=651 pos=134 base=0.206  p_max=0.713  p_sum=0.738  cc_psz=0.773 [0.73,0.82]  (98s)
  Philips  n=319 pos=241 base=0.755  p_max=0.730  p_sum=0.662  cc_psz=0.706 [0.63,0.78]  (49s)
LOMO_BATTERY_DONE
FOLD2_RETRY_COMPLETE Mon Oct  5 01:54:03 UTC 2026
pod qhl6930si3mit6 stopped (200) Mon Oct  5 01:54:03 UTC 2026
